0.925048828125
True
Result = 0.560835537258925
CVXPY returns optimal
bitstring_to_target_state
{0: 0, 1: 1, 2: 2, 3: 3, 4: 3, 5: 3, 6: 3, 7: 3, 8: 3, 9: 3, 10: 3, 11: 3, 12: 3, 13: 3, 14: 3, 15: 3, 16: 3, 17: 3, 18: 3, 19: 3, 20: 3, 21: 3, 22: 3, 23: 3, 24: 3, 25: 3, 26: 3, 27: 3, 28: 3, 29: 3, 30: 3, 31: 3, 32: 3, 33: 3, 34: 3, 35: 3, 36: 3, 37: 3, 38: 3, 39: 3, 40: 3, 41: 3, 42: 3, 43: 3, 44: 3, 45: 3, 46: 3, 47: 3, 48: 3, 49: 3, 50: 3, 51: 3, 52: 3, 53: 3, 54: 3, 55: 3, 56: 3, 57: 3, 58: 3, 59: 3, 60: 3, 61: 3, 62: 3, 63: 3, 64: 3, 65: 3}
strings_used
66
Probabilities for each state:
[np.float64(0.18694517908708352), np.float64(3.4666924642301056e-05), np.float64(3.466692464229786e-05), np.float64(5.208333334294161e-05), np.float64(5.208333334135471e-05), np.float64(5.2083333336066766e-05), np.float64(5.208333333316132e-05), np.float64(5.208333333314777e-05), np.float64(5.208333333314559e-05), np.float64(5.208333333314337e-05), np.float64(5.2083333333141724e-05), np.float64(5.208333333314102e-05), np.float64(5.208333333313898e-05), np.float64(5.208333333313863e-05), np.float64(5.2083333333137875e-05), np.float64(5.208333333313676e-05), np.float64(5.208333333313597e-05), np.float64(5.208333333313467e-05), np.float64(5.2083333333134284e-05), np.float64(5.208333333313326e-05), np.float64(5.208333333313178e-05), np.float64(5.20833333331309e-05), np.float64(5.208333333312993e-05), np.float64(5.208333333312851e-05), np.float64(5.208333333312814e-05), np.float64(5.208333333312706e-05), np.float64(5.208333333312537e-05), np.float64(5.208333333312492e-05), np.float64(5.208333333312393e-05), np.float64(5.208333333312329e-05), np.float64(5.208333333312206e-05), np.float64(5.2083333333120874e-05), np.float64(5.2083333333120365e-05), np.float64(5.208333333311836e-05), np.float64(5.2083333333118e-05), np.float64(5.208333333311672e-05), np.float64(5.20833333331155e-05), np.float64(5.2083333333115216e-05), np.float64(5.2083333333114125e-05), np.float64(5.208333333311359e-05), np.float64(5.208333333311249e-05), np.float64(5.208333333311177e-05), np.float64(5.208333333311063e-05), np.float64(5.208333333310913e-05), np.float64(5.2083333333108405e-05), np.float64(5.208333333310752e-05), np.float64(5.208333333310639e-05), np.float64(5.20833333331061e-05), np.float64(5.208333333310475e-05), np.float64(5.208333333310358e-05), np.float64(5.2083333333102334e-05), np.float64(5.208333333310155e-05), np.float64(5.208333333310095e-05), np.float64(5.208333333309932e-05), np.float64(5.20833333330983e-05), np.float64(5.208333333309695e-05), np.float64(5.208333333309572e-05), np.float64(5.208333333309388e-05), np.float64(5.2083333333093443e-05), np.float64(5.2083333333091255e-05), np.float64(5.208333333308883e-05), np.float64(5.2083333333087284e-05), np.float64(5.2083333333086416e-05), np.float64(5.2083333333082906e-05), np.float64(0.07923033275957084), np.float64(0.06391140431541384)]
[np.float64(3.466692464231674e-05), np.float64(0.18694517908704647), np.float64(3.4666924642319596e-05), np.float64(5.20833333429408e-05), np.float64(5.208333334135534e-05), np.float64(5.208333333606654e-05), np.float64(5.2083333333161314e-05), np.float64(5.208333333314777e-05), np.float64(5.208333333314559e-05), np.float64(5.208333333314337e-05), np.float64(5.2083333333141724e-05), np.float64(5.208333333314103e-05), np.float64(5.208333333313898e-05), np.float64(5.208333333313863e-05), np.float64(5.2083333333137875e-05), np.float64(5.208333333313676e-05), np.float64(5.208333333313598e-05), np.float64(5.208333333313468e-05), np.float64(5.2083333333134284e-05), np.float64(5.2083333333133254e-05), np.float64(5.208333333313178e-05), np.float64(5.20833333331309e-05), np.float64(5.208333333312992e-05), np.float64(5.208333333312851e-05), np.float64(5.2083333333128145e-05), np.float64(5.2083333333127054e-05), np.float64(5.208333333312537e-05), np.float64(5.208333333312493e-05), np.float64(5.208333333312393e-05), np.float64(5.208333333312329e-05), np.float64(5.208333333312206e-05), np.float64(5.208333333312088e-05), np.float64(5.208333333312038e-05), np.float64(5.208333333311837e-05), np.float64(5.2083333333118e-05), np.float64(5.208333333311672e-05), np.float64(5.20833333331155e-05), np.float64(5.2083333333115216e-05), np.float64(5.2083333333114125e-05), np.float64(5.208333333311359e-05), np.float64(5.208333333311249e-05), np.float64(5.208333333311177e-05), np.float64(5.208333333311063e-05), np.float64(5.208333333310913e-05), np.float64(5.2083333333108405e-05), np.float64(5.208333333310752e-05), np.float64(5.208333333310638e-05), np.float64(5.20833333331061e-05), np.float64(5.208333333310475e-05), np.float64(5.208333333310358e-05), np.float64(5.2083333333102334e-05), np.float64(5.208333333310154e-05), np.float64(5.208333333310095e-05), np.float64(5.208333333309932e-05), np.float64(5.2083333333098316e-05), np.float64(5.208333333309695e-05), np.float64(5.208333333309572e-05), np.float64(5.208333333309388e-05), np.float64(5.2083333333093443e-05), np.float64(5.208333333309127e-05), np.float64(5.208333333308883e-05), np.float64(5.2083333333087284e-05), np.float64(5.2083333333086416e-05), np.float64(5.2083333333082906e-05), np.float64(0.07923033275976733), np.float64(0.06391140431527256)]
[np.float64(3.46669246423128e-05), np.float64(3.466692464232222e-05), np.float64(0.1869451790870007), np.float64(5.208333334293789e-05), np.float64(5.2083333341355796e-05), np.float64(5.208333333606655e-05), np.float64(5.2083333333161294e-05), np.float64(5.208333333314776e-05), np.float64(5.208333333314557e-05), np.float64(5.208333333314338e-05), np.float64(5.2083333333141724e-05), np.float64(5.208333333314102e-05), np.float64(5.208333333313898e-05), np.float64(5.208333333313863e-05), np.float64(5.2083333333137875e-05), np.float64(5.208333333313676e-05), np.float64(5.208333333313598e-05), np.float64(5.208333333313468e-05), np.float64(5.2083333333134284e-05), np.float64(5.2083333333133254e-05), np.float64(5.208333333313178e-05), np.float64(5.20833333331309e-05), np.float64(5.208333333312992e-05), np.float64(5.208333333312851e-05), np.float64(5.2083333333128145e-05), np.float64(5.208333333312706e-05), np.float64(5.208333333312537e-05), np.float64(5.208333333312493e-05), np.float64(5.208333333312393e-05), np.float64(5.2083333333123286e-05), np.float64(5.208333333312206e-05), np.float64(5.2083333333120874e-05), np.float64(5.208333333312038e-05), np.float64(5.208333333311836e-05), np.float64(5.2083333333118e-05), np.float64(5.208333333311672e-05), np.float64(5.20833333331155e-05), np.float64(5.2083333333115216e-05), np.float64(5.2083333333114125e-05), np.float64(5.208333333311359e-05), np.float64(5.208333333311249e-05), np.float64(5.208333333311177e-05), np.float64(5.208333333311062e-05), np.float64(5.208333333310913e-05), np.float64(5.2083333333108405e-05), np.float64(5.208333333310752e-05), np.float64(5.208333333310638e-05), np.float64(5.20833333331061e-05), np.float64(5.208333333310477e-05), np.float64(5.208333333310359e-05), np.float64(5.2083333333102334e-05), np.float64(5.208333333310155e-05), np.float64(5.208333333310096e-05), np.float64(5.208333333309932e-05), np.float64(5.2083333333098316e-05), np.float64(5.208333333309695e-05), np.float64(5.208333333309572e-05), np.float64(5.208333333309388e-05), np.float64(5.2083333333093443e-05), np.float64(5.208333333309127e-05), np.float64(5.2083333333088815e-05), np.float64(5.2083333333087284e-05), np.float64(5.2083333333086416e-05), np.float64(5.208333333308292e-05), np.float64(0.07923033275999555), np.float64(0.06391140431509308)]
Total probability = 1.0000
Success probability = 0.5608
Inconclusive probability = 0.4390

[0.00037074042440743415, 0.00037074042431040066, 0.00037074042429252607]
[0.43916446274098053, 0.43916446274109067, 0.43916446274122833]
Params:
[0.00037074042440743415, 0.00037074042431040066, 0.00037074042429252607, 0.43916446274098053, 0.43916446274109067, 0.43916446274122833]
===============================================================================
                                     CVXPY                                     
                                     v1.6.0                                    
===============================================================================
(CVXPY) May 15 01:42:09 PM: Your problem has 16384 variables, 20486 constraints, and 0 parameters.
(CVXPY) May 15 01:42:09 PM: It is compliant with the following grammars: DCP, DQCP
(CVXPY) May 15 01:42:09 PM: (If you need to solve this problem multiple times, but with different data, consider using parameters.)
(CVXPY) May 15 01:42:09 PM: CVXPY will first compile your problem; then, it will invoke a numerical solver to obtain a solution.
(CVXPY) May 15 01:42:09 PM: Your problem is compiled with the CPP canonicalization backend.
-------------------------------------------------------------------------------
                                  Compilation                                  
-------------------------------------------------------------------------------
(CVXPY) May 15 01:42:09 PM: Compiling problem (target solver=SCS).
(CVXPY) May 15 01:42:09 PM: Reduction chain: Complex2Real -> FlipObjective -> Dcp2Cone -> CvxAttr2Constr -> ConeMatrixStuffing -> SCS
(CVXPY) May 15 01:42:09 PM: Applying reduction Complex2Real
(CVXPY) May 15 01:42:09 PM: Applying reduction FlipObjective
(CVXPY) May 15 01:42:09 PM: Applying reduction Dcp2Cone
(CVXPY) May 15 01:42:09 PM: Applying reduction CvxAttr2Constr
(CVXPY) May 15 01:42:09 PM: Applying reduction ConeMatrixStuffing
(CVXPY) May 15 01:42:10 PM: Applying reduction SCS
(CVXPY) May 15 01:42:10 PM: Finished problem compilation (took 1.018e+00 seconds).
-------------------------------------------------------------------------------
                                Numerical solver                               
-------------------------------------------------------------------------------
(CVXPY) May 15 01:42:10 PM: Invoking solver SCS  to obtain a solution.
------------------------------------------------------------------
	       SCS v3.2.7 - Splitting Conic Solver
	(c) Brendan O'Donoghue, Stanford University, 2012
------------------------------------------------------------------
problem:  variables n: 16384, constraints m: 41222
cones: 	  z: primal zero / dual free vars: 8192
	  l: linear vars: 6
	  s: psd vars: 33024, ssize: 4
settings: eps_abs: 1.0e-07, eps_rel: 1.0e-07, eps_infeas: 1.0e-07
	  alpha: 1.50, scale: 1.00e-01, adaptive_scale: 1
	  max_iters: 100000, normalize: 1, rho_x: 1.00e-06
	  acceleration_lookback: 10, acceleration_interval: 10
lin-sys:  sparse-direct-amd-qdldl
	  nnz(A): 108370, nnz(P): 0
------------------------------------------------------------------
 iter | pri res | dua res |   gap   |   obj   |  scale  | time (s)
------------------------------------------------------------------
     0| 1.11e+00  2.12e-01  6.93e+00  5.00e-01  1.00e-01  6.73e-02 
   250| 1.25e-02  3.77e-04  1.32e-02 -6.51e-01  1.00e-01  3.42e+00 
   500| 1.93e-03  3.84e-04  1.12e-03 -5.67e-01  1.00e-01  6.29e+00 
   750| 3.26e-04  3.95e-05  1.89e-04 -5.61e-01  1.00e-01  8.78e+00 
  1000| 1.03e-05  3.82e-07  1.34e-05 -5.61e-01  1.00e-01  1.12e+01 
  1250| 5.99e-07  2.21e-08  7.64e-07 -5.61e-01  1.00e-01  1.37e+01 
  1500| 5.68e-07  2.00e-08  7.30e-07 -5.61e-01  1.00e-01  1.60e+01 
  1750| 5.70e-07  1.85e-08  6.75e-07 -5.61e-01  1.00e-01  1.83e+01 
  2000| 5.77e-07  1.77e-08  5.69e-07 -5.61e-01  1.00e-01  2.06e+01 
  2250| 5.81e-07  1.64e-08  5.22e-07 -5.61e-01  1.00e-01  2.29e+01 
  2500| 5.86e-07  1.48e-08  5.19e-07 -5.61e-01  1.00e-01  2.52e+01 
  2750| 5.99e-07  1.34e-08  4.82e-07 -5.61e-01  1.00e-01  2.74e+01 
  3000| 5.88e-07  1.27e-08  4.26e-07 -5.61e-01  1.00e-01  2.98e+01 
  3250| 1.47e-06  8.50e-08  2.48e-06 -5.61e-01  1.00e-01  3.22e+01 
  3500| 6.01e-07  1.07e-08  3.70e-07 -5.61e-01  1.00e-01  3.45e+01 
  3750| 6.08e-07  9.54e-09  3.71e-07 -5.61e-01  1.00e-01  3.68e+01 
  4000| 6.08e-07  8.84e-09  3.31e-07 -5.61e-01  1.00e-01  3.90e+01 
  4250| 6.11e-07  8.27e-09  3.03e-07 -5.61e-01  1.00e-01  4.13e+01 
  4500| 6.14e-07  7.42e-09  2.93e-07 -5.61e-01  1.00e-01  4.36e+01 
  4750| 6.13e-07  6.97e-09  2.48e-07 -5.61e-01  1.00e-01  4.59e+01 
  5000| 6.16e-07  6.57e-09  2.36e-07 -5.61e-01  1.00e-01  4.82e+01 
  5250| 6.25e-07  5.88e-09  2.37e-07 -5.61e-01  1.00e-01  5.05e+01 
  5500| 6.21e-07  5.53e-09  1.90e-07 -5.61e-01  1.00e-01  5.27e+01 
  5750| 6.20e-07  5.37e-09  1.60e-07 -5.61e-01  1.00e-01  5.50e+01 
  6000| 6.40e-07  1.17e-08  3.39e-08 -5.61e-01  1.19e+00  5.74e+01 
  6250| 6.40e-07  1.72e-08  9.95e-09 -5.61e-01  4.33e+00  6.03e+01 
  6500| 6.40e-07  1.72e-08  1.01e-08 -5.61e-01  4.33e+00  6.32e+01 
  6750| 6.40e-07  1.71e-08  1.11e-08 -5.61e-01  4.33e+00  6.60e+01 
  7000| 6.40e-07  1.70e-08  1.05e-08 -5.61e-01  4.33e+00  6.88e+01 
  7250| 6.40e-07  1.70e-08  8.78e-09 -5.61e-01  4.33e+00  7.16e+01 
  7500| 6.32e-06  3.90e-05  2.44e-05 -5.61e-01  4.33e+00  7.44e+01 
  7750| 6.39e-07  1.68e-08  9.17e-09 -5.61e-01  4.33e+00  7.74e+01 
  8000| 6.39e-07  1.68e-08  7.42e-09 -5.61e-01  4.33e+00  8.05e+01 
  8250| 6.39e-07  1.67e-08  8.57e-09 -5.61e-01  4.33e+00  8.34e+01 
  8500| 6.39e-07  1.66e-08  1.00e-08 -5.61e-01  4.33e+00  8.62e+01 
  8750| 6.39e-07  1.65e-08  8.02e-09 -5.61e-01  4.33e+00  8.92e+01 
  9000| 6.38e-07  1.65e-08  8.73e-09 -5.61e-01  4.33e+00  9.27e+01 
  9250| 6.38e-07  1.64e-08  8.41e-09 -5.61e-01  4.33e+00  9.59e+01 
  9500| 6.38e-07  1.64e-08  7.76e-09 -5.61e-01  4.33e+00  9.92e+01 
  9750| 6.38e-07  1.63e-08  9.35e-09 -5.61e-01  4.33e+00  1.03e+02 
 10000| 6.38e-07  1.62e-08  8.67e-09 -5.61e-01  4.33e+00  1.07e+02 
 10250| 5.62e-06  3.79e-05  7.53e-06 -5.61e-01  4.33e+00  1.10e+02 
 10500| 6.37e-07  1.61e-08  8.66e-09 -5.61e-01  4.33e+00  1.13e+02 
 10750| 6.37e-07  1.60e-08  8.48e-09 -5.61e-01  4.33e+00  1.16e+02 
 11000| 6.37e-07  1.60e-08  6.09e-09 -5.61e-01  4.33e+00  1.19e+02 
 11250| 6.37e-07  1.59e-08  6.34e-09 -5.61e-01  4.33e+00  1.22e+02 
 11500| 6.37e-07  1.59e-08  6.22e-09 -5.61e-01  4.33e+00  1.25e+02 
 11750| 6.37e-07  1.58e-08  6.94e-09 -5.61e-01  4.33e+00  1.28e+02 
 12000| 6.36e-07  1.57e-08  7.03e-09 -5.61e-01  4.33e+00  1.31e+02 
 12250| 6.36e-07  1.56e-08  8.38e-09 -5.61e-01  4.33e+00  1.34e+02 
 12500| 6.36e-07  1.56e-08  7.64e-09 -5.61e-01  4.33e+00  1.37e+02 
 12750| 6.36e-07  1.55e-08  7.85e-09 -5.61e-01  4.33e+00  1.40e+02 
 13000| 6.43e-06  3.86e-05  2.63e-05 -5.61e-01  4.33e+00  1.44e+02 
 13250| 6.36e-07  1.53e-08  8.39e-09 -5.61e-01  4.33e+00  1.47e+02 
 13500| 6.35e-07  1.53e-08  7.26e-09 -5.61e-01  4.33e+00  1.50e+02 
 13750| 6.35e-07  1.52e-08  6.36e-09 -5.61e-01  4.33e+00  1.54e+02 
 14000| 6.35e-07  1.52e-08  7.10e-09 -5.61e-01  4.33e+00  1.57e+02 
 14250| 6.35e-07  1.51e-08  6.77e-09 -5.61e-01  4.33e+00  1.60e+02 
 14500| 6.35e-07  1.51e-08  7.00e-09 -5.61e-01  4.33e+00  1.63e+02 
 14750| 6.35e-07  1.50e-08  6.30e-09 -5.61e-01  4.33e+00  1.67e+02 
 15000| 6.34e-07  1.50e-08  6.95e-09 -5.61e-01  4.33e+00  1.70e+02 
 15250| 6.34e-07  1.49e-08  5.80e-09 -5.61e-01  4.33e+00  1.73e+02 
 15500| 6.34e-07  1.48e-08  6.61e-09 -5.61e-01  4.33e+00  1.76e+02 
 15750| 5.79e-06  3.77e-05  1.04e-05 -5.61e-01  4.33e+00  1.80e+02 
 16000| 6.34e-07  1.47e-08  6.61e-09 -5.61e-01  4.33e+00  1.83e+02 
 16250| 6.34e-07  1.46e-08  6.93e-09 -5.61e-01  4.33e+00  1.86e+02 
 16500| 6.33e-07  1.46e-08  6.94e-09 -5.61e-01  4.33e+00  1.89e+02 
 16750| 6.33e-07  1.45e-08  6.12e-09 -5.61e-01  4.33e+00  1.92e+02 
 17000| 6.33e-07  1.45e-08  6.00e-09 -5.61e-01  4.33e+00  1.95e+02 
 17250| 6.33e-07  1.44e-08  5.56e-09 -5.61e-01  4.33e+00  1.98e+02 
 17500| 6.33e-07  1.43e-08  8.35e-09 -5.61e-01  4.33e+00  2.01e+02 
 17750| 6.33e-07  1.43e-08  6.24e-09 -5.61e-01  4.33e+00  2.03e+02 
 18000| 6.32e-07  1.43e-08  5.87e-09 -5.61e-01  4.33e+00  2.06e+02 
 18250| 6.32e-07  1.42e-08  5.00e-09 -5.61e-01  4.33e+00  2.09e+02 
 18500| 6.17e-06  3.81e-05  8.60e-06 -5.61e-01  4.33e+00  2.12e+02 
 18750| 6.32e-07  1.41e-08  6.05e-09 -5.61e-01  4.33e+00  2.15e+02 
 19000| 6.32e-07  1.41e-08  3.89e-09 -5.61e-01  4.33e+00  2.18e+02 
 19250| 6.32e-07  1.40e-08  4.97e-09 -5.61e-01  4.33e+00  2.21e+02 
 19500| 6.31e-07  1.39e-08  5.79e-09 -5.61e-01  4.33e+00  2.24e+02 
 19750| 6.31e-07  1.39e-08  4.67e-09 -5.61e-01  4.33e+00  2.27e+02 
 20000| 6.31e-07  1.38e-08  6.94e-09 -5.61e-01  4.33e+00  2.29e+02 
 20250| 6.31e-07  1.38e-08  5.72e-09 -5.61e-01  4.33e+00  2.32e+02 
 20500| 6.31e-07  1.37e-08  6.14e-09 -5.61e-01  4.33e+00  2.35e+02 
 20750| 6.31e-07  1.36e-08  6.79e-09 -5.61e-01  4.33e+00  2.38e+02 
 21000| 6.30e-07  1.36e-08  5.64e-09 -5.61e-01  4.33e+00  2.41e+02 
 21250| 6.43e-06  3.79e-05  2.46e-05 -5.61e-01  4.33e+00  2.44e+02 
 21500| 6.30e-07  1.35e-08  3.01e-09 -5.61e-01  4.33e+00  2.47e+02 
 21750| 6.30e-07  1.34e-08  6.20e-09 -5.61e-01  4.33e+00  2.51e+02 
 22000| 6.30e-07  1.34e-08  4.89e-09 -5.61e-01  4.33e+00  2.54e+02 
 22250| 6.30e-07  1.33e-08  5.92e-09 -5.61e-01  4.33e+00  2.57e+02 
 22500| 6.29e-07  1.33e-08  6.10e-09 -5.61e-01  4.33e+00  2.60e+02 
 22750| 6.29e-07  1.32e-08  4.75e-09 -5.61e-01  4.33e+00  2.63e+02 
 23000| 6.29e-07  1.32e-08  5.39e-09 -5.61e-01  4.33e+00  2.66e+02 
 23250| 6.29e-07  1.31e-08  5.14e-09 -5.61e-01  4.33e+00  2.69e+02 
 23500| 6.29e-07  1.31e-08  3.53e-09 -5.61e-01  4.33e+00  2.72e+02 
 23750| 6.29e-07  1.30e-08  4.76e-09 -5.61e-01  4.33e+00  2.74e+02 
 24000| 5.89e-06  3.82e-05  7.18e-06 -5.61e-01  4.33e+00  2.78e+02 
 24250| 6.28e-07  1.30e-08  2.65e-09 -5.61e-01  4.33e+00  2.81e+02 
 24500| 6.28e-07  1.29e-08  4.61e-09 -5.61e-01  4.33e+00  2.84e+02 
 24750| 6.28e-07  1.28e-08  3.35e-09 -5.61e-01  4.33e+00  2.87e+02 
 25000| 6.28e-07  1.28e-08  3.49e-09 -5.61e-01  4.33e+00  2.90e+02 
 25250| 6.28e-07  1.27e-08  4.15e-09 -5.61e-01  4.33e+00  2.93e+02 
 25500| 6.27e-07  1.27e-08  4.38e-09 -5.61e-01  4.33e+00  2.97e+02 
 25750| 6.27e-07  1.26e-08  4.22e-09 -5.61e-01  4.33e+00  3.02e+02 
 26000| 6.27e-07  1.26e-08  4.68e-09 -5.61e-01  4.33e+00  3.05e+02 
 26250| 6.27e-07  1.26e-08  2.36e-09 -5.61e-01  4.33e+00  3.09e+02 
 26500| 6.27e-07  1.25e-08  2.74e-09 -5.61e-01  4.33e+00  3.12e+02 
 26750| 6.22e-06  3.77e-05  1.37e-05 -5.61e-01  4.33e+00  3.16e+02 
 27000| 6.27e-07  1.24e-08  2.51e-09 -5.61e-01  4.33e+00  3.19e+02 
 27250| 6.26e-07  1.24e-08  2.99e-09 -5.61e-01  4.33e+00  3.22e+02 
 27500| 6.26e-07  1.23e-08  3.55e-09 -5.61e-01  4.33e+00  3.25e+02 
 27750| 6.26e-07  1.23e-08  2.55e-09 -5.61e-01  4.33e+00  3.28e+02 
 28000| 6.26e-07  1.22e-08  3.80e-09 -5.61e-01  4.33e+00  3.31e+02 
 28250| 6.26e-07  1.22e-08  2.35e-09 -5.61e-01  4.33e+00  3.34e+02 
 28500| 6.26e-07  1.21e-08  2.55e-09 -5.61e-01  4.33e+00  3.37e+02 
 28750| 6.25e-07  1.21e-08  3.32e-09 -5.61e-01  4.33e+00  3.40e+02 
 29000| 6.25e-07  1.20e-08  3.66e-09 -5.61e-01  4.33e+00  3.43e+02 
 29250| 6.25e-07  1.20e-08  1.14e-09 -5.61e-01  4.33e+00  3.46e+02 
 29500| 6.00e-06  3.74e-05  1.35e-05 -5.61e-01  4.33e+00  3.50e+02 
 29750| 6.25e-07  1.19e-08  3.98e-09 -5.61e-01  4.33e+00  3.53e+02 
 30000| 6.25e-07  1.18e-08  2.55e-09 -5.61e-01  4.33e+00  3.56e+02 
 30250| 6.24e-07  1.18e-08  1.88e-09 -5.61e-01  4.33e+00  3.60e+02 
 30500| 6.24e-07  1.17e-08  4.06e-09 -5.61e-01  4.33e+00  3.63e+02 
 30750| 6.24e-07  1.17e-08  4.54e-09 -5.61e-01  4.33e+00  3.66e+02 
 31000| 6.24e-07  1.16e-08  4.38e-09 -5.61e-01  4.33e+00  3.70e+02 
 31250| 6.24e-07  1.16e-08  2.51e-09 -5.61e-01  4.33e+00  3.72e+02 
 31500| 6.24e-07  1.16e-08  2.28e-09 -5.61e-01  4.33e+00  3.75e+02 
 31750| 6.23e-07  1.16e-08  2.43e-09 -5.61e-01  4.33e+00  3.79e+02 
 32000| 6.23e-07  1.15e-08  1.98e-09 -5.61e-01  4.33e+00  3.82e+02 
 32250| 6.10e-06  3.66e-05  2.61e-05 -5.61e-01  4.33e+00  3.84e+02 
 32500| 6.23e-07  1.14e-08  2.18e-09 -5.61e-01  4.33e+00  3.87e+02 
 32750| 6.23e-07  1.14e-08  3.19e-09 -5.61e-01  4.33e+00  3.90e+02 
 33000| 6.23e-07  1.13e-08  3.19e-09 -5.61e-01  4.33e+00  3.93e+02 
 33250| 6.22e-07  1.13e-08  2.74e-09 -5.61e-01  4.33e+00  3.96e+02 
 33500| 6.22e-07  1.12e-08  3.60e-09 -5.61e-01  4.33e+00  3.99e+02 
 33750| 6.22e-07  1.12e-08  7.88e-10 -5.61e-01  4.33e+00  4.02e+02 
 34000| 6.22e-07  1.12e-08  1.28e-09 -5.61e-01  4.33e+00  4.04e+02 
 34250| 6.22e-07  1.12e-08  2.57e-09 -5.61e-01  4.33e+00  4.07e+02 
 34500| 6.22e-07  1.12e-08  1.13e-09 -5.61e-01  4.33e+00  4.11e+02 
 34750| 6.21e-07  1.12e-08  2.14e-09 -5.61e-01  4.33e+00  4.13e+02 
 35000| 5.86e-06  3.68e-05  8.70e-06 -5.61e-01  4.33e+00  4.16e+02 
 35250| 6.21e-07  1.12e-08  1.14e-09 -5.61e-01  4.33e+00  4.19e+02 
 35500| 6.21e-07  1.11e-08  3.66e-10 -5.61e-01  4.33e+00  4.22e+02 
 35750| 6.21e-07  1.11e-08  1.92e-09 -5.61e-01  4.33e+00  4.25e+02 
 36000| 6.21e-07  1.11e-08  1.54e-09 -5.61e-01  4.33e+00  4.28e+02 
 36250| 6.20e-07  1.11e-08  1.28e-09 -5.61e-01  4.33e+00  4.31e+02 
 36500| 6.20e-07  1.11e-08  1.83e-09 -5.61e-01  4.33e+00  4.34e+02 
 36750| 6.20e-07  1.11e-08  1.55e-09 -5.61e-01  4.33e+00  4.38e+02 
 37000| 6.20e-07  1.11e-08  7.53e-10 -5.61e-01  4.33e+00  4.41e+02 
 37250| 6.20e-07  1.11e-08  1.96e-09 -5.61e-01  4.33e+00  4.44e+02 
 37500| 6.20e-07  1.11e-08  2.68e-10 -5.61e-01  4.33e+00  4.47e+02 
 37750| 6.03e-06  3.65e-05  1.09e-05 -5.61e-01  4.33e+00  4.50e+02 
 38000| 6.19e-07  1.11e-08  1.15e-09 -5.61e-01  4.33e+00  4.53e+02 
 38250| 6.19e-07  1.11e-08  5.40e-10 -5.61e-01  4.33e+00  4.55e+02 
 38500| 6.19e-07  1.11e-08  1.18e-09 -5.61e-01  4.33e+00  4.59e+02 
 38750| 6.19e-07  1.11e-08  5.65e-10 -5.61e-01  4.33e+00  4.61e+02 
 39000| 6.19e-07  1.11e-08  4.75e-10 -5.61e-01  4.33e+00  4.65e+02 
 39250| 6.18e-07  1.11e-08  1.94e-09 -5.61e-01  4.33e+00  4.68e+02 
 39500| 6.18e-07  1.11e-08  2.61e-10 -5.61e-01  4.33e+00  4.70e+02 
 39750| 6.18e-07  1.11e-08  6.22e-10 -5.61e-01  4.33e+00  4.73e+02 
 40000| 6.18e-07  1.11e-08  1.04e-09 -5.61e-01  4.33e+00  4.76e+02 
 40250| 6.18e-07  1.11e-08  4.88e-10 -5.61e-01  4.33e+00  4.79e+02 
 40500| 6.07e-06  3.63e-05  8.13e-07 -5.61e-01  4.33e+00  4.82e+02 
 40750| 6.18e-07  1.11e-08  8.89e-10 -5.61e-01  4.33e+00  4.85e+02 
 41000| 6.17e-07  1.11e-08  9.29e-10 -5.61e-01  4.33e+00  4.89e+02 
 41250| 6.17e-07  1.11e-08  1.41e-09 -5.61e-01  4.33e+00  4.92e+02 
 41500| 6.17e-07  1.11e-08  2.47e-10 -5.61e-01  4.33e+00  4.95e+02 
 41750| 6.17e-07  1.11e-08  3.18e-10 -5.61e-01  4.33e+00  4.98e+02 
 42000| 6.17e-07  1.11e-08  5.55e-10 -5.61e-01  4.33e+00  5.00e+02 
 42250| 6.17e-07  1.11e-08  1.21e-09 -5.61e-01  4.33e+00  5.03e+02 
 42500| 6.16e-07  1.11e-08  6.85e-10 -5.61e-01  4.33e+00  5.06e+02 
 42750| 6.16e-07  1.11e-08  2.73e-10 -5.61e-01  4.33e+00  5.09e+02 
 43000| 6.16e-07  1.11e-08  1.45e-09 -5.61e-01  4.33e+00  5.12e+02 
 43250| 6.54e-06  3.55e-05  2.08e-05 -5.61e-01  4.33e+00  5.15e+02 
 43500| 6.16e-07  1.11e-08  1.09e-09 -5.61e-01  4.33e+00  5.18e+02 
 43750| 6.16e-07  1.11e-08  9.98e-10 -5.61e-01  4.33e+00  5.21e+02 
 44000| 6.15e-07  1.10e-08  2.50e-09 -5.61e-01  4.33e+00  5.24e+02 
 44250| 6.15e-07  1.10e-08  8.07e-10 -5.61e-01  4.33e+00  5.27e+02 
 44500| 6.15e-07  1.10e-08  3.14e-10 -5.61e-01  4.33e+00  5.30e+02 
 44750| 6.15e-07  1.10e-08  1.64e-09 -5.61e-01  4.33e+00  5.33e+02 
 45000| 6.15e-07  1.10e-08  2.71e-10 -5.61e-01  4.33e+00  5.37e+02 
 45250| 6.15e-07  1.10e-08  1.39e-10 -5.61e-01  4.33e+00  5.40e+02 
 45500| 6.14e-07  1.10e-08  5.80e-11 -5.61e-01  4.33e+00  5.44e+02 
 45750| 6.14e-07  1.10e-08  1.01e-09 -5.61e-01  4.33e+00  5.47e+02 
 46000| 5.31e-06  3.68e-05  4.08e-05 -5.61e-01  4.33e+00  5.50e+02 
 46250| 6.14e-07  1.10e-08  8.09e-10 -5.61e-01  4.33e+00  5.54e+02 
 46500| 6.14e-07  1.10e-08  6.69e-11 -5.61e-01  4.33e+00  5.57e+02 
 46750| 6.14e-07  1.10e-08  2.83e-10 -5.61e-01  4.33e+00  5.60e+02 
 47000| 6.13e-07  1.10e-08  4.40e-10 -5.61e-01  4.33e+00  5.63e+02 
 47250| 6.13e-07  1.10e-08  6.09e-11 -5.61e-01  4.33e+00  5.66e+02 
 47500| 6.13e-07  1.10e-08  9.60e-10 -5.61e-01  4.33e+00  5.70e+02 
 47750| 6.13e-07  1.10e-08  6.46e-10 -5.61e-01  4.33e+00  5.74e+02 
 48000| 6.13e-07  1.10e-08  1.50e-09 -5.61e-01  4.33e+00  5.78e+02 
 48250| 6.13e-07  1.10e-08  1.53e-09 -5.61e-01  4.33e+00  5.83e+02 
 48500| 6.12e-07  1.10e-08  3.54e-10 -5.61e-01  4.33e+00  5.88e+02 
 48750| 5.73e-06  3.59e-05  3.32e-06 -5.61e-01  4.33e+00  5.91e+02 
 49000| 6.12e-07  1.10e-08  1.84e-09 -5.61e-01  4.33e+00  5.94e+02 
 49250| 6.12e-07  1.10e-08  2.64e-09 -5.61e-01  4.33e+00  5.97e+02 
 49500| 6.12e-07  1.10e-08  1.46e-09 -5.61e-01  4.33e+00  6.00e+02 
 49750| 6.12e-07  1.10e-08  8.31e-10 -5.61e-01  4.33e+00  6.04e+02 
 50000| 6.12e-07  1.10e-08  1.90e-10 -5.61e-01  4.33e+00  6.08e+02 
 50250| 6.11e-07  1.10e-08  2.15e-09 -5.61e-01  4.33e+00  6.13e+02 
 50500| 6.11e-07  1.10e-08  1.72e-09 -5.61e-01  4.33e+00  6.17e+02 
 50750| 6.11e-07  1.10e-08  1.58e-09 -5.61e-01  4.33e+00  6.20e+02 
 51000| 6.11e-07  1.10e-08  7.05e-10 -5.61e-01  4.33e+00  6.23e+02 
 51250| 6.11e-07  1.10e-08  1.20e-09 -5.61e-01  4.33e+00  6.26e+02 
 51500| 5.87e-06  3.53e-05  1.55e-05 -5.61e-01  4.33e+00  6.29e+02 
 51750| 6.10e-07  1.10e-08  3.50e-10 -5.61e-01  4.33e+00  6.32e+02 
 52000| 6.10e-07  1.10e-08  8.04e-10 -5.61e-01  4.33e+00  6.35e+02 
 52250| 6.10e-07  1.10e-08  1.74e-09 -5.61e-01  4.33e+00  6.38e+02 
 52500| 6.10e-07  1.10e-08  2.18e-09 -5.61e-01  4.33e+00  6.41e+02 
 52750| 6.10e-07  1.09e-08  1.10e-09 -5.61e-01  4.33e+00  6.44e+02 
 53000| 6.10e-07  1.09e-08  1.43e-09 -5.61e-01  4.33e+00  6.47e+02 
 53250| 6.09e-07  1.09e-08  1.28e-09 -5.61e-01  4.33e+00  6.50e+02 
 53500| 6.09e-07  1.09e-08  1.27e-09 -5.61e-01  4.33e+00  6.53e+02 
 53750| 6.09e-07  1.09e-08  7.00e-10 -5.61e-01  4.33e+00  6.56e+02 
 54000| 6.09e-07  1.09e-08  2.47e-09 -5.61e-01  4.33e+00  6.60e+02 
 54250| 5.72e-06  3.49e-05  5.24e-06 -5.61e-01  4.33e+00  6.65e+02 
 54500| 6.09e-07  1.09e-08  2.09e-10 -5.61e-01  4.33e+00  6.70e+02 
 54750| 6.08e-07  1.09e-08  1.80e-09 -5.61e-01  4.33e+00  6.74e+02 
 55000| 6.08e-07  1.09e-08  1.56e-09 -5.61e-01  4.33e+00  6.78e+02 
 55250| 6.08e-07  1.09e-08  2.56e-09 -5.61e-01  4.33e+00  6.81e+02 
 55500| 6.08e-07  1.09e-08  1.23e-09 -5.61e-01  4.33e+00  6.85e+02 
 55750| 6.08e-07  1.09e-08  2.71e-09 -5.61e-01  4.33e+00  6.88e+02 
 56000| 6.08e-07  1.09e-08  6.76e-10 -5.61e-01  4.33e+00  6.94e+02 
 56250| 6.07e-07  1.09e-08  1.52e-09 -5.61e-01  4.33e+00  6.98e+02 
 56500| 6.07e-07  1.09e-08  1.95e-09 -5.61e-01  4.33e+00  7.02e+02 
 56750| 6.07e-07  1.09e-08  2.95e-10 -5.61e-01  4.33e+00  7.05e+02 
 57000| 5.74e-06  3.52e-05  4.74e-06 -5.61e-01  4.33e+00  7.09e+02 
 57250| 6.07e-07  1.09e-08  9.52e-10 -5.61e-01  4.33e+00  7.14e+02 
 57500| 6.07e-07  1.09e-08  2.60e-09 -5.61e-01  4.33e+00  7.17e+02 
 57750| 6.07e-07  1.09e-08  2.41e-09 -5.61e-01  4.33e+00  7.21e+02 
 58000| 6.06e-07  1.09e-08  2.12e-09 -5.61e-01  4.33e+00  7.24e+02 
 58250| 6.06e-07  1.09e-08  2.57e-09 -5.61e-01  4.33e+00  7.29e+02 
 58500| 6.06e-07  1.09e-08  1.60e-09 -5.61e-01  4.33e+00  7.35e+02 
 58750| 6.06e-07  1.09e-08  8.19e-10 -5.61e-01  4.33e+00  7.41e+02 
 59000| 6.06e-07  1.09e-08  1.89e-10 -5.61e-01  4.33e+00  7.46e+02 
 59250| 6.06e-07  1.09e-08  2.44e-09 -5.61e-01  4.33e+00  7.50e+02 
 59500| 6.05e-07  1.09e-08  2.97e-09 -5.61e-01  4.33e+00  7.54e+02 
 59750| 5.44e-06  3.37e-05  4.45e-05 -5.61e-01  4.33e+00  7.58e+02 
 60000| 6.05e-07  1.09e-08  3.48e-09 -5.61e-01  4.33e+00  7.62e+02 
 60250| 6.05e-07  1.09e-08  3.67e-09 -5.61e-01  4.33e+00  7.64e+02 
 60500| 6.05e-07  1.09e-08  1.30e-09 -5.61e-01  4.33e+00  7.67e+02 
 60750| 6.05e-07  1.09e-08  2.81e-09 -5.61e-01  4.33e+00  7.70e+02 
 61000| 6.04e-07  1.08e-08  1.70e-09 -5.61e-01  4.33e+00  7.73e+02 
 61250| 6.04e-07  1.08e-08  1.57e-09 -5.61e-01  4.33e+00  7.76e+02 
 61500| 6.04e-07  1.08e-08  1.83e-09 -5.61e-01  4.33e+00  7.79e+02 
 61750| 6.04e-07  1.08e-08  2.46e-09 -5.61e-01  4.33e+00  7.82e+02 
 62000| 6.04e-07  1.08e-08  2.65e-09 -5.61e-01  4.33e+00  7.85e+02 
 62250| 6.04e-07  1.08e-08  2.13e-09 -5.61e-01  4.33e+00  7.88e+02 
 62500| 5.63e-06  3.46e-05  2.19e-05 -5.61e-01  4.33e+00  7.91e+02 
 62750| 6.03e-07  1.08e-08  2.20e-09 -5.61e-01  4.33e+00  7.94e+02 
 63000| 6.03e-07  1.08e-08  3.45e-09 -5.61e-01  4.33e+00  7.97e+02 
 63250| 6.03e-07  1.08e-08  2.06e-09 -5.61e-01  4.33e+00  8.00e+02 
 63500| 6.03e-07  1.08e-08  2.14e-09 -5.61e-01  4.33e+00  8.03e+02 
 63750| 6.03e-07  1.08e-08  3.76e-09 -5.61e-01  4.33e+00  8.06e+02 
 64000| 6.03e-07  1.08e-08  2.03e-09 -5.61e-01  4.33e+00  8.09e+02 
 64250| 6.02e-07  1.08e-08  2.02e-09 -5.61e-01  4.33e+00  8.13e+02 
 64500| 6.02e-07  1.08e-08  1.18e-09 -5.61e-01  4.33e+00  8.16e+02 
 64750| 6.02e-07  1.08e-08  2.26e-09 -5.61e-01  4.33e+00  8.19e+02 
 65000| 6.02e-07  1.08e-08  3.17e-09 -5.61e-01  4.33e+00  8.22e+02 
 65250| 5.73e-06  3.43e-05  7.13e-06 -5.61e-01  4.33e+00  8.25e+02 
 65500| 6.02e-07  1.08e-08  2.83e-09 -5.61e-01  4.33e+00  8.28e+02 
 65750| 6.01e-07  1.08e-08  3.86e-09 -5.61e-01  4.33e+00  8.31e+02 
 66000| 6.01e-07  1.08e-08  2.66e-09 -5.61e-01  4.33e+00  8.34e+02 
 66250| 6.01e-07  1.08e-08  1.89e-09 -5.61e-01  4.33e+00  8.37e+02 
 66500| 6.01e-07  1.08e-08  2.78e-09 -5.61e-01  4.33e+00  8.40e+02 
 66750| 6.01e-07  1.08e-08  2.84e-09 -5.61e-01  4.33e+00  8.43e+02 
 67000| 6.01e-07  1.08e-08  1.05e-09 -5.61e-01  4.33e+00  8.46e+02 
 67250| 6.00e-07  1.08e-08  2.89e-09 -5.61e-01  4.33e+00  8.49e+02 
 67500| 6.00e-07  1.08e-08  3.43e-09 -5.61e-01  4.33e+00  8.52e+02 
 67750| 6.00e-07  1.08e-08  2.52e-09 -5.61e-01  4.33e+00  8.55e+02 
 68000| 5.64e-06  3.42e-05  1.81e-06 -5.61e-01  4.33e+00  8.58e+02 
 68250| 6.00e-07  1.08e-08  3.65e-09 -5.61e-01  4.33e+00  8.61e+02 
 68500| 6.00e-07  1.08e-08  3.46e-09 -5.61e-01  4.33e+00  8.65e+02 
 68750| 6.00e-07  1.08e-08  3.24e-09 -5.61e-01  4.33e+00  8.68e+02 
 69000| 5.99e-07  1.08e-08  3.66e-09 -5.61e-01  4.33e+00  8.72e+02 
 69250| 5.99e-07  1.08e-08  3.43e-09 -5.61e-01  4.33e+00  8.75e+02 
 69500| 5.99e-07  1.08e-08  2.15e-09 -5.61e-01  4.33e+00  8.79e+02 
 69750| 5.99e-07  1.08e-08  4.84e-09 -5.61e-01  4.33e+00  8.82e+02 
 70000| 5.99e-07  1.07e-08  4.23e-09 -5.61e-01  4.33e+00  8.85e+02 
 70250| 5.99e-07  1.07e-08  3.29e-09 -5.61e-01  4.33e+00  8.88e+02 
 70500| 5.98e-07  1.07e-08  2.48e-09 -5.61e-01  4.33e+00  8.91e+02 
 70750| 5.54e-06  3.41e-05  4.58e-06 -5.61e-01  4.33e+00  8.94e+02 
 71000| 5.98e-07  1.07e-08  2.83e-09 -5.61e-01  4.33e+00  8.97e+02 
 71250| 5.98e-07  1.07e-08  3.10e-09 -5.61e-01  4.33e+00  9.00e+02 
 71500| 5.98e-07  1.07e-08  3.14e-09 -5.61e-01  4.33e+00  9.03e+02 
 71750| 5.98e-07  1.07e-08  5.13e-09 -5.61e-01  4.33e+00  9.06e+02 
 72000| 5.97e-07  1.07e-08  4.23e-09 -5.61e-01  4.33e+00  9.09e+02 
 72250| 5.97e-07  1.07e-08  3.53e-09 -5.61e-01  4.33e+00  9.12e+02 
 72500| 5.97e-07  1.07e-08  4.50e-09 -5.61e-01  4.33e+00  9.15e+02 
 72750| 5.97e-07  1.07e-08  2.54e-09 -5.61e-01  4.33e+00  9.18e+02 
 73000| 5.97e-07  1.07e-08  2.67e-09 -5.61e-01  4.33e+00  9.21e+02 
 73250| 5.97e-07  1.07e-08  4.30e-09 -5.61e-01  4.33e+00  9.24e+02 
 73500| 5.46e-06  3.37e-05  7.82e-06 -5.61e-01  4.33e+00  9.27e+02 
 73750| 5.96e-07  1.07e-08  3.84e-09 -5.61e-01  4.33e+00  9.30e+02 
 74000| 5.96e-07  1.07e-08  2.96e-09 -5.61e-01  4.33e+00  9.33e+02 
 74250| 5.96e-07  1.07e-08  2.50e-09 -5.61e-01  4.33e+00  9.36e+02 
 74500| 5.96e-07  1.07e-08  5.67e-09 -5.61e-01  4.33e+00  9.39e+02 
 74750| 5.96e-07  1.07e-08  4.19e-09 -5.61e-01  4.33e+00  9.42e+02 
 75000| 5.96e-07  1.07e-08  4.38e-09 -5.61e-01  4.33e+00  9.45e+02 
 75250| 5.95e-07  1.07e-08  2.75e-09 -5.61e-01  4.33e+00  9.48e+02 
 75500| 5.95e-07  1.07e-08  4.42e-09 -5.61e-01  4.33e+00  9.51e+02 
 75750| 5.95e-07  1.07e-08  2.19e-09 -5.61e-01  4.33e+00  9.55e+02 
 76000| 5.95e-07  1.07e-08  3.70e-09 -5.61e-01  4.33e+00  9.58e+02 
 76250| 5.58e-06  3.36e-05  3.21e-06 -5.61e-01  4.33e+00  9.61e+02 
 76500| 5.95e-07  1.07e-08  2.48e-09 -5.61e-01  4.33e+00  9.64e+02 
 76750| 5.94e-07  1.07e-08  3.16e-09 -5.61e-01  4.33e+00  9.67e+02 
 77000| 5.94e-07  1.07e-08  3.85e-09 -5.61e-01  4.33e+00  9.71e+02 
 77250| 5.94e-07  1.07e-08  3.80e-09 -5.61e-01  4.33e+00  9.74e+02 
 77500| 5.94e-07  1.07e-08  3.60e-09 -5.61e-01  4.33e+00  9.77e+02 
 77750| 5.94e-07  1.07e-08  3.93e-09 -5.61e-01  4.33e+00  9.80e+02 
 78000| 5.94e-07  1.07e-08  3.61e-09 -5.61e-01  4.33e+00  9.82e+02 
 78250| 5.94e-07  1.07e-08  3.84e-09 -5.61e-01  4.33e+00  9.85e+02 
 78500| 5.93e-07  1.07e-08  2.89e-09 -5.61e-01  4.33e+00  9.88e+02 
 78750| 5.93e-07  1.06e-08  5.01e-09 -5.61e-01  4.33e+00  9.91e+02 
 79000| 5.34e-06  3.35e-05  4.16e-06 -5.61e-01  4.33e+00  9.94e+02 
 79250| 5.93e-07  1.06e-08  3.10e-09 -5.61e-01  4.33e+00  9.97e+02 
 79500| 5.93e-07  1.06e-08  2.70e-09 -5.61e-01  4.33e+00  1.00e+03 
 79750| 5.93e-07  1.06e-08  3.60e-09 -5.61e-01  4.33e+00  1.00e+03 
 80000| 5.92e-07  1.06e-08  5.29e-09 -5.61e-01  4.33e+00  1.01e+03 
 80250| 5.92e-07  1.06e-08  4.32e-09 -5.61e-01  4.33e+00  1.01e+03 
 80500| 5.92e-07  1.06e-08  4.97e-09 -5.61e-01  4.33e+00  1.02e+03 
 80750| 5.92e-07  1.06e-08  4.29e-09 -5.61e-01  4.33e+00  1.02e+03 
 81000| 5.92e-07  1.06e-08  4.43e-09 -5.61e-01  4.33e+00  1.02e+03 
 81250| 5.92e-07  1.06e-08  4.38e-09 -5.61e-01  4.33e+00  1.03e+03 
 81500| 5.91e-07  1.06e-08  4.63e-09 -5.61e-01  4.33e+00  1.03e+03 
 81750| 5.50e-06  3.34e-05  9.43e-06 -5.61e-01  4.33e+00  1.03e+03 
 82000| 5.91e-07  1.06e-08  4.79e-09 -5.61e-01  4.33e+00  1.04e+03 
 82250| 5.91e-07  1.06e-08  4.33e-09 -5.61e-01  4.33e+00  1.04e+03 
 82500| 5.91e-07  1.06e-08  3.60e-09 -5.61e-01  4.33e+00  1.04e+03 
 82750| 5.91e-07  1.06e-08  5.09e-09 -5.61e-01  4.33e+00  1.05e+03 
 83000| 5.91e-07  1.06e-08  3.52e-09 -5.61e-01  4.33e+00  1.05e+03 
 83250| 5.90e-07  1.06e-08  3.04e-09 -5.61e-01  4.33e+00  1.05e+03 
 83500| 5.90e-07  1.06e-08  3.84e-09 -5.61e-01  4.33e+00  1.06e+03 
 83750| 5.90e-07  1.06e-08  4.24e-09 -5.61e-01  4.33e+00  1.06e+03 
 84000| 5.90e-07  1.06e-08  5.20e-09 -5.61e-01  4.33e+00  1.06e+03 
 84250| 5.90e-07  1.06e-08  4.24e-09 -5.61e-01  4.33e+00  1.07e+03 
 84500| 5.38e-06  3.31e-05  3.92e-06 -5.61e-01  4.33e+00  1.07e+03 
 84750| 5.89e-07  1.06e-08  4.22e-09 -5.61e-01  4.33e+00  1.08e+03 
 85000| 5.89e-07  1.06e-08  4.23e-09 -5.61e-01  4.33e+00  1.08e+03 
 85250| 5.89e-07  1.06e-08  5.46e-09 -5.61e-01  4.33e+00  1.08e+03 
 85500| 5.89e-07  1.06e-08  4.25e-09 -5.61e-01  4.33e+00  1.09e+03 
 85750| 5.89e-07  1.06e-08  4.60e-09 -5.61e-01  4.33e+00  1.09e+03 
 86000| 5.89e-07  1.06e-08  3.66e-09 -5.61e-01  4.33e+00  1.09e+03 
 86250| 5.88e-07  1.06e-08  4.34e-09 -5.61e-01  4.33e+00  1.09e+03 
 86500| 5.88e-07  1.06e-08  4.97e-09 -5.61e-01  4.33e+00  1.10e+03 
 86750| 5.88e-07  1.06e-08  5.07e-09 -5.61e-01  4.33e+00  1.10e+03 
 87000| 5.88e-07  1.06e-08 /home/koova22/miniconda3/envs/q1/lib/python3.12/site-packages/cvxpy/problems/problem.py:1481: UserWarning: Solution may be inaccurate. Try another solver, adjusting the solver settings, or solve with verbose=True for more information.
  warnings.warn(
 4.70e-09 -5.61e-01  4.33e+00  1.10e+03 
 87250| 5.33e-06  3.32e-05  2.38e-06 -5.61e-01  4.33e+00  1.11e+03 
 87500| 5.88e-07  1.05e-08  5.39e-09 -5.61e-01  4.33e+00  1.11e+03 
 87750| 5.88e-07  1.05e-08  6.51e-09 -5.61e-01  4.33e+00  1.11e+03 
 88000| 5.87e-07  1.05e-08  4.66e-09 -5.61e-01  4.33e+00  1.12e+03 
 88250| 5.87e-07  1.05e-08  5.39e-09 -5.61e-01  4.33e+00  1.12e+03 
 88500| 5.87e-07  1.05e-08  5.55e-09 -5.61e-01  4.33e+00  1.12e+03 
 88750| 5.87e-07  1.05e-08  3.36e-09 -5.61e-01  4.33e+00  1.13e+03 
 89000| 5.87e-07  1.05e-08  4.50e-09 -5.61e-01  4.33e+00  1.13e+03 
 89250| 5.87e-07  1.05e-08  5.54e-09 -5.61e-01  4.33e+00  1.13e+03 
 89500| 5.86e-07  1.05e-08  3.45e-09 -5.61e-01  4.33e+00  1.14e+03 
 89750| 5.86e-07  1.05e-08  5.13e-09 -5.61e-01  4.33e+00  1.14e+03 
 90000| 5.23e-06  3.26e-05  3.02e-06 -5.61e-01  4.33e+00  1.14e+03 
 90250| 5.86e-07  1.05e-08  5.13e-09 -5.61e-01  4.33e+00  1.15e+03 
 90500| 5.86e-07  1.05e-08  4.70e-09 -5.61e-01  4.33e+00  1.15e+03 
 90750| 5.86e-07  1.05e-08  4.80e-09 -5.61e-01  4.33e+00  1.15e+03 
 91000| 5.86e-07  1.05e-08  5.51e-09 -5.61e-01  4.33e+00  1.16e+03 
 91250| 5.85e-07  1.05e-08  4.65e-09 -5.61e-01  4.33e+00  1.16e+03 
 91500| 5.85e-07  1.05e-08  5.02e-09 -5.61e-01  4.33e+00  1.16e+03 
 91750| 5.85e-07  1.05e-08  5.34e-09 -5.61e-01  4.33e+00  1.17e+03 
 92000| 5.85e-07  1.05e-08  4.16e-09 -5.61e-01  4.33e+00  1.17e+03 
 92250| 5.85e-07  1.05e-08  3.47e-09 -5.61e-01  4.33e+00  1.17e+03 
 92500| 5.85e-07  1.05e-08  4.13e-09 -5.61e-01  4.33e+00  1.18e+03 
 92750| 5.12e-06  3.23e-05  2.12e-06 -5.61e-01  4.33e+00  1.18e+03 
 93000| 5.84e-07  1.05e-08  5.35e-09 -5.61e-01  4.33e+00  1.18e+03 
 93250| 5.84e-07  1.05e-08  5.22e-09 -5.61e-01  4.33e+00  1.18e+03 
 93500| 5.84e-07  1.05e-08  4.84e-09 -5.61e-01  4.33e+00  1.19e+03 
 93750| 5.84e-07  1.05e-08  5.40e-09 -5.61e-01  4.33e+00  1.19e+03 
 94000| 5.84e-07  1.05e-08  4.94e-09 -5.61e-01  4.33e+00  1.19e+03 
 94250| 5.83e-07  1.05e-08  6.10e-09 -5.61e-01  4.33e+00  1.20e+03 
 94500| 5.83e-07  1.05e-08  4.91e-09 -5.61e-01  4.33e+00  1.20e+03 
 94750| 5.83e-07  1.05e-08  4.78e-09 -5.61e-01  4.33e+00  1.20e+03 
 95000| 5.83e-07  1.05e-08  3.86e-09 -5.61e-01  4.33e+00  1.20e+03 
 95250| 5.83e-07  1.05e-08  4.17e-09 -5.61e-01  4.33e+00  1.21e+03 
 95500| 5.20e-06  3.26e-05  4.82e-06 -5.61e-01  4.33e+00  1.21e+03 
 95750| 5.83e-07  1.05e-08  5.48e-09 -5.61e-01  4.33e+00  1.21e+03 
 96000| 5.82e-07  1.05e-08  4.61e-09 -5.61e-01  4.33e+00  1.22e+03 
 96250| 5.82e-07  1.05e-08  4.33e-09 -5.61e-01  4.33e+00  1.22e+03 
 96500| 5.82e-07  1.04e-08  4.89e-09 -5.61e-01  4.33e+00  1.22e+03 
 96750| 5.82e-07  1.04e-08  4.61e-09 -5.61e-01  4.33e+00  1.22e+03 
 97000| 5.82e-07  1.04e-08  4.39e-09 -5.61e-01  4.33e+00  1.23e+03 
 97250| 5.82e-07  1.04e-08  5.50e-09 -5.61e-01  4.33e+00  1.23e+03 
 97500| 5.81e-07  1.04e-08  6.84e-09 -5.61e-01  4.33e+00  1.23e+03 
 97750| 5.81e-07  1.04e-08  4.18e-09 -5.61e-01  4.33e+00  1.24e+03 
 98000| 5.81e-07  1.04e-08  4.31e-09 -5.61e-01  4.33e+00  1.24e+03 
 98250| 5.07e-06  3.24e-05  1.08e-05 -5.61e-01  4.33e+00  1.24e+03 
 98500| 5.81e-07  1.04e-08  4.87e-09 -5.61e-01  4.33e+00  1.24e+03 
 98750| 5.81e-07  1.04e-08  4.79e-09 -5.61e-01  4.33e+00  1.25e+03 
 99000| 5.81e-07  1.04e-08  5.40e-09 -5.61e-01  4.33e+00  1.25e+03 
 99250| 5.80e-07  1.04e-08  4.88e-09 -5.61e-01  4.33e+00  1.25e+03 
 99500| 5.80e-07  1.04e-08  6.69e-09 -5.61e-01  4.33e+00  1.26e+03 
 99750| 5.80e-07  1.04e-08  5.75e-09 -5.61e-01  4.33e+00  1.26e+03 
100000| 5.80e-07  1.04e-08  4.51e-09 -5.61e-01  4.33e+00  1.26e+03 
------------------------------------------------------------------
status:  solved (inaccurate - reached max_iters)
timings: total: 1.26e+03s = setup: 5.59e-02s + solve: 1.26e+03s
	 lin-sys: 1.14e+02s, cones: 1.12e+03s, accel: 5.90e+00s
------------------------------------------------------------------
objective = -0.560840 (inaccurate)
------------------------------------------------------------------
-------------------------------------------------------------------------------
                                    Summary                                    
-------------------------------------------------------------------------------
(CVXPY) May 15 02:04:34 PM: Problem status: optimal_inaccurate
(CVXPY) May 15 02:04:34 PM: Optimal value: 5.608e-01
(CVXPY) May 15 02:04:34 PM: Compilation took 1.018e+00 seconds
(CVXPY) May 15 02:04:34 PM: Solver (including time spent in interface) took 1.344e+03 seconds
Result = 0.5608396669853517
CVXPY returns optimal_inaccurate
bitstring_to_target_state
{0: 0, 1: 0, 2: 0, 3: 1, 4: 1, 5: 1, 6: 2, 7: 2, 8: 2, 9: 3, 10: 3, 11: 3, 12: 3, 13: 3, 14: 3, 15: 3, 16: 3, 17: 3, 18: 3, 19: 3, 20: 3, 21: 3, 22: 3, 23: 3, 24: 3, 25: 3, 26: 3, 27: 3, 28: 3, 29: 3, 30: 3, 31: 3, 32: 3, 33: 3, 34: 3, 35: 3, 36: 3, 37: 3, 38: 3, 39: 3, 40: 3, 41: 3, 42: 3, 43: 3, 44: 3, 45: 3, 46: 3, 47: 3, 48: 3, 49: 3, 50: 3, 51: 3, 52: 3, 53: 3, 54: 3, 55: 3, 56: 3, 57: 3, 58: 3, 59: 3, 60: 3, 61: 3, 62: 3, 63: 3, 64: 3, 65: 3, 66: 3, 67: 3, 68: 3, 69: 3, 70: 3, 71: 3}
strings_used
72
Probabilities for each state:
[np.float64(0.18630768981207316), np.float64(5.087899981032307e-10), np.float64(6.310616248439502e-09), np.float64(3.4778371409794783e-05), np.float64(1.3336864676634974e-07), np.float64(3.9131280569318294e-10), np.float64(3.477837141125428e-05), np.float64(1.3336864048392498e-07), np.float64(3.9131305917114745e-10), np.float64(5.208333333412451e-05), np.float64(5.2083333334124384e-05), np.float64(5.2083333334124215e-05), np.float64(5.2083333334124296e-05), np.float64(5.208333333412439e-05), np.float64(5.2083333334124276e-05), np.float64(5.208333333412425e-05), np.float64(5.208333333412425e-05), np.float64(5.208333333412423e-05), np.float64(5.208333333412415e-05), np.float64(5.208333333412405e-05), np.float64(5.2083333334124106e-05), np.float64(5.208333333412414e-05), np.float64(5.208333333412406e-05), np.float64(5.2083333334124e-05), np.float64(5.208333333412404e-05), np.float64(5.208333333412409e-05), np.float64(5.208333333412592e-05), np.float64(5.2083333334124025e-05), np.float64(5.208333333412408e-05), np.float64(5.2083333334124194e-05), np.float64(5.208333333412401e-05), np.float64(5.208333333412392e-05), np.float64(5.208333333412396e-05), np.float64(5.208333333412396e-05), np.float64(5.208333333412389e-05), np.float64(5.208333333412389e-05), np.float64(5.208333333412387e-05), np.float64(5.208333333412384e-05), np.float64(5.208333333412384e-05), np.float64(5.2083333334123835e-05), np.float64(5.2083333334123835e-05), np.float64(5.2083333334123686e-05), np.float64(5.208333333412378e-05), np.float64(5.208333333412374e-05), np.float64(5.2083333334123686e-05), np.float64(5.208333333412347e-05), np.float64(5.208333333412373e-05), np.float64(5.208333333412378e-05), np.float64(5.208333333412367e-05), np.float64(5.2083333334123605e-05), np.float64(5.20833333341236e-05), np.float64(5.208333333412358e-05), np.float64(5.208333333412368e-05), np.float64(5.2083333334123435e-05), np.float64(5.2083333334123544e-05), np.float64(5.2083333334123544e-05), np.float64(5.208333333412379e-05), np.float64(5.2083333334123524e-05), np.float64(5.208333333412349e-05), np.float64(5.208333333412349e-05), np.float64(5.208333333412347e-05), np.float64(5.20833333341234e-05), np.float64(5.2083333334123415e-05), np.float64(5.208333333412331e-05), np.float64(5.208333333412333e-05), np.float64(5.208333333412333e-05), np.float64(5.208333333412329e-05), np.float64(5.208333333412325e-05), np.float64(5.208333333412313e-05), np.float64(5.20833333341232e-05), np.float64(0.08163267624362613), np.float64(0.062146586331615995)]
[np.float64(3.452451455244045e-05), np.float64(5.193088895159295e-08), np.float64(2.0988281307806376e-08), np.float64(0.18726598845803424), np.float64(7.680250609237017e-09), np.float64(4.395356939032685e-09), np.float64(3.4707557779769e-05), np.float64(3.001261352940379e-09), np.float64(6.560771027512498e-08), np.float64(5.20833333341245e-05), np.float64(5.208333333412438e-05), np.float64(5.2083333334124194e-05), np.float64(5.208333333412427e-05), np.float64(5.208333333412434e-05), np.float64(5.208333333412438e-05), np.float64(5.208333333412428e-05), np.float64(5.208333333412423e-05), np.float64(5.208333333412422e-05), np.float64(5.208333333412415e-05), np.float64(5.208333333412427e-05), np.float64(5.208333333412419e-05), np.float64(5.208333333412415e-05), np.float64(5.208333333412406e-05), np.float64(5.208333333412416e-05), np.float64(5.2083333334124066e-05), np.float64(5.2083333334124106e-05), np.float64(5.2083333334126126e-05), np.float64(5.208333333412403e-05), np.float64(5.2083333334124066e-05), np.float64(5.208333333412406e-05), np.float64(5.208333333412405e-05), np.float64(5.20833333341239e-05), np.float64(5.208333333412398e-05), np.float64(5.208333333412396e-05), np.float64(5.20833333341239e-05), np.float64(5.208333333412389e-05), np.float64(5.208333333412392e-05), np.float64(5.2083333334123815e-05), np.float64(5.208333333412385e-05), np.float64(5.2083333334123835e-05), np.float64(5.2083333334123835e-05), np.float64(5.208333333412378e-05), np.float64(5.208333333412378e-05), np.float64(5.208333333412373e-05), np.float64(5.208333333412377e-05), np.float64(5.208333333412396e-05), np.float64(5.2083333334123734e-05), np.float64(5.208333333412382e-05), np.float64(5.208333333412366e-05), np.float64(5.208333333412362e-05), np.float64(5.20833333341236e-05), np.float64(5.208333333412358e-05), np.float64(5.208333333412362e-05), np.float64(5.208333333412367e-05), np.float64(5.208333333412358e-05), np.float64(5.2083333334123544e-05), np.float64(5.208333333412439e-05), np.float64(5.208333333412352e-05), np.float64(5.2083333334123524e-05), np.float64(5.208333333412348e-05), np.float64(5.208333333412347e-05), np.float64(5.2083333334123415e-05), np.float64(5.208333333412341e-05), np.float64(5.20833333341233e-05), np.float64(5.208333333412331e-05), np.float64(5.208333333412333e-05), np.float64(5.208333333412328e-05), np.float64(5.208333333412333e-05), np.float64(5.208333333412332e-05), np.float64(5.208333333412324e-05), np.float64(0.0780277788895295), np.float64(0.06479311833399226)]
[np.float64(3.4524514551842564e-05), np.float64(5.1930903865588464e-08), np.float64(2.098827181902804e-08), np.float64(3.470755777768422e-05), np.float64(3.0012623666567267e-09), np.float64(6.560770505750368e-08), np.float64(0.1872659884656735), np.float64(7.680250711301554e-09), np.float64(4.395357039899236e-09), np.float64(5.2083333334124554e-05), np.float64(5.208333333412438e-05), np.float64(5.208333333412409e-05), np.float64(5.2083333334124276e-05), np.float64(5.208333333412443e-05), np.float64(5.2083333334124025e-05), np.float64(5.208333333412425e-05), np.float64(5.2083333334124276e-05), np.float64(5.208333333412423e-05), np.float64(5.208333333412415e-05), np.float64(5.208333333412414e-05), np.float64(5.208333333412411e-05), np.float64(5.208333333412414e-05), np.float64(5.208333333412406e-05), np.float64(5.208333333412403e-05), np.float64(5.208333333412403e-05), np.float64(5.2083333334124086e-05), np.float64(5.2083333334126254e-05), np.float64(5.2083333334124025e-05), np.float64(5.2083333334124086e-05), np.float64(5.2083333334124066e-05), np.float64(5.208333333412403e-05), np.float64(5.2083333334123944e-05), np.float64(5.2083333334124e-05), np.float64(5.208333333412396e-05), np.float64(5.208333333412392e-05), np.float64(5.208333333412392e-05), np.float64(5.208333333412393e-05), np.float64(5.208333333412387e-05), np.float64(5.208333333412384e-05), np.float64(5.208333333412384e-05), np.float64(5.2083333334123835e-05), np.float64(5.2083333334123456e-05), np.float64(5.208333333412377e-05), np.float64(5.2083333334123734e-05), np.float64(5.2083333334123686e-05), np.float64(5.208333333412374e-05), np.float64(5.208333333412376e-05), np.float64(5.208333333412384e-05), np.float64(5.208333333412367e-05), np.float64(5.208333333412362e-05), np.float64(5.20833333341236e-05), np.float64(5.208333333412359e-05), np.float64(5.208333333412363e-05), np.float64(5.2083333334123524e-05), np.float64(5.2083333334123605e-05), np.float64(5.2083333334123544e-05), np.float64(5.208333333412385e-05), np.float64(5.208333333412352e-05), np.float64(5.2083333334123544e-05), np.float64(5.208333333412349e-05), np.float64(5.208333333412347e-05), np.float64(5.2083333334123435e-05), np.float64(5.2083333334123415e-05), np.float64(5.208333333412335e-05), np.float64(5.20833333341233e-05), np.float64(5.208333333412338e-05), np.float64(5.208333333412329e-05), np.float64(5.208333333412325e-05), np.float64(5.208333333412329e-05), np.float64(5.208333333412327e-05), np.float64(0.07802777886139589), np.float64(0.06479311835449)]
Total probability = 1.0000
Success probability = 0.5608
Inconclusive probability = 0.4390

ideal_distrib
[np.float64(0.187014512922455), np.float64(0.18701451292245747), np.float64(0.18701451292246687), np.float64(0.43895646123262066)]
result_distrib
[np.float64(0.1863076966316719), np.float64(0.18726598517302023), np.float64(0.1872659851806595), np.float64(0.43895230701479443)]
Params:
[0.7965429868602331, 0.18343478986616382, 0.7796910002727695, 0.5968501579464871, 0.44583275285359125, 0.09997491581800291]
===============================================================================
                                     CVXPY                                     
                                     v1.6.0                                    
===============================================================================
(CVXPY) May 15 02:04:34 PM: Your problem has 16384 variables, 20486 constraints, and 0 parameters.
(CVXPY) May 15 02:04:34 PM: It is compliant with the following grammars: DCP, DQCP
(CVXPY) May 15 02:04:34 PM: (If you need to solve this problem multiple times, but with different data, consider using parameters.)
(CVXPY) May 15 02:04:34 PM: CVXPY will first compile your problem; then, it will invoke a numerical solver to obtain a solution.
(CVXPY) May 15 02:04:34 PM: Your problem is compiled with the CPP canonicalization backend.
-------------------------------------------------------------------------------
                                  Compilation                                  
-------------------------------------------------------------------------------
(CVXPY) May 15 02:04:34 PM: Compiling problem (target solver=SCS).
(CVXPY) May 15 02:04:34 PM: Reduction chain: Complex2Real -> FlipObjective -> Dcp2Cone -> CvxAttr2Constr -> ConeMatrixStuffing -> SCS
(CVXPY) May 15 02:04:34 PM: Applying reduction Complex2Real
(CVXPY) May 15 02:04:34 PM: Applying reduction FlipObjective
(CVXPY) May 15 02:04:34 PM: Applying reduction Dcp2Cone
(CVXPY) May 15 02:04:34 PM: Applying reduction CvxAttr2Constr
(CVXPY) May 15 02:04:34 PM: Applying reduction ConeMatrixStuffing
(CVXPY) May 15 02:04:35 PM: Applying reduction SCS
(CVXPY) May 15 02:04:35 PM: Finished problem compilation (took 9.382e-01 seconds).
-------------------------------------------------------------------------------
                                Numerical solver                               
-------------------------------------------------------------------------------
(CVXPY) May 15 02:04:35 PM: Invoking solver SCS  to obtain a solution.
------------------------------------------------------------------
	       SCS v3.2.7 - Splitting Conic Solver
	(c) Brendan O'Donoghue, Stanford University, 2012
------------------------------------------------------------------
problem:  variables n: 16384, constraints m: 41222
cones: 	  z: primal zero / dual free vars: 8192
	  l: linear vars: 6
	  s: psd vars: 33024, ssize: 4
settings: eps_abs: 1.0e-07, eps_rel: 1.0e-07, eps_infeas: 1.0e-07
	  alpha: 1.50, scale: 1.00e-01, adaptive_scale: 1
	  max_iters: 100000, normalize: 1, rho_x: 1.00e-06
	  acceleration_lookback: 10, acceleration_interval: 10
lin-sys:  sparse-direct-amd-qdldl
	  nnz(A): 108370, nnz(P): 0
------------------------------------------------------------------
 iter | pri res | dua res |   gap   |   obj   |  scale  | time (s)
------------------------------------------------------------------
     0| 1.00e+00  2.80e-01  6.35e+00  8.74e-01  1.00e-01  4.29e-02 
   250| 5.12e-05  3.98e-05  1.10e-04 -9.64e-01  1.00e-01  2.74e+00 
   500| 1.05e-04  4.07e-05  2.23e-04 -9.64e-01  1.00e-01  5.56e+00 
   725| 1.16e-07  1.86e-08  5.67e-08 -9.65e-01  1.00e-01  8.18e+00 
------------------------------------------------------------------
status:  solved
timings: total: 8.18e+00s = setup: 3.62e-02s + solve: 8.15e+00s
	 lin-sys: 9.31e-01s, cones: 6.97e+00s, accel: 4.87e-02s
------------------------------------------------------------------
objective = -0.964979
------------------------------------------------------------------
-------------------------------------------------------------------------------
                                    Summary                                    
-------------------------------------------------------------------------------
(CVXPY) May 15 02:04:43 PM: Problem status: optimal
(CVXPY) May 15 02:04:43 PM: Optimal value: 9.650e-01
(CVXPY) May 15 02:04:43 PM: Compilation took 9.382e-01 seconds
(CVXPY) May 15 02:04:43 PM: Solver (including time spent in interface) took 8.185e+00 seconds
Result = 0.9649792101513155
CVXPY returns optimal
bitstring_to_target_state
{0: 0, 1: 0, 2: 0, 3: 0, 4: 0, 5: 0, 6: 0, 7: 0, 8: 0, 9: 0, 10: 0, 11: 0, 12: 0, 13: 0, 14: 0, 15: 0, 16: 0, 17: 0, 18: 0, 19: 0, 20: 0, 21: 0, 22: 0, 23: 0, 24: 0, 25: 0, 26: 0, 27: 0, 28: 0, 29: 0, 30: 0, 31: 0, 32: 0, 33: 0, 34: 0, 35: 0, 36: 0, 37: 0, 38: 0, 39: 0, 40: 0, 41: 0, 42: 0, 43: 0, 44: 0, 45: 0, 46: 0, 47: 0, 48: 0, 49: 0, 50: 0, 51: 0, 52: 0, 53: 0, 54: 0, 55: 0, 56: 0, 57: 0, 58: 0, 59: 0, 60: 0, 61: 0, 62: 0, 63: 1, 64: 1, 65: 1, 66: 1, 67: 1, 68: 1, 69: 1, 70: 1, 71: 1, 72: 1, 73: 1, 74: 1, 75: 1, 76: 1, 77: 1, 78: 1, 79: 1, 80: 1, 81: 1, 82: 1, 83: 1, 84: 1, 85: 1, 86: 1, 87: 1, 88: 1, 89: 1, 90: 1, 91: 1, 92: 1, 93: 1, 94: 1, 95: 1, 96: 1, 97: 1, 98: 1, 99: 1, 100: 1, 101: 1, 102: 1, 103: 1, 104: 1, 105: 1, 106: 1, 107: 1, 108: 1, 109: 1, 110: 1, 111: 1, 112: 1, 113: 1, 114: 1, 115: 1, 116: 1, 117: 1, 118: 1, 119: 1, 120: 1, 121: 1, 122: 1, 123: 1, 124: 1, 125: 1, 126: 2, 127: 2, 128: 2, 129: 2, 130: 2, 131: 2, 132: 2, 133: 2, 134: 2, 135: 2, 136: 2, 137: 2, 138: 2, 139: 2, 140: 2, 141: 2, 142: 2, 143: 2, 144: 2, 145: 2, 146: 2, 147: 2, 148: 2, 149: 2, 150: 2, 151: 2, 152: 2, 153: 2, 154: 2, 155: 2, 156: 2, 157: 2, 158: 2, 159: 2, 160: 2, 161: 2, 162: 2, 163: 2, 164: 2, 165: 2, 166: 2, 167: 2, 168: 2, 169: 2, 170: 2, 171: 2, 172: 2, 173: 2, 174: 2, 175: 2, 176: 2, 177: 2, 178: 2, 179: 2, 180: 2, 181: 2, 182: 2, 183: 2, 184: 2, 185: 2, 186: 2, 187: 2, 188: 2, 189: 2, 190: 3}
strings_used
191
Probabilities for each state:
[np.float64(0.3206008709958399), np.float64(1.7422445289903614e-05), np.float64(1.742244309507852e-05), np.float64(1.7422442861096194e-05), np.float64(1.742244285886723e-05), np.float64(1.7422442858784976e-05), np.float64(1.7422442858784804e-05), np.float64(1.74224428587846e-05), np.float64(1.7422442858784373e-05), np.float64(1.7422442858784014e-05), np.float64(1.7422442858783896e-05), np.float64(1.742244285878382e-05), np.float64(1.7422442858783824e-05), np.float64(1.7422442858783713e-05), np.float64(1.7422442858783645e-05), np.float64(1.7422442858783638e-05), np.float64(1.7422442858783584e-05), np.float64(1.7422442858783564e-05), np.float64(1.7422442858783486e-05), np.float64(1.7422442858783408e-05), np.float64(1.7422442858783394e-05), np.float64(1.7422442858783293e-05), np.float64(1.7422442858783255e-05), np.float64(1.742244285878312e-05), np.float64(1.742244285878311e-05), np.float64(1.7422442858783082e-05), np.float64(1.7422442858783052e-05), np.float64(1.7422442858783035e-05), np.float64(1.7422442858783015e-05), np.float64(1.7422442858783025e-05), np.float64(1.7422442858782967e-05), np.float64(1.7422442858782883e-05), np.float64(1.7422442858782832e-05), np.float64(1.742244285878278e-05), np.float64(1.7422442858782744e-05), np.float64(1.7422442858782703e-05), np.float64(1.7422442858782723e-05), np.float64(1.742244285878263e-05), np.float64(1.7422442858782578e-05), np.float64(1.742244285878252e-05), np.float64(1.74224428587825e-05), np.float64(1.74224428587824e-05), np.float64(1.7422442858782256e-05), np.float64(1.7422442858782225e-05), np.float64(1.7422442858782212e-05), np.float64(1.74224428587821e-05), np.float64(1.742244285878196e-05), np.float64(1.7422442858781876e-05), np.float64(1.7422442858781873e-05), np.float64(1.742244285878187e-05), np.float64(1.74224428587817e-05), np.float64(1.7422442858781673e-05), np.float64(1.7422442858781666e-05), np.float64(1.7422442858781666e-05), np.float64(1.7422442858781246e-05), np.float64(1.7422442858780785e-05), np.float64(1.7422442858780098e-05), np.float64(1.7422442858779976e-05), np.float64(1.742244285877977e-05), np.float64(1.7422442858777357e-05), np.float64(1.74224428587771e-05), np.float64(1.7422441010185388e-05), np.float64(5.269399078099444e-10), np.float64(0.004777777167974291), np.float64(1.7500829892232597e-05), np.float64(1.7500825663512158e-05), np.float64(1.7500824877043293e-05), np.float64(1.7500824865760486e-05), np.float64(1.750082486544658e-05), np.float64(1.7500824865428618e-05), np.float64(1.7500824865427812e-05), np.float64(1.7500824865427087e-05), np.float64(1.750082486542693e-05), np.float64(1.7500824865426704e-05), np.float64(1.7500824865426375e-05), np.float64(1.7500824865426128e-05), np.float64(1.750082486542601e-05), np.float64(1.750082486542603e-05), np.float64(1.7500824865425992e-05), np.float64(1.7500824865425854e-05), np.float64(1.7500824865425806e-05), np.float64(1.7500824865425677e-05), np.float64(1.7500824865425623e-05), np.float64(1.750082486542559e-05), np.float64(1.7500824865425552e-05), np.float64(1.7500824865425542e-05), np.float64(1.750082486542554e-05), np.float64(1.7500824865425474e-05), np.float64(1.750082486542531e-05), np.float64(1.7500824865425278e-05), np.float64(1.7500824865425244e-05), np.float64(1.7500824865425237e-05), np.float64(1.7500824865425162e-05), np.float64(1.7500824865425105e-05), np.float64(1.7500824865425095e-05), np.float64(1.7500824865424986e-05), np.float64(1.7500824865424915e-05), np.float64(1.750082486542491e-05), np.float64(1.7500824865424885e-05), np.float64(1.7500824865424817e-05), np.float64(1.7500824865424817e-05), np.float64(1.750082486542472e-05), np.float64(1.7500824865424688e-05), np.float64(1.7500824865424644e-05), np.float64(1.7500824865424603e-05), np.float64(1.7500824865424512e-05), np.float64(1.7500824865424512e-05), np.float64(1.7500824865424525e-05), np.float64(1.7500824865424393e-05), np.float64(1.7500824865424336e-05), np.float64(1.7500824865424258e-05), np.float64(1.7500824865424237e-05), np.float64(1.750082486542419e-05), np.float64(1.750082486542399e-05), np.float64(1.7500824865423956e-05), np.float64(1.7500824865423936e-05), np.float64(1.7500824865423912e-05), np.float64(1.7500824865423597e-05), np.float64(1.7500824865423573e-05), np.float64(1.75008248654235e-05), np.float64(1.7500824865423404e-05), np.float64(1.7500824865423306e-05), np.float64(1.7500824865422703e-05), np.float64(1.7500824865422547e-05), np.float64(1.7500824451801915e-05), np.float64(6.02162430203589e-08), np.float64(0.004777778329960407), np.float64(1.7160065781694614e-05), np.float64(1.716006570275889e-05), np.float64(1.7160065684673363e-05), np.float64(1.716006568467198e-05), np.float64(1.716006568467184e-05), np.float64(1.716006568467179e-05), np.float64(1.7160065684671683e-05), np.float64(1.716006568467144e-05), np.float64(1.7160065684671127e-05), np.float64(1.7160065684671025e-05), np.float64(1.7160065684670876e-05), np.float64(1.7160065684670795e-05), np.float64(1.71600656846706e-05), np.float64(1.7160065684670537e-05), np.float64(1.7160065684670463e-05), np.float64(1.7160065684670436e-05), np.float64(1.7160065684670324e-05), np.float64(1.7160065684670263e-05), np.float64(1.716006568467022e-05), np.float64(1.7160065684670226e-05), np.float64(1.7160065684670205e-05), np.float64(1.716006568467012e-05), np.float64(1.7160065684670016e-05), np.float64(1.7160065684669928e-05), np.float64(1.7160065684669894e-05), np.float64(1.7160065684669836e-05), np.float64(1.7160065684669812e-05), np.float64(1.716006568466978e-05), np.float64(1.7160065684669748e-05), np.float64(1.7160065684669707e-05), np.float64(1.716006568466963e-05), np.float64(1.7160065684669585e-05), np.float64(1.716006568466952e-05), np.float64(1.7160065684669413e-05), np.float64(1.716006568466935e-05), np.float64(1.716006568466935e-05), np.float64(1.7160065684669297e-05), np.float64(1.7160065684669287e-05), np.float64(1.7160065684669267e-05), np.float64(1.7160065684669202e-05), np.float64(1.7160065684669128e-05), np.float64(1.7160065684669094e-05), np.float64(1.7160065684669026e-05), np.float64(1.7160065684668962e-05), np.float64(1.716006568466893e-05), np.float64(1.716006568466888e-05), np.float64(1.7160065684668786e-05), np.float64(1.7160065684668762e-05), np.float64(1.7160065684668715e-05), np.float64(1.7160065684668647e-05), np.float64(1.7160065684668586e-05), np.float64(1.7160065684668555e-05), np.float64(1.716006568466852e-05), np.float64(1.7160065684668484e-05), np.float64(1.7160065684668335e-05), np.float64(1.7160065684668142e-05), np.float64(1.7160065684668044e-05), np.float64(1.7160065684643138e-05), np.float64(1.7160065684108717e-05), np.float64(1.7160065458456243e-05), np.float64(1.7160059552169153e-05), np.float64(6.311222686323484e-08), np.float64(5.592190615397952e-10), np.float64(5.481393901145479e-08)]
[np.float64(0.004777782568752385), np.float64(1.742244528990497e-05), np.float64(1.7422443095078983e-05), np.float64(1.7422442861096194e-05), np.float64(1.7422442858867227e-05), np.float64(1.7422442858784976e-05), np.float64(1.7422442858784804e-05), np.float64(1.7422442858784604e-05), np.float64(1.7422442858784373e-05), np.float64(1.7422442858784014e-05), np.float64(1.7422442858783896e-05), np.float64(1.742244285878382e-05), np.float64(1.7422442858783824e-05), np.float64(1.7422442858783713e-05), np.float64(1.7422442858783645e-05), np.float64(1.7422442858783638e-05), np.float64(1.7422442858783584e-05), np.float64(1.7422442858783564e-05), np.float64(1.7422442858783486e-05), np.float64(1.7422442858783408e-05), np.float64(1.7422442858783394e-05), np.float64(1.7422442858783293e-05), np.float64(1.7422442858783255e-05), np.float64(1.742244285878312e-05), np.float64(1.742244285878311e-05), np.float64(1.7422442858783082e-05), np.float64(1.7422442858783052e-05), np.float64(1.7422442858783035e-05), np.float64(1.7422442858783015e-05), np.float64(1.7422442858783025e-05), np.float64(1.7422442858782967e-05), np.float64(1.7422442858782883e-05), np.float64(1.7422442858782832e-05), np.float64(1.742244285878278e-05), np.float64(1.7422442858782744e-05), np.float64(1.7422442858782703e-05), np.float64(1.7422442858782723e-05), np.float64(1.742244285878263e-05), np.float64(1.7422442858782578e-05), np.float64(1.742244285878252e-05), np.float64(1.74224428587825e-05), np.float64(1.7422442858782405e-05), np.float64(1.7422442858782256e-05), np.float64(1.7422442858782225e-05), np.float64(1.742244285878221e-05), np.float64(1.74224428587821e-05), np.float64(1.742244285878196e-05), np.float64(1.7422442858781876e-05), np.float64(1.7422442858781873e-05), np.float64(1.742244285878187e-05), np.float64(1.74224428587817e-05), np.float64(1.7422442858781673e-05), np.float64(1.7422442858781666e-05), np.float64(1.7422442858781666e-05), np.float64(1.7422442858781246e-05), np.float64(1.7422442858780785e-05), np.float64(1.74224428587801e-05), np.float64(1.7422442858779976e-05), np.float64(1.7422442858779765e-05), np.float64(1.7422442858777353e-05), np.float64(1.7422442858777102e-05), np.float64(1.742244101018406e-05), np.float64(3.551947175554347e-08), np.float64(0.3206005874881738), np.float64(1.750082989223442e-05), np.float64(1.7500825663511843e-05), np.float64(1.75008248770433e-05), np.float64(1.7500824865760493e-05), np.float64(1.7500824865446582e-05), np.float64(1.750082486542862e-05), np.float64(1.7500824865427812e-05), np.float64(1.7500824865427083e-05), np.float64(1.7500824865426924e-05), np.float64(1.7500824865426704e-05), np.float64(1.7500824865426375e-05), np.float64(1.7500824865426128e-05), np.float64(1.750082486542601e-05), np.float64(1.750082486542603e-05), np.float64(1.7500824865425992e-05), np.float64(1.7500824865425854e-05), np.float64(1.7500824865425806e-05), np.float64(1.7500824865425677e-05), np.float64(1.7500824865425623e-05), np.float64(1.750082486542559e-05), np.float64(1.7500824865425552e-05), np.float64(1.750082486542554e-05), np.float64(1.750082486542554e-05), np.float64(1.7500824865425474e-05), np.float64(1.750082486542531e-05), np.float64(1.7500824865425278e-05), np.float64(1.7500824865425244e-05), np.float64(1.7500824865425237e-05), np.float64(1.7500824865425162e-05), np.float64(1.7500824865425105e-05), np.float64(1.7500824865425095e-05), np.float64(1.7500824865424986e-05), np.float64(1.7500824865424915e-05), np.float64(1.750082486542491e-05), np.float64(1.7500824865424885e-05), np.float64(1.7500824865424817e-05), np.float64(1.750082486542482e-05), np.float64(1.750082486542472e-05), np.float64(1.7500824865424688e-05), np.float64(1.7500824865424644e-05), np.float64(1.7500824865424603e-05), np.float64(1.7500824865424512e-05), np.float64(1.750082486542451e-05), np.float64(1.7500824865424525e-05), np.float64(1.7500824865424393e-05), np.float64(1.7500824865424336e-05), np.float64(1.7500824865424258e-05), np.float64(1.7500824865424237e-05), np.float64(1.750082486542419e-05), np.float64(1.750082486542399e-05), np.float64(1.7500824865423956e-05), np.float64(1.7500824865423936e-05), np.float64(1.7500824865423916e-05), np.float64(1.7500824865423597e-05), np.float64(1.7500824865423573e-05), np.float64(1.75008248654235e-05), np.float64(1.7500824865423404e-05), np.float64(1.7500824865423306e-05), np.float64(1.7500824865422696e-05), np.float64(1.7500824865422547e-05), np.float64(1.7500824451802488e-05), np.float64(8.930297017538047e-10), np.float64(0.00477777894817346), np.float64(1.7160065781694922e-05), np.float64(1.7160065702758902e-05), np.float64(1.7160065684673366e-05), np.float64(1.716006568467198e-05), np.float64(1.7160065684671835e-05), np.float64(1.716006568467179e-05), np.float64(1.7160065684671676e-05), np.float64(1.716006568467144e-05), np.float64(1.7160065684671124e-05), np.float64(1.7160065684671025e-05), np.float64(1.7160065684670876e-05), np.float64(1.7160065684670795e-05), np.float64(1.71600656846706e-05), np.float64(1.7160065684670534e-05), np.float64(1.7160065684670463e-05), np.float64(1.7160065684670436e-05), np.float64(1.7160065684670324e-05), np.float64(1.7160065684670263e-05), np.float64(1.716006568467022e-05), np.float64(1.7160065684670226e-05), np.float64(1.7160065684670202e-05), np.float64(1.716006568467012e-05), np.float64(1.7160065684670016e-05), np.float64(1.7160065684669928e-05), np.float64(1.7160065684669894e-05), np.float64(1.716006568466984e-05), np.float64(1.7160065684669812e-05), np.float64(1.716006568466978e-05), np.float64(1.7160065684669748e-05), np.float64(1.7160065684669707e-05), np.float64(1.716006568466963e-05), np.float64(1.7160065684669585e-05), np.float64(1.716006568466952e-05), np.float64(1.7160065684669413e-05), np.float64(1.716006568466935e-05), np.float64(1.716006568466935e-05), np.float64(1.7160065684669297e-05), np.float64(1.7160065684669287e-05), np.float64(1.7160065684669267e-05), np.float64(1.7160065684669202e-05), np.float64(1.7160065684669128e-05), np.float64(1.7160065684669094e-05), np.float64(1.7160065684669026e-05), np.float64(1.7160065684668962e-05), np.float64(1.716006568466893e-05), np.float64(1.716006568466888e-05), np.float64(1.7160065684668782e-05), np.float64(1.7160065684668762e-05), np.float64(1.7160065684668715e-05), np.float64(1.7160065684668647e-05), np.float64(1.7160065684668586e-05), np.float64(1.7160065684668555e-05), np.float64(1.7160065684668525e-05), np.float64(1.7160065684668484e-05), np.float64(1.7160065684668335e-05), np.float64(1.7160065684668142e-05), np.float64(1.7160065684668044e-05), np.float64(1.7160065684643134e-05), np.float64(1.7160065684108724e-05), np.float64(1.7160065458456376e-05), np.float64(1.7160059552169343e-05), np.float64(9.875203851810815e-10), np.float64(3.9447805083655294e-08), np.float64(9.452029013552747e-10)]
[np.float64(0.004777782354623327), np.float64(1.7422445289902306e-05), np.float64(1.7422443095079037e-05), np.float64(1.7422442861096184e-05), np.float64(1.7422442858867227e-05), np.float64(1.7422442858784976e-05), np.float64(1.7422442858784804e-05), np.float64(1.7422442858784604e-05), np.float64(1.7422442858784373e-05), np.float64(1.7422442858784014e-05), np.float64(1.7422442858783896e-05), np.float64(1.742244285878382e-05), np.float64(1.7422442858783824e-05), np.float64(1.7422442858783713e-05), np.float64(1.7422442858783645e-05), np.float64(1.7422442858783638e-05), np.float64(1.7422442858783584e-05), np.float64(1.7422442858783564e-05), np.float64(1.7422442858783486e-05), np.float64(1.7422442858783408e-05), np.float64(1.7422442858783394e-05), np.float64(1.7422442858783293e-05), np.float64(1.7422442858783255e-05), np.float64(1.742244285878312e-05), np.float64(1.742244285878311e-05), np.float64(1.7422442858783082e-05), np.float64(1.7422442858783052e-05), np.float64(1.7422442858783035e-05), np.float64(1.7422442858783015e-05), np.float64(1.7422442858783025e-05), np.float64(1.7422442858782967e-05), np.float64(1.7422442858782883e-05), np.float64(1.7422442858782832e-05), np.float64(1.742244285878278e-05), np.float64(1.7422442858782744e-05), np.float64(1.7422442858782703e-05), np.float64(1.7422442858782723e-05), np.float64(1.742244285878263e-05), np.float64(1.7422442858782578e-05), np.float64(1.742244285878252e-05), np.float64(1.74224428587825e-05), np.float64(1.7422442858782405e-05), np.float64(1.7422442858782256e-05), np.float64(1.7422442858782225e-05), np.float64(1.742244285878221e-05), np.float64(1.74224428587821e-05), np.float64(1.742244285878196e-05), np.float64(1.7422442858781876e-05), np.float64(1.7422442858781873e-05), np.float64(1.742244285878187e-05), np.float64(1.74224428587817e-05), np.float64(1.7422442858781673e-05), np.float64(1.7422442858781666e-05), np.float64(1.7422442858781666e-05), np.float64(1.7422442858781246e-05), np.float64(1.742244285878079e-05), np.float64(1.7422442858780098e-05), np.float64(1.7422442858779976e-05), np.float64(1.7422442858779762e-05), np.float64(1.7422442858777357e-05), np.float64(1.74224428587771e-05), np.float64(1.7422441010184443e-05), np.float64(5.661383361032641e-10), np.float64(0.0047777775720580385), np.float64(1.7500829892233664e-05), np.float64(1.7500825663511755e-05), np.float64(1.7500824877043297e-05), np.float64(1.7500824865760486e-05), np.float64(1.7500824865446586e-05), np.float64(1.7500824865428618e-05), np.float64(1.7500824865427815e-05), np.float64(1.7500824865427087e-05), np.float64(1.750082486542693e-05), np.float64(1.7500824865426704e-05), np.float64(1.7500824865426375e-05), np.float64(1.7500824865426128e-05), np.float64(1.750082486542601e-05), np.float64(1.7500824865426026e-05), np.float64(1.750082486542599e-05), np.float64(1.7500824865425854e-05), np.float64(1.7500824865425803e-05), np.float64(1.7500824865425677e-05), np.float64(1.7500824865425623e-05), np.float64(1.750082486542559e-05), np.float64(1.7500824865425555e-05), np.float64(1.7500824865425542e-05), np.float64(1.750082486542554e-05), np.float64(1.7500824865425474e-05), np.float64(1.750082486542531e-05), np.float64(1.7500824865425278e-05), np.float64(1.7500824865425244e-05), np.float64(1.7500824865425237e-05), np.float64(1.7500824865425162e-05), np.float64(1.7500824865425105e-05), np.float64(1.7500824865425095e-05), np.float64(1.7500824865424986e-05), np.float64(1.7500824865424915e-05), np.float64(1.750082486542491e-05), np.float64(1.7500824865424885e-05), np.float64(1.7500824865424817e-05), np.float64(1.7500824865424817e-05), np.float64(1.750082486542472e-05), np.float64(1.7500824865424688e-05), np.float64(1.7500824865424644e-05), np.float64(1.7500824865424603e-05), np.float64(1.7500824865424512e-05), np.float64(1.7500824865424512e-05), np.float64(1.7500824865424525e-05), np.float64(1.7500824865424393e-05), np.float64(1.7500824865424336e-05), np.float64(1.7500824865424258e-05), np.float64(1.7500824865424237e-05), np.float64(1.750082486542419e-05), np.float64(1.750082486542399e-05), np.float64(1.7500824865423956e-05), np.float64(1.7500824865423936e-05), np.float64(1.7500824865423912e-05), np.float64(1.7500824865423597e-05), np.float64(1.7500824865423573e-05), np.float64(1.7500824865423502e-05), np.float64(1.7500824865423404e-05), np.float64(1.7500824865423306e-05), np.float64(1.7500824865422703e-05), np.float64(1.7500824865422547e-05), np.float64(1.75008244518025e-05), np.float64(9.41579406582856e-10), np.float64(0.3206006688357099), np.float64(1.7160065781695048e-05), np.float64(1.7160065702758902e-05), np.float64(1.7160065684673366e-05), np.float64(1.716006568467198e-05), np.float64(1.716006568467184e-05), np.float64(1.716006568467179e-05), np.float64(1.716006568467168e-05), np.float64(1.7160065684671435e-05), np.float64(1.7160065684671127e-05), np.float64(1.7160065684671025e-05), np.float64(1.7160065684670876e-05), np.float64(1.7160065684670795e-05), np.float64(1.71600656846706e-05), np.float64(1.7160065684670534e-05), np.float64(1.7160065684670463e-05), np.float64(1.7160065684670436e-05), np.float64(1.716006568467032e-05), np.float64(1.7160065684670263e-05), np.float64(1.716006568467022e-05), np.float64(1.7160065684670226e-05), np.float64(1.7160065684670202e-05), np.float64(1.7160065684670124e-05), np.float64(1.7160065684670016e-05), np.float64(1.7160065684669928e-05), np.float64(1.7160065684669894e-05), np.float64(1.716006568466984e-05), np.float64(1.7160065684669812e-05), np.float64(1.716006568466978e-05), np.float64(1.7160065684669748e-05), np.float64(1.7160065684669707e-05), np.float64(1.716006568466963e-05), np.float64(1.7160065684669585e-05), np.float64(1.716006568466952e-05), np.float64(1.7160065684669413e-05), np.float64(1.716006568466935e-05), np.float64(1.716006568466935e-05), np.float64(1.71600656846693e-05), np.float64(1.7160065684669287e-05), np.float64(1.7160065684669267e-05), np.float64(1.7160065684669202e-05), np.float64(1.716006568466913e-05), np.float64(1.7160065684669094e-05), np.float64(1.7160065684669026e-05), np.float64(1.7160065684668962e-05), np.float64(1.716006568466893e-05), np.float64(1.716006568466888e-05), np.float64(1.7160065684668782e-05), np.float64(1.7160065684668762e-05), np.float64(1.716006568466871e-05), np.float64(1.7160065684668647e-05), np.float64(1.7160065684668586e-05), np.float64(1.7160065684668555e-05), np.float64(1.716006568466852e-05), np.float64(1.7160065684668484e-05), np.float64(1.7160065684668335e-05), np.float64(1.7160065684668145e-05), np.float64(1.7160065684668044e-05), np.float64(1.7160065684643127e-05), np.float64(1.7160065684108717e-05), np.float64(1.7160065458456416e-05), np.float64(1.716005955216811e-05), np.float64(9.350081482272455e-10), np.float64(5.913453542697358e-10), np.float64(7.938015572428005e-10)]
Total probability = 1.0000
Success probability = 0.9650
Inconclusive probability = 0.0000

ideal_distrib
[np.float64(0.187014512922455), np.float64(0.18701451292245747), np.float64(0.18701451292246687), np.float64(0.43895646123262066)]
result_distrib
[np.float64(0.3216636405881381), np.float64(0.3216681370706094), np.float64(0.32164743249256805), np.float64(5.655294347005286e-08)]
Params:
[0.45924889196586727, 0.3337086111390219, 0.1428668179219408, 0.650888472948853, 0.05641157902710027, 0.7219987722668249]
===============================================================================
                                     CVXPY                                     
                                     v1.6.0                                    
===============================================================================
(CVXPY) May 15 02:04:46 PM: Your problem has 16384 variables, 20486 constraints, and 0 parameters.
(CVXPY) May 15 02:04:46 PM: It is compliant with the following grammars: DCP, DQCP
(CVXPY) May 15 02:04:46 PM: (If you need to solve this problem multiple times, but with different data, consider using parameters.)
(CVXPY) May 15 02:04:46 PM: CVXPY will first compile your problem; then, it will invoke a numerical solver to obtain a solution.
(CVXPY) May 15 02:04:46 PM: Your problem is compiled with the CPP canonicalization backend.
-------------------------------------------------------------------------------
                                  Compilation                                  
-------------------------------------------------------------------------------
(CVXPY) May 15 02:04:46 PM: Compiling problem (target solver=SCS).
(CVXPY) May 15 02:04:46 PM: Reduction chain: Complex2Real -> FlipObjective -> Dcp2Cone -> CvxAttr2Constr -> ConeMatrixStuffing -> SCS
(CVXPY) May 15 02:04:46 PM: Applying reduction Complex2Real
(CVXPY) May 15 02:04:46 PM: Applying reduction FlipObjective
(CVXPY) May 15 02:04:46 PM: Applying reduction Dcp2Cone
(CVXPY) May 15 02:04:46 PM: Applying reduction CvxAttr2Constr
(CVXPY) May 15 02:04:46 PM: Applying reduction ConeMatrixStuffing
(CVXPY) May 15 02:04:47 PM: Applying reduction SCS
(CVXPY) May 15 02:04:47 PM: Finished problem compilation (took 1.004e+00 seconds).
-------------------------------------------------------------------------------
                                Numerical solver                               
-------------------------------------------------------------------------------
(CVXPY) May 15 02:04:47 PM: Invoking solver SCS  to obtain a solution.
------------------------------------------------------------------
	       SCS v3.2.7 - Splitting Conic Solver
	(c) Brendan O'Donoghue, Stanford University, 2012
------------------------------------------------------------------
problem:  variables n: 16384, constraints m: 41222
cones: 	  z: primal zero / dual free vars: 8192
	  l: linear vars: 6
	  s: psd vars: 33024, ssize: 4
settings: eps_abs: 1.0e-07, eps_rel: 1.0e-07, eps_infeas: 1.0e-07
	  alpha: 1.50, scale: 1.00e-01, adaptive_scale: 1
	  max_iters: 100000, normalize: 1, rho_x: 1.00e-06
	  acceleration_lookback: 10, acceleration_interval: 10
lin-sys:  sparse-direct-amd-qdldl
	  nnz(A): 108370, nnz(P): 0
------------------------------------------------------------------
 iter | pri res | dua res |   gap   |   obj   |  scale  | time (s)
------------------------------------------------------------------
     0| 1.05e+00  2.76e-01  6.51e+00  7.31e-01  1.00e-01  5.25e-02 
   250| 4.94e-05  3.98e-05  1.06e-04 -9.64e-01  1.00e-01  2.93e+00 
   500| 1.03e-04  4.06e-05  2.20e-04 -9.64e-01  1.00e-01  5.86e+00 
   750| 9.37e-08  2.74e-08  1.65e-08 -9.65e-01  1.00e-01  9.12e+00 
------------------------------------------------------------------
status:  solved
timings: total: 9.12e+00s = setup: 4.33e-02s + solve: 9.08e+00s
	 lin-sys: 1.02e+00s, cones: 7.79e+00s, accel: 5.59e-02s
------------------------------------------------------------------
objective = -0.964979
------------------------------------------------------------------
-------------------------------------------------------------------------------
                                    Summary                                    
-------------------------------------------------------------------------------
(CVXPY) May 15 02:04:56 PM: Problem status: optimal
(CVXPY) May 15 02:04:56 PM: Optimal value: 9.650e-01
(CVXPY) May 15 02:04:56 PM: Compilation took 1.004e+00 seconds
(CVXPY) May 15 02:04:56 PM: Solver (including time spent in interface) took 9.122e+00 seconds
Result = 0.9649792159799209
CVXPY returns optimal
bitstring_to_target_state
{0: 0, 1: 0, 2: 0, 3: 0, 4: 0, 5: 0, 6: 0, 7: 0, 8: 0, 9: 0, 10: 0, 11: 0, 12: 0, 13: 0, 14: 0, 15: 0, 16: 0, 17: 0, 18: 0, 19: 0, 20: 0, 21: 0, 22: 0, 23: 0, 24: 0, 25: 0, 26: 0, 27: 0, 28: 0, 29: 0, 30: 0, 31: 0, 32: 0, 33: 0, 34: 0, 35: 0, 36: 0, 37: 0, 38: 0, 39: 0, 40: 0, 41: 0, 42: 0, 43: 0, 44: 0, 45: 0, 46: 0, 47: 0, 48: 0, 49: 0, 50: 0, 51: 0, 52: 0, 53: 0, 54: 0, 55: 0, 56: 0, 57: 0, 58: 0, 59: 0, 60: 0, 61: 0, 62: 1, 63: 1, 64: 1, 65: 1, 66: 1, 67: 1, 68: 1, 69: 1, 70: 1, 71: 1, 72: 1, 73: 1, 74: 1, 75: 1, 76: 1, 77: 1, 78: 1, 79: 1, 80: 1, 81: 1, 82: 1, 83: 1, 84: 1, 85: 1, 86: 1, 87: 1, 88: 1, 89: 1, 90: 1, 91: 1, 92: 1, 93: 1, 94: 1, 95: 1, 96: 1, 97: 1, 98: 1, 99: 1, 100: 1, 101: 1, 102: 1, 103: 1, 104: 1, 105: 1, 106: 1, 107: 1, 108: 1, 109: 1, 110: 1, 111: 1, 112: 1, 113: 1, 114: 1, 115: 1, 116: 1, 117: 1, 118: 1, 119: 1, 120: 1, 121: 1, 122: 1, 123: 1, 124: 1, 125: 2, 126: 2, 127: 2, 128: 2, 129: 2, 130: 2, 131: 2, 132: 2, 133: 2, 134: 2, 135: 2, 136: 2, 137: 2, 138: 2, 139: 2, 140: 2, 141: 2, 142: 2, 143: 2, 144: 2, 145: 2, 146: 2, 147: 2, 148: 2, 149: 2, 150: 2, 151: 2, 152: 2, 153: 2, 154: 2, 155: 2, 156: 2, 157: 2, 158: 2, 159: 2, 160: 2, 161: 2, 162: 2, 163: 2, 164: 2, 165: 2, 166: 2, 167: 2, 168: 2, 169: 2, 170: 2, 171: 2, 172: 2, 173: 2, 174: 2, 175: 2, 176: 2, 177: 2, 178: 2, 179: 2, 180: 2, 181: 2, 182: 2, 183: 2, 184: 2, 185: 2, 186: 2, 187: 2, 188: 3}
strings_used
189
Probabilities for each state:
[np.float64(0.32060083505743947), np.float64(1.7611706892883985e-05), np.float64(1.76117046250591e-05), np.float64(1.761170427997423e-05), np.float64(1.761170427793707e-05), np.float64(1.7611704277824974e-05), np.float64(1.7611704277800885e-05), np.float64(1.76117042778006e-05), np.float64(1.7611704277800444e-05), np.float64(1.761170427779884e-05), np.float64(1.761170427779869e-05), np.float64(1.7611704277798303e-05), np.float64(1.7611704277798262e-05), np.float64(1.7611704277797964e-05), np.float64(1.7611704277797937e-05), np.float64(1.761170427779778e-05), np.float64(1.7611704277797673e-05), np.float64(1.761170427779767e-05), np.float64(1.761170427779761e-05), np.float64(1.7611704277797564e-05), np.float64(1.761170427779756e-05), np.float64(1.761170427779749e-05), np.float64(1.7611704277797446e-05), np.float64(1.7611704277797432e-05), np.float64(1.7611704277797425e-05), np.float64(1.7611704277797344e-05), np.float64(1.7611704277797307e-05), np.float64(1.761170427779729e-05), np.float64(1.761170427779721e-05), np.float64(1.761170427779709e-05), np.float64(1.761170427779709e-05), np.float64(1.7611704277797022e-05), np.float64(1.761170427779695e-05), np.float64(1.7611704277796907e-05), np.float64(1.7611704277796832e-05), np.float64(1.7611704277796826e-05), np.float64(1.7611704277796748e-05), np.float64(1.7611704277796758e-05), np.float64(1.761170427779666e-05), np.float64(1.7611704277796602e-05), np.float64(1.7611704277796595e-05), np.float64(1.761170427779657e-05), np.float64(1.7611704277796517e-05), np.float64(1.761170427779646e-05), np.float64(1.7611704277796443e-05), np.float64(1.761170427779646e-05), np.float64(1.7611704277796412e-05), np.float64(1.7611704277796324e-05), np.float64(1.7611704277796283e-05), np.float64(1.7611704277796277e-05), np.float64(1.7611704277796243e-05), np.float64(1.7611704277796e-05), np.float64(1.7611704277795975e-05), np.float64(1.761170427779584e-05), np.float64(1.7611704277795785e-05), np.float64(1.7611704277795633e-05), np.float64(1.7611704277795653e-05), np.float64(1.761170427779562e-05), np.float64(1.7611704277795447e-05), np.float64(1.7611704277795426e-05), np.float64(1.7611704277795284e-05), np.float64(1.7611702023387852e-05), np.float64(0.004777776800771014), np.float64(1.6793062966475333e-05), np.float64(1.6793062526072366e-05), np.float64(1.6793062448390595e-05), np.float64(1.6793062448390514e-05), np.float64(1.6793062448390504e-05), np.float64(1.679306244839047e-05), np.float64(1.67930624483903e-05), np.float64(1.6793062448390246e-05), np.float64(1.6793062448390202e-05), np.float64(1.6793062448390107e-05), np.float64(1.679306244839e-05), np.float64(1.6793062448389897e-05), np.float64(1.6793062448389857e-05), np.float64(1.6793062448389792e-05), np.float64(1.679306244838972e-05), np.float64(1.6793062448389633e-05), np.float64(1.6793062448389626e-05), np.float64(1.6793062448389538e-05), np.float64(1.6793062448389497e-05), np.float64(1.679306244838949e-05), np.float64(1.679306244838945e-05), np.float64(1.6793062448389396e-05), np.float64(1.679306244838937e-05), np.float64(1.6793062448389304e-05), np.float64(1.679306244838927e-05), np.float64(1.6793062448389223e-05), np.float64(1.679306244838921e-05), np.float64(1.679306244838918e-05), np.float64(1.679306244838914e-05), np.float64(1.6793062448389108e-05), np.float64(1.6793062448389023e-05), np.float64(1.6793062448388962e-05), np.float64(1.679306244838895e-05), np.float64(1.6793062448388928e-05), np.float64(1.679306244838888e-05), np.float64(1.679306244838883e-05), np.float64(1.6793062448388762e-05), np.float64(1.6793062448388745e-05), np.float64(1.6793062448388698e-05), np.float64(1.6793062448388644e-05), np.float64(1.6793062448388603e-05), np.float64(1.6793062448388562e-05), np.float64(1.6793062448388505e-05), np.float64(1.679306244838842e-05), np.float64(1.679306244838832e-05), np.float64(1.679306244838832e-05), np.float64(1.67930624483882e-05), np.float64(1.6793062448388122e-05), np.float64(1.679306244838789e-05), np.float64(1.6793062448387905e-05), np.float64(1.6793062448387465e-05), np.float64(1.6793062448387373e-05), np.float64(1.679306244838689e-05), np.float64(1.6793062448386485e-05), np.float64(1.6793062448386387e-05), np.float64(1.6793062448385635e-05), np.float64(1.6793062448385025e-05), np.float64(1.679306244832394e-05), np.float64(1.6793062447912032e-05), np.float64(1.679306242752857e-05), np.float64(1.6793057887769136e-05), np.float64(5.5885589350567746e-08), np.float64(0.004777778304196175), np.float64(1.7678570519051604e-05), np.float64(1.767856710651684e-05), np.float64(1.76785665435629e-05), np.float64(1.7678566536646815e-05), np.float64(1.767856653638733e-05), np.float64(1.7678566536357502e-05), np.float64(1.767856653635661e-05), np.float64(1.767856653635653e-05), np.float64(1.7678566536355978e-05), np.float64(1.7678566536355842e-05), np.float64(1.7678566536355717e-05), np.float64(1.767856653635564e-05), np.float64(1.767856653635559e-05), np.float64(1.7678566536355507e-05), np.float64(1.7678566536355436e-05), np.float64(1.767856653635543e-05), np.float64(1.7678566536355337e-05), np.float64(1.7678566536355188e-05), np.float64(1.7678566536355164e-05), np.float64(1.767856653635517e-05), np.float64(1.767856653635508e-05), np.float64(1.7678566536355046e-05), np.float64(1.7678566536354985e-05), np.float64(1.767856653635492e-05), np.float64(1.7678566536354927e-05), np.float64(1.7678566536354917e-05), np.float64(1.7678566536354863e-05), np.float64(1.7678566536354768e-05), np.float64(1.7678566536354744e-05), np.float64(1.7678566536354717e-05), np.float64(1.7678566536354704e-05), np.float64(1.7678566536354633e-05), np.float64(1.7678566536354534e-05), np.float64(1.7678566536354463e-05), np.float64(1.7678566536354443e-05), np.float64(1.767856653635444e-05), np.float64(1.767856653635438e-05), np.float64(1.7678566536354338e-05), np.float64(1.76785665363543e-05), np.float64(1.767856653635429e-05), np.float64(1.7678566536354195e-05), np.float64(1.7678566536354175e-05), np.float64(1.767856653635414e-05), np.float64(1.7678566536354138e-05), np.float64(1.7678566536354074e-05), np.float64(1.767856653635404e-05), np.float64(1.7678566536353965e-05), np.float64(1.767856653635387e-05), np.float64(1.767856653635386e-05), np.float64(1.7678566536353836e-05), np.float64(1.7678566536353843e-05), np.float64(1.7678566536353714e-05), np.float64(1.7678566536353657e-05), np.float64(1.7678566536353552e-05), np.float64(1.7678566536353447e-05), np.float64(1.7678566536353105e-05), np.float64(1.7678566536353023e-05), np.float64(1.7678566536352918e-05), np.float64(1.7678566536352894e-05), np.float64(1.7678566536351485e-05), np.float64(1.7678565252112213e-05), np.float64(5.0661826794510735e-08), np.float64(3.47424975605287e-08)]
[np.float64(0.004777782595610712), np.float64(1.7611706892884636e-05), np.float64(1.7611704625059538e-05), np.float64(1.761170427997423e-05), np.float64(1.7611704277937074e-05), np.float64(1.761170427782498e-05), np.float64(1.7611704277800895e-05), np.float64(1.76117042778006e-05), np.float64(1.7611704277800447e-05), np.float64(1.7611704277798838e-05), np.float64(1.761170427779869e-05), np.float64(1.7611704277798303e-05), np.float64(1.7611704277798265e-05), np.float64(1.7611704277797964e-05), np.float64(1.7611704277797937e-05), np.float64(1.761170427779778e-05), np.float64(1.761170427779767e-05), np.float64(1.761170427779767e-05), np.float64(1.761170427779761e-05), np.float64(1.7611704277797564e-05), np.float64(1.761170427779756e-05), np.float64(1.761170427779749e-05), np.float64(1.7611704277797446e-05), np.float64(1.7611704277797432e-05), np.float64(1.7611704277797425e-05), np.float64(1.7611704277797344e-05), np.float64(1.7611704277797307e-05), np.float64(1.761170427779729e-05), np.float64(1.761170427779721e-05), np.float64(1.761170427779709e-05), np.float64(1.7611704277797093e-05), np.float64(1.7611704277797022e-05), np.float64(1.761170427779695e-05), np.float64(1.7611704277796907e-05), np.float64(1.7611704277796832e-05), np.float64(1.7611704277796826e-05), np.float64(1.7611704277796748e-05), np.float64(1.7611704277796758e-05), np.float64(1.761170427779666e-05), np.float64(1.7611704277796602e-05), np.float64(1.7611704277796595e-05), np.float64(1.761170427779657e-05), np.float64(1.7611704277796517e-05), np.float64(1.761170427779646e-05), np.float64(1.7611704277796443e-05), np.float64(1.761170427779646e-05), np.float64(1.7611704277796416e-05), np.float64(1.7611704277796324e-05), np.float64(1.7611704277796283e-05), np.float64(1.7611704277796277e-05), np.float64(1.7611704277796243e-05), np.float64(1.7611704277796e-05), np.float64(1.7611704277795975e-05), np.float64(1.761170427779584e-05), np.float64(1.7611704277795785e-05), np.float64(1.7611704277795633e-05), np.float64(1.7611704277795657e-05), np.float64(1.761170427779562e-05), np.float64(1.7611704277795447e-05), np.float64(1.7611704277795426e-05), np.float64(1.7611704277795284e-05), np.float64(1.7611702023387276e-05), np.float64(0.32060061635880127), np.float64(1.67930629664761e-05), np.float64(1.6793062526072295e-05), np.float64(1.67930624483906e-05), np.float64(1.6793062448390514e-05), np.float64(1.6793062448390504e-05), np.float64(1.679306244839047e-05), np.float64(1.67930624483903e-05), np.float64(1.6793062448390246e-05), np.float64(1.6793062448390202e-05), np.float64(1.6793062448390107e-05), np.float64(1.679306244839e-05), np.float64(1.6793062448389897e-05), np.float64(1.6793062448389857e-05), np.float64(1.6793062448389792e-05), np.float64(1.679306244838972e-05), np.float64(1.6793062448389633e-05), np.float64(1.6793062448389626e-05), np.float64(1.6793062448389538e-05), np.float64(1.6793062448389497e-05), np.float64(1.679306244838949e-05), np.float64(1.679306244838945e-05), np.float64(1.6793062448389396e-05), np.float64(1.6793062448389362e-05), np.float64(1.6793062448389304e-05), np.float64(1.679306244838927e-05), np.float64(1.6793062448389223e-05), np.float64(1.6793062448389213e-05), np.float64(1.679306244838918e-05), np.float64(1.679306244838914e-05), np.float64(1.6793062448389108e-05), np.float64(1.6793062448389023e-05), np.float64(1.6793062448388962e-05), np.float64(1.679306244838895e-05), np.float64(1.6793062448388928e-05), np.float64(1.679306244838888e-05), np.float64(1.679306244838883e-05), np.float64(1.6793062448388762e-05), np.float64(1.6793062448388745e-05), np.float64(1.6793062448388698e-05), np.float64(1.6793062448388644e-05), np.float64(1.6793062448388603e-05), np.float64(1.6793062448388562e-05), np.float64(1.6793062448388505e-05), np.float64(1.679306244838842e-05), np.float64(1.679306244838832e-05), np.float64(1.679306244838832e-05), np.float64(1.6793062448388203e-05), np.float64(1.679306244838812e-05), np.float64(1.679306244838789e-05), np.float64(1.6793062448387905e-05), np.float64(1.6793062448387465e-05), np.float64(1.679306244838737e-05), np.float64(1.679306244838689e-05), np.float64(1.679306244838649e-05), np.float64(1.6793062448386387e-05), np.float64(1.6793062448385635e-05), np.float64(1.679306244838503e-05), np.float64(1.6793062448323944e-05), np.float64(1.6793062447912032e-05), np.float64(1.679306242752858e-05), np.float64(1.679305788776955e-05), np.float64(7.653131440926359e-10), np.float64(0.004777779501793371), np.float64(1.767857051905339e-05), np.float64(1.767856710651679e-05), np.float64(1.767856654356289e-05), np.float64(1.7678566536646818e-05), np.float64(1.767856653638733e-05), np.float64(1.767856653635751e-05), np.float64(1.7678566536356615e-05), np.float64(1.767856653635653e-05), np.float64(1.7678566536355978e-05), np.float64(1.7678566536355842e-05), np.float64(1.7678566536355713e-05), np.float64(1.767856653635564e-05), np.float64(1.767856653635559e-05), np.float64(1.7678566536355503e-05), np.float64(1.7678566536355436e-05), np.float64(1.767856653635543e-05), np.float64(1.7678566536355337e-05), np.float64(1.7678566536355188e-05), np.float64(1.767856653635517e-05), np.float64(1.767856653635517e-05), np.float64(1.767856653635508e-05), np.float64(1.7678566536355046e-05), np.float64(1.7678566536354985e-05), np.float64(1.767856653635492e-05), np.float64(1.7678566536354927e-05), np.float64(1.7678566536354917e-05), np.float64(1.7678566536354863e-05), np.float64(1.7678566536354768e-05), np.float64(1.767856653635474e-05), np.float64(1.7678566536354714e-05), np.float64(1.7678566536354704e-05), np.float64(1.7678566536354633e-05), np.float64(1.7678566536354534e-05), np.float64(1.7678566536354463e-05), np.float64(1.7678566536354443e-05), np.float64(1.767856653635444e-05), np.float64(1.767856653635438e-05), np.float64(1.7678566536354338e-05), np.float64(1.7678566536354297e-05), np.float64(1.767856653635429e-05), np.float64(1.7678566536354195e-05), np.float64(1.7678566536354175e-05), np.float64(1.767856653635414e-05), np.float64(1.7678566536354138e-05), np.float64(1.7678566536354074e-05), np.float64(1.767856653635404e-05), np.float64(1.7678566536353965e-05), np.float64(1.767856653635387e-05), np.float64(1.767856653635386e-05), np.float64(1.7678566536353836e-05), np.float64(1.7678566536353843e-05), np.float64(1.7678566536353714e-05), np.float64(1.7678566536353657e-05), np.float64(1.7678566536353552e-05), np.float64(1.7678566536353447e-05), np.float64(1.7678566536353105e-05), np.float64(1.7678566536353023e-05), np.float64(1.767856653635292e-05), np.float64(1.7678566536352894e-05), np.float64(1.7678566536351485e-05), np.float64(1.7678565252112812e-05), np.float64(8.217375013111402e-10), np.float64(4.986977562554686e-10)]
[np.float64(0.004777782330510924), np.float64(1.7611706892882864e-05), np.float64(1.7611704625059592e-05), np.float64(1.7611704279974225e-05), np.float64(1.761170427793707e-05), np.float64(1.7611704277824978e-05), np.float64(1.7611704277800885e-05), np.float64(1.7611704277800607e-05), np.float64(1.7611704277800447e-05), np.float64(1.7611704277798838e-05), np.float64(1.7611704277798686e-05), np.float64(1.7611704277798303e-05), np.float64(1.7611704277798265e-05), np.float64(1.7611704277797964e-05), np.float64(1.7611704277797937e-05), np.float64(1.761170427779778e-05), np.float64(1.761170427779767e-05), np.float64(1.761170427779767e-05), np.float64(1.761170427779761e-05), np.float64(1.7611704277797564e-05), np.float64(1.761170427779756e-05), np.float64(1.761170427779749e-05), np.float64(1.7611704277797446e-05), np.float64(1.761170427779743e-05), np.float64(1.7611704277797425e-05), np.float64(1.7611704277797344e-05), np.float64(1.7611704277797307e-05), np.float64(1.761170427779729e-05), np.float64(1.7611704277797212e-05), np.float64(1.761170427779709e-05), np.float64(1.761170427779709e-05), np.float64(1.7611704277797022e-05), np.float64(1.7611704277796947e-05), np.float64(1.7611704277796907e-05), np.float64(1.7611704277796832e-05), np.float64(1.7611704277796826e-05), np.float64(1.7611704277796748e-05), np.float64(1.7611704277796758e-05), np.float64(1.761170427779666e-05), np.float64(1.7611704277796602e-05), np.float64(1.7611704277796595e-05), np.float64(1.761170427779657e-05), np.float64(1.7611704277796517e-05), np.float64(1.761170427779646e-05), np.float64(1.7611704277796443e-05), np.float64(1.7611704277796456e-05), np.float64(1.7611704277796416e-05), np.float64(1.7611704277796324e-05), np.float64(1.7611704277796283e-05), np.float64(1.7611704277796277e-05), np.float64(1.7611704277796243e-05), np.float64(1.7611704277796e-05), np.float64(1.7611704277795975e-05), np.float64(1.761170427779584e-05), np.float64(1.7611704277795785e-05), np.float64(1.7611704277795633e-05), np.float64(1.7611704277795657e-05), np.float64(1.761170427779562e-05), np.float64(1.7611704277795447e-05), np.float64(1.7611704277795426e-05), np.float64(1.7611704277795284e-05), np.float64(1.7611702023387686e-05), np.float64(0.004777777733268256), np.float64(1.6793062966475648e-05), np.float64(1.6793062526072238e-05), np.float64(1.67930624483906e-05), np.float64(1.6793062448390514e-05), np.float64(1.6793062448390504e-05), np.float64(1.679306244839047e-05), np.float64(1.67930624483903e-05), np.float64(1.6793062448390246e-05), np.float64(1.6793062448390202e-05), np.float64(1.6793062448390107e-05), np.float64(1.679306244839e-05), np.float64(1.679306244838989e-05), np.float64(1.6793062448389857e-05), np.float64(1.6793062448389792e-05), np.float64(1.679306244838972e-05), np.float64(1.6793062448389633e-05), np.float64(1.6793062448389626e-05), np.float64(1.6793062448389538e-05), np.float64(1.6793062448389497e-05), np.float64(1.679306244838949e-05), np.float64(1.679306244838945e-05), np.float64(1.6793062448389396e-05), np.float64(1.679306244838937e-05), np.float64(1.6793062448389304e-05), np.float64(1.679306244838927e-05), np.float64(1.6793062448389223e-05), np.float64(1.679306244838921e-05), np.float64(1.679306244838918e-05), np.float64(1.679306244838914e-05), np.float64(1.6793062448389108e-05), np.float64(1.6793062448389023e-05), np.float64(1.6793062448388962e-05), np.float64(1.679306244838895e-05), np.float64(1.6793062448388928e-05), np.float64(1.679306244838888e-05), np.float64(1.679306244838883e-05), np.float64(1.6793062448388762e-05), np.float64(1.6793062448388745e-05), np.float64(1.6793062448388698e-05), np.float64(1.6793062448388644e-05), np.float64(1.6793062448388603e-05), np.float64(1.6793062448388562e-05), np.float64(1.6793062448388505e-05), np.float64(1.679306244838842e-05), np.float64(1.679306244838832e-05), np.float64(1.679306244838832e-05), np.float64(1.6793062448388203e-05), np.float64(1.679306244838812e-05), np.float64(1.679306244838789e-05), np.float64(1.6793062448387905e-05), np.float64(1.6793062448387465e-05), np.float64(1.6793062448387376e-05), np.float64(1.679306244838689e-05), np.float64(1.6793062448386485e-05), np.float64(1.6793062448386384e-05), np.float64(1.679306244838565e-05), np.float64(1.6793062448385022e-05), np.float64(1.6793062448323937e-05), np.float64(1.6793062447912035e-05), np.float64(1.6793062427528533e-05), np.float64(1.6793057887768018e-05), np.float64(1.4793177395538943e-09), np.float64(0.3206006818792506), np.float64(1.7678570519051695e-05), np.float64(1.7678567106516704e-05), np.float64(1.7678566543562903e-05), np.float64(1.7678566536646815e-05), np.float64(1.7678566536387345e-05), np.float64(1.7678566536357502e-05), np.float64(1.767856653635661e-05), np.float64(1.7678566536356527e-05), np.float64(1.7678566536355978e-05), np.float64(1.7678566536355846e-05), np.float64(1.7678566536355717e-05), np.float64(1.767856653635564e-05), np.float64(1.767856653635559e-05), np.float64(1.7678566536355503e-05), np.float64(1.7678566536355436e-05), np.float64(1.767856653635543e-05), np.float64(1.7678566536355337e-05), np.float64(1.7678566536355188e-05), np.float64(1.7678566536355164e-05), np.float64(1.767856653635517e-05), np.float64(1.767856653635508e-05), np.float64(1.7678566536355046e-05), np.float64(1.7678566536354985e-05), np.float64(1.767856653635492e-05), np.float64(1.7678566536354927e-05), np.float64(1.7678566536354917e-05), np.float64(1.7678566536354863e-05), np.float64(1.7678566536354768e-05), np.float64(1.7678566536354744e-05), np.float64(1.7678566536354717e-05), np.float64(1.7678566536354704e-05), np.float64(1.7678566536354633e-05), np.float64(1.7678566536354534e-05), np.float64(1.7678566536354467e-05), np.float64(1.7678566536354443e-05), np.float64(1.767856653635444e-05), np.float64(1.767856653635438e-05), np.float64(1.767856653635434e-05), np.float64(1.76785665363543e-05), np.float64(1.767856653635429e-05), np.float64(1.7678566536354195e-05), np.float64(1.7678566536354175e-05), np.float64(1.767856653635414e-05), np.float64(1.7678566536354138e-05), np.float64(1.7678566536354074e-05), np.float64(1.7678566536354043e-05), np.float64(1.7678566536353965e-05), np.float64(1.767856653635387e-05), np.float64(1.767856653635386e-05), np.float64(1.7678566536353836e-05), np.float64(1.7678566536353843e-05), np.float64(1.7678566536353714e-05), np.float64(1.7678566536353657e-05), np.float64(1.7678566536353552e-05), np.float64(1.7678566536353443e-05), np.float64(1.7678566536353105e-05), np.float64(1.7678566536353023e-05), np.float64(1.767856653635292e-05), np.float64(1.7678566536352894e-05), np.float64(1.7678566536351485e-05), np.float64(1.7678565252112755e-05), np.float64(7.466173454754239e-10), np.float64(4.3208397128411283e-10)]
Total probability = 1.0000
Success probability = 0.9650
Inconclusive probability = 0.0000

ideal_distrib
[np.float64(0.187014512922455), np.float64(0.18701451292245747), np.float64(0.18701451292246687), np.float64(0.43895646123262066)]
result_distrib
[np.float64(0.3216751494275124), np.float64(0.32162499242206005), np.float64(0.3216790741303484), np.float64(3.5673279288068286e-08)]
Params:
[0.9385527090157504, 0.0007787658410143285, 0.9922115592912177, 0.6174815096277166, 0.611653160488281, 0.007066305219717408]
===============================================================================
                                     CVXPY                                     
                                     v1.6.0                                    
===============================================================================
(CVXPY) May 15 02:04:57 PM: Your problem has 16384 variables, 20486 constraints, and 0 parameters.
(CVXPY) May 15 02:04:57 PM: It is compliant with the following grammars: DCP, DQCP
(CVXPY) May 15 02:04:57 PM: (If you need to solve this problem multiple times, but with different data, consider using parameters.)
(CVXPY) May 15 02:04:57 PM: CVXPY will first compile your problem; then, it will invoke a numerical solver to obtain a solution.
(CVXPY) May 15 02:04:57 PM: Your problem is compiled with the CPP canonicalization backend.
-------------------------------------------------------------------------------
                                  Compilation                                  
-------------------------------------------------------------------------------
(CVXPY) May 15 02:04:57 PM: Compiling problem (target solver=SCS).
(CVXPY) May 15 02:04:57 PM: Reduction chain: Complex2Real -> FlipObjective -> Dcp2Cone -> CvxAttr2Constr -> ConeMatrixStuffing -> SCS
(CVXPY) May 15 02:04:57 PM: Applying reduction Complex2Real
(CVXPY) May 15 02:04:57 PM: Applying reduction FlipObjective
(CVXPY) May 15 02:04:57 PM: Applying reduction Dcp2Cone
(CVXPY) May 15 02:04:57 PM: Applying reduction CvxAttr2Constr
(CVXPY) May 15 02:04:57 PM: Applying reduction ConeMatrixStuffing
(CVXPY) May 15 02:04:58 PM: Applying reduction SCS
(CVXPY) May 15 02:04:58 PM: Finished problem compilation (took 1.039e+00 seconds).
-------------------------------------------------------------------------------
                                Numerical solver                               
-------------------------------------------------------------------------------
(CVXPY) May 15 02:04:58 PM: Invoking solver SCS  to obtain a solution.
------------------------------------------------------------------
	       SCS v3.2.7 - Splitting Conic Solver
	(c) Brendan O'Donoghue, Stanford University, 2012
------------------------------------------------------------------
problem:  variables n: 16384, constraints m: 41222
cones: 	  z: primal zero / dual free vars: 8192
	  l: linear vars: 6
	  s: psd vars: 33024, ssize: 4
settings: eps_abs: 1.0e-07, eps_rel: 1.0e-07, eps_infeas: 1.0e-07
	  alpha: 1.50, scale: 1.00e-01, adaptive_scale: 1
	  max_iters: 100000, normalize: 1, rho_x: 1.00e-06
	  acceleration_lookback: 10, acceleration_interval: 10
lin-sys:  sparse-direct-amd-qdldl
	  nnz(A): 108370, nnz(P): 0
------------------------------------------------------------------
 iter | pri res | dua res |   gap   |   obj   |  scale  | time (s)
------------------------------------------------------------------
     0| 1.00e+00  2.56e-01  6.34e+00  9.92e-01  1.00e-01  5.09e-02 
   250| 4.55e-03  2.17e-04  4.11e-03 -9.55e-01  1.00e-01  3.03e+00 
   500| 2.66e-03  1.47e-04  2.81e-03 -9.53e-01  1.00e-01  6.53e+00 
   750| 1.49e-03  7.73e-05  1.48e-03 -9.53e-01  1.00e-01  1.02e+01 
  1000| 1.28e-03  6.96e-05  1.34e-03 -9.52e-01  1.00e-01  1.39e+01 
  1250| 1.13e-03  6.38e-05  1.23e-03 -9.52e-01  1.00e-01  1.79e+01 
  1500| 8.72e-04  2.57e-05  4.91e-04 -9.52e-01  1.00e-01  2.17e+01 
  1750| 4.14e-05  3.57e-06  7.11e-05 -9.50e-01  1.00e-01  2.51e+01 
  2000| 1.42e-05  7.73e-06  7.83e-06 -9.50e-01  1.00e-01  2.85e+01 
  2250| 1.97e-08  8.68e-09  7.14e-09 -9.50e-01  1.00e-01  3.18e+01 
------------------------------------------------------------------
status:  solved
timings: total: 3.18e+01s = setup: 4.16e-02s + solve: 3.17e+01s
	 lin-sys: 3.01e+00s, cones: 2.79e+01s, accel: 1.72e-01s
------------------------------------------------------------------
objective = -0.949768
------------------------------------------------------------------
-------------------------------------------------------------------------------
                                    Summary                                    
-------------------------------------------------------------------------------
(CVXPY) May 15 02:05:32 PM: Problem status: optimal
(CVXPY) May 15 02:05:32 PM: Optimal value: 9.498e-01
(CVXPY) May 15 02:05:32 PM: Compilation took 1.039e+00 seconds
(CVXPY) May 15 02:05:32 PM: Solver (including time spent in interface) took 3.396e+01 seconds
Result = 0.9497681913428309
CVXPY returns optimal
bitstring_to_target_state
{0: 0, 1: 1, 2: 1, 3: 1, 4: 1, 5: 1, 6: 1, 7: 1, 8: 1, 9: 1, 10: 1, 11: 1, 12: 1, 13: 1, 14: 1, 15: 1, 16: 1, 17: 1, 18: 1, 19: 1, 20: 1, 21: 1, 22: 1, 23: 1, 24: 1, 25: 1, 26: 1, 27: 1, 28: 1, 29: 1, 30: 1, 31: 1, 32: 1, 33: 1, 34: 1, 35: 1, 36: 1, 37: 1, 38: 1, 39: 1, 40: 1, 41: 1, 42: 1, 43: 1, 44: 1, 45: 1, 46: 1, 47: 1, 48: 1, 49: 1, 50: 1, 51: 1, 52: 1, 53: 1, 54: 1, 55: 1, 56: 1, 57: 1, 58: 1, 59: 1, 60: 1, 61: 1, 62: 1, 63: 2}
strings_used
64
Probabilities for each state:
[np.float64(0.3136215483261158), np.float64(0.014507511905086362), np.float64(5.208337364081209e-05), np.float64(5.2083396210704324e-05), np.float64(5.208333322877097e-05), np.float64(5.208333863312742e-05), np.float64(5.208333644256677e-05), np.float64(5.2083337219679646e-05), np.float64(5.208333560285774e-05), np.float64(5.208333322713718e-05), np.float64(5.208333352882964e-05), np.float64(5.208333392281697e-05), np.float64(5.208333487487496e-05), np.float64(5.208334150533837e-05), np.float64(5.208336839812131e-05), np.float64(5.208335064485538e-05), np.float64(5.208333538428546e-05), np.float64(5.208333785275679e-05), np.float64(5.2083333728083826e-05), np.float64(5.2083333305953776e-05), np.float64(5.20833333912076e-05), np.float64(5.208333323358962e-05), np.float64(5.2083333764853696e-05), np.float64(5.208333617117407e-05), np.float64(5.2083334854615555e-05), np.float64(5.208333704759469e-05), np.float64(5.208333491355989e-05), np.float64(5.208333354200235e-05), np.float64(5.2083334596710266e-05), np.float64(5.208333317350062e-05), np.float64(5.208333349411615e-05), np.float64(5.208333370364292e-05), np.float64(5.208333343481668e-05), np.float64(5.2083333607567606e-05), np.float64(5.2083333450990096e-05), np.float64(5.208333400521252e-05), np.float64(5.208333482717718e-05), np.float64(5.208333442275542e-05), np.float64(5.2083335021021344e-05), np.float64(5.208333471576637e-05), np.float64(5.2083334087701835e-05), np.float64(5.208333374496591e-05), np.float64(5.208333329953903e-05), np.float64(5.2083333143419775e-05), np.float64(5.208333354309791e-05), np.float64(5.208333359904859e-05), np.float64(5.208333325319084e-05), np.float64(5.2083334392829056e-05), np.float64(5.208333314929416e-05), np.float64(5.2083335071822965e-05), np.float64(5.208333383412153e-05), np.float64(5.208333327311335e-05), np.float64(5.208333386634346e-05), np.float64(5.208333344326492e-05), np.float64(5.208333369898864e-05), np.float64(5.208333315220342e-05), np.float64(5.2083333494353426e-05), np.float64(5.2083333195984024e-05), np.float64(5.208333345161764e-05), np.float64(5.20833332376801e-05), np.float64(5.2083333160353224e-05), np.float64(5.2083333325678564e-05), np.float64(5.208333353631384e-05), np.float64(0.002027175105457769)]
[np.float64(0.00012995358624337625), np.float64(0.3298966545403406), np.float64(5.2084257507814576e-05), np.float64(5.2084772508708225e-05), np.float64(5.208333538453241e-05), np.float64(5.208345870155159e-05), np.float64(5.2083408717302627e-05), np.float64(5.2083426449669986e-05), np.float64(5.208338955710666e-05), np.float64(5.208333534792386e-05), np.float64(5.208334223203129e-05), np.float64(5.208335122216144e-05), np.float64(5.208337294627831e-05), np.float64(5.20835242405997e-05), np.float64(5.2084137881314674e-05), np.float64(5.208373278658957e-05), np.float64(5.208338457035508e-05), np.float64(5.208344089619417e-05), np.float64(5.20833467792679e-05), np.float64(5.208333714709963e-05), np.float64(5.208333909254525e-05), np.float64(5.208333549605567e-05), np.float64(5.2083347618546384e-05), np.float64(5.208340252614628e-05), np.float64(5.208337248487821e-05), np.float64(5.2083422524500545e-05), np.float64(5.208337383005066e-05), np.float64(5.2083342533890096e-05), np.float64(5.2083366600353735e-05), np.float64(5.2083334125543594e-05), np.float64(5.208334144143613e-05), np.float64(5.208334622247452e-05), np.float64(5.2083340088448664e-05), np.float64(5.2083344030318125e-05), np.float64(5.208334045765481e-05), np.float64(5.2083353103984456e-05), np.float64(5.208337185968098e-05), np.float64(5.2083362631640817e-05), np.float64(5.2083376282945126e-05), np.float64(5.208336931768102e-05), np.float64(5.2083354986516876e-05), np.float64(5.208334716599033e-05), np.float64(5.2083337002360286e-05), np.float64(5.2083333440056025e-05), np.float64(5.208334255998931e-05), np.float64(5.2083343836768576e-05), np.float64(5.208333594499915e-05), np.float64(5.208336194940591e-05), np.float64(5.208333357449619e-05), np.float64(5.2083377442917506e-05), np.float64(5.208334920106597e-05), np.float64(5.208333639998372e-05), np.float64(5.2083349936393836e-05), np.float64(5.208334028268235e-05), np.float64(5.208334611786959e-05), np.float64(5.2083333641425396e-05), np.float64(5.208334144870524e-05), np.float64(5.2083334640536726e-05), np.float64(5.208334047372958e-05), np.float64(5.208333559225506e-05), np.float64(5.208333382789108e-05), np.float64(5.208333760041562e-05), np.float64(5.208334240677906e-05), np.float64(0.0001296378425398472)]
[np.float64(0.012315925776480708), np.float64(0.014767447563773373), np.float64(5.208337436927248e-05), np.float64(5.208339734501358e-05), np.float64(5.2083333230547684e-05), np.float64(5.2083338732084736e-05), np.float64(5.208333650213375e-05), np.float64(5.208333729322072e-05), np.float64(5.208333564732532e-05), np.float64(5.2083333228885026e-05), np.float64(5.2083333536002605e-05), np.float64(5.2083333937074664e-05), np.float64(5.2083334906251856e-05), np.float64(5.2083341655944234e-05), np.float64(5.2083369032310064e-05), np.float64(5.208335095980665e-05), np.float64(5.208333542482337e-05), np.float64(5.208333793768265e-05), np.float64(5.2083333738840284e-05), np.float64(5.2083333309119545e-05), np.float64(5.208333339590648e-05), np.float64(5.208333323545428e-05), np.float64(5.208333377627163e-05), np.float64(5.208333622586221e-05), np.float64(5.208333488562945e-05), np.float64(5.20833371180426e-05), np.float64(5.2083334945633894e-05), np.float64(5.2083333549413244e-05), np.float64(5.208333462308684e-05), np.float64(5.2083333174285276e-05), np.float64(5.208333350066614e-05), np.float64(5.208333371396062e-05), np.float64(5.208333344030043e-05), np.float64(5.208333361615775e-05), np.float64(5.208333345676479e-05), np.float64(5.208333402095323e-05), np.float64(5.2083334857698355e-05), np.float64(5.2083334446004456e-05), np.float64(5.20833350550283e-05), np.float64(5.208333474428437e-05), np.float64(5.208333410492612e-05), np.float64(5.208333375602715e-05), np.float64(5.20833333025908e-05), np.float64(5.20833331436643e-05), np.float64(5.20833335505294e-05), np.float64(5.2083333607486257e-05), np.float64(5.208333325540938e-05), np.float64(5.2083334415540476e-05), np.float64(5.208333314964461e-05), np.float64(5.208333510674417e-05), np.float64(5.208333384678659e-05), np.float64(5.208333327569045e-05), np.float64(5.208333387958799e-05), np.float64(5.208333344890177e-05), np.float64(5.2083333709223967e-05), np.float64(5.208333315260661e-05), np.float64(5.20833335009092e-05), np.float64(5.2083333197174586e-05), np.float64(5.208333345740509e-05), np.float64(5.208333323962069e-05), np.float64(5.208333316090339e-05), np.float64(5.20833333292017e-05), np.float64(5.2083333543624655e-05), np.float64(0.3030728997565563)]
Total probability = 1.0000
Success probability = 0.9498
Inconclusive probability = 0.0000

ideal_distrib
[np.float64(0.187014512922455), np.float64(0.18701451292245747), np.float64(0.18701451292246687), np.float64(0.43895646123262066)]
result_distrib
[np.float64(0.31362154808035286), np.float64(0.33307374296438796), np.float64(0.3030729002980901), 0]
Params:
[0.02306242504141576, 0.5247746602583893, 0.3998609717152556, 0.046665663213615434, 0.9737555188414594, 0.23277134043030429]
===============================================================================
                                     CVXPY                                     
                                     v1.6.0                                    
===============================================================================
(CVXPY) May 15 02:05:32 PM: Your problem has 16384 variables, 20486 constraints, and 0 parameters.
(CVXPY) May 15 02:05:32 PM: It is compliant with the following grammars: DCP, DQCP
(CVXPY) May 15 02:05:32 PM: (If you need to solve this problem multiple times, but with different data, consider using parameters.)
(CVXPY) May 15 02:05:32 PM: CVXPY will first compile your problem; then, it will invoke a numerical solver to obtain a solution.
(CVXPY) May 15 02:05:32 PM: Your problem is compiled with the CPP canonicalization backend.
-------------------------------------------------------------------------------
                                  Compilation                                  
-------------------------------------------------------------------------------
(CVXPY) May 15 02:05:32 PM: Compiling problem (target solver=SCS).
(CVXPY) May 15 02:05:32 PM: Reduction chain: Complex2Real -> FlipObjective -> Dcp2Cone -> CvxAttr2Constr -> ConeMatrixStuffing -> SCS
(CVXPY) May 15 02:05:32 PM: Applying reduction Complex2Real
(CVXPY) May 15 02:05:32 PM: Applying reduction FlipObjective
(CVXPY) May 15 02:05:32 PM: Applying reduction Dcp2Cone
(CVXPY) May 15 02:05:32 PM: Applying reduction CvxAttr2Constr
(CVXPY) May 15 02:05:32 PM: Applying reduction ConeMatrixStuffing
(CVXPY) May 15 02:05:33 PM: Applying reduction SCS
(CVXPY) May 15 02:05:33 PM: Finished problem compilation (took 1.045e+00 seconds).
-------------------------------------------------------------------------------
                                Numerical solver                               
-------------------------------------------------------------------------------
(CVXPY) May 15 02:05:33 PM: Invoking solver SCS  to obtain a solution.
------------------------------------------------------------------
	       SCS v3.2.7 - Splitting Conic Solver
	(c) Brendan O'Donoghue, Stanford University, 2012
------------------------------------------------------------------
problem:  variables n: 16384, constraints m: 41222
cones: 	  z: primal zero / dual free vars: 8192
	  l: linear vars: 6
	  s: psd vars: 33024, ssize: 4
settings: eps_abs: 1.0e-07, eps_rel: 1.0e-07, eps_infeas: 1.0e-07
	  alpha: 1.50, scale: 1.00e-01, adaptive_scale: 1
	  max_iters: 100000, normalize: 1, rho_x: 1.00e-06
	  acceleration_lookback: 10, acceleration_interval: 10
lin-sys:  sparse-direct-amd-qdldl
	  nnz(A): 108370, nnz(P): 0
------------------------------------------------------------------
 iter | pri res | dua res |   gap   |   obj   |  scale  | time (s)
------------------------------------------------------------------
     0| 1.00e+00  2.50e-01  6.69e+00  6.77e-01  1.00e-01  4.95e-02 
   250| 4.17e-04  2.03e-05  1.76e-04 -9.63e-01  1.00e-01  2.73e+00 
   500| 2.98e-04  2.32e-05  5.67e-05 -9.63e-01  1.00e-01  5.30e+00 
   750| 2.32e-04  4.39e-06  2.10e-05 -9.64e-01  1.00e-01  8.66e+00 
  1000| 2.17e-04  5.73e-06  9.87e-05 -9.64e-01  1.00e-01  1.19e+01 
  1250| 1.46e-04  2.66e-06  4.49e-05 -9.64e-01  1.00e-01  1.50e+01 
  1500| 2.43e-04  2.27e-05  8.59e-05 -9.64e-01  1.00e-01  1.82e+01 
  1750| 7.93e-05  1.87e-06  3.05e-05 -9.64e-01  1.00e-01  2.12e+01 
  2000| 3.51e-05  1.53e-06  2.80e-05 -9.64e-01  1.00e-01  2.44e+01 
  2250| 1.28e-04  1.60e-06  2.88e-05 -9.64e-01  1.00e-01  2.78e+01 
  2500| 2.32e-04  2.61e-05  5.55e-05 -9.64e-01  1.00e-01  3.12e+01 
  2750| 7.18e-05  1.58e-06  2.53e-05 -9.64e-01  1.00e-01  3.45e+01 
  3000| 7.75e-05  1.47e-06  2.88e-05 -9.64e-01  1.00e-01  3.79e+01 
  3250| 1.26e-04  1.51e-06  1.58e-05 -9.64e-01  1.00e-01  4.11e+01 
  3500| 3.29e-05  1.01e-06  1.28e-05 -9.64e-01  1.00e-01  4.44e+01 
  3750| 3.09e-05  6.77e-07  5.88e-06 -9.64e-01  1.00e-01  4.76e+01 
  4000| 7.30e-04  1.01e-05  1.85e-04 -9.64e-01  1.00e-01  5.08e+01 
  4250| 6.64e-05  1.54e-06  6.25e-06 -9.64e-01  1.00e-01  5.40e+01 
  4500| 1.85e-05  3.95e-07  6.08e-06 -9.64e-01  1.00e-01  5.70e+01 
  4750| 1.41e-05  6.32e-07  1.19e-05 -9.64e-01  1.00e-01  6.02e+01 
  5000| 1.81e-05  5.34e-07  9.84e-06 -9.64e-01  1.00e-01  6.34e+01 
  5250| 2.87e-06  6.99e-08  1.17e-06 -9.64e-01  1.00e-01  6.68e+01 
  5500| 3.01e-06  7.54e-08  1.30e-06 -9.64e-01  1.00e-01  7.01e+01 
  5750| 4.56e-06  2.45e-07  3.55e-07 -9.64e-01  1.00e-01  7.33e+01 
  6000| 6.22e-06  1.43e-07  2.28e-06 -9.64e-01  1.00e-01  7.66e+01 
  6225| 1.82e-07  6.31e-09  3.85e-08 -9.64e-01  1.00e-01  7.95e+01 
------------------------------------------------------------------
status:  solved
timings: total: 7.95e+01s = setup: 3.97e-02s + solve: 7.94e+01s
	 lin-sys: 7.50e+00s, cones: 7.00e+01s, accel: 4.26e-01s
------------------------------------------------------------------
objective = -0.964018
------------------------------------------------------------------
-------------------------------------------------------------------------------
                                    Summary                                    
-------------------------------------------------------------------------------
(CVXPY) May 15 02:06:59 PM: Problem status: optimal
(CVXPY) May 15 02:06:59 PM: Optimal value: 9.640e-01
(CVXPY) May 15 02:06:59 PM: Compilation took 1.045e+00 seconds
(CVXPY) May 15 02:06:59 PM: Solver (including time spent in interface) took 8.618e+01 seconds
Result = 0.964017729823202
CVXPY returns optimal
bitstring_to_target_state
{0: 0, 1: 0, 2: 0, 3: 0, 4: 0, 5: 0, 6: 0, 7: 0, 8: 0, 9: 0, 10: 0, 11: 0, 12: 0, 13: 0, 14: 0, 15: 0, 16: 0, 17: 0, 18: 0, 19: 0, 20: 0, 21: 0, 22: 0, 23: 0, 24: 0, 25: 0, 26: 0, 27: 0, 28: 0, 29: 0, 30: 0, 31: 0, 32: 0, 33: 0, 34: 0, 35: 0, 36: 0, 37: 0, 38: 0, 39: 0, 40: 0, 41: 0, 42: 0, 43: 0, 44: 0, 45: 0, 46: 0, 47: 0, 48: 0, 49: 0, 50: 0, 51: 0, 52: 0, 53: 0, 54: 0, 55: 0, 56: 0, 57: 0, 58: 0, 59: 0, 60: 0, 61: 0, 62: 0, 63: 0, 64: 1, 65: 1, 66: 1, 67: 1, 68: 1, 69: 1, 70: 1, 71: 1, 72: 1, 73: 1, 74: 1, 75: 1, 76: 1, 77: 1, 78: 1, 79: 1, 80: 1, 81: 1, 82: 1, 83: 1, 84: 1, 85: 1, 86: 1, 87: 1, 88: 1, 89: 1, 90: 1, 91: 1, 92: 1, 93: 1, 94: 1, 95: 1, 96: 1, 97: 1, 98: 1, 99: 1, 100: 1, 101: 1, 102: 1, 103: 1, 104: 1, 105: 1, 106: 1, 107: 1, 108: 1, 109: 1, 110: 1, 111: 1, 112: 1, 113: 1, 114: 1, 115: 1, 116: 1, 117: 1, 118: 1, 119: 1, 120: 1, 121: 1, 122: 1, 123: 1, 124: 1, 125: 1, 126: 1, 127: 2, 128: 2, 129: 2, 130: 2, 131: 2, 132: 2, 133: 2, 134: 2, 135: 2, 136: 2, 137: 2, 138: 2, 139: 2, 140: 2, 141: 2, 142: 2, 143: 2, 144: 2, 145: 2, 146: 2, 147: 2, 148: 2, 149: 2, 150: 2, 151: 2, 152: 2, 153: 2, 154: 2, 155: 2, 156: 2, 157: 2, 158: 2, 159: 2, 160: 2, 161: 2, 162: 2, 163: 2, 164: 2, 165: 2, 166: 2, 167: 2, 168: 2, 169: 2, 170: 2, 171: 2, 172: 2, 173: 2, 174: 2, 175: 2, 176: 2, 177: 2, 178: 2, 179: 2, 180: 2, 181: 2, 182: 2, 183: 2, 184: 2, 185: 2, 186: 2, 187: 2, 188: 2, 189: 2, 190: 3, 191: 3, 192: 3, 193: 3, 194: 3, 195: 3, 196: 3, 197: 3, 198: 3, 199: 3, 200: 3, 201: 3, 202: 3, 203: 3, 204: 3, 205: 3, 206: 3, 207: 3, 208: 3, 209: 3, 210: 3, 211: 3, 212: 3, 213: 3, 214: 3, 215: 3, 216: 3, 217: 3, 218: 3, 219: 3, 220: 3, 221: 3, 222: 3, 223: 3, 224: 3, 225: 3, 226: 3, 227: 3, 228: 3, 229: 3, 230: 3, 231: 3, 232: 3, 233: 3, 234: 3, 235: 3, 236: 3, 237: 3, 238: 3, 239: 3, 240: 3, 241: 3, 242: 3, 243: 3, 244: 3, 245: 3, 246: 3, 247: 3, 248: 3, 249: 3, 250: 3}
strings_used
251
Probabilities for each state:
[np.float64(0.32367063304288546), np.float64(2.5862410644684304e-05), np.float64(2.5862410304901472e-05), np.float64(2.5862410270147683e-05), np.float64(2.5862410264266174e-05), np.float64(2.586241026323809e-05), np.float64(2.586241025962462e-05), np.float64(2.586241025892249e-05), np.float64(2.5862410258300026e-05), np.float64(2.5862410257266416e-05), np.float64(2.5862410256295228e-05), np.float64(2.586241025471092e-05), np.float64(2.586241025391898e-05), np.float64(2.586241025337487e-05), np.float64(2.586241025236375e-05), np.float64(2.586241025160312e-05), np.float64(2.586241025134453e-05), np.float64(2.586241024990917e-05), np.float64(2.586241024956494e-05), np.float64(2.5862410248249547e-05), np.float64(2.586241024709677e-05), np.float64(2.5862410246749607e-05), np.float64(2.5862410246453244e-05), np.float64(2.5862410245327168e-05), np.float64(2.5862410245111503e-05), np.float64(2.5862410244654847e-05), np.float64(2.5862410244112275e-05), np.float64(2.586241024383853e-05), np.float64(2.5862410243115297e-05), np.float64(2.5862410242732808e-05), np.float64(2.5862410242031654e-05), np.float64(2.5862410241924616e-05), np.float64(2.5862410240844236e-05), np.float64(2.5862410240224e-05), np.float64(2.5862410239386672e-05), np.float64(2.5862410239014834e-05), np.float64(2.586241023865779e-05), np.float64(2.586241023816156e-05), np.float64(2.5862410237858147e-05), np.float64(2.5862410237407993e-05), np.float64(2.586241023691377e-05), np.float64(2.586241023607415e-05), np.float64(2.586241023507712e-05), np.float64(2.5862410234725893e-05), np.float64(2.5862410234022497e-05), np.float64(2.58624102337824e-05), np.float64(2.586241023297076e-05), np.float64(2.5862410232467602e-05), np.float64(2.5862410232018566e-05), np.float64(2.5862410231108073e-05), np.float64(2.586241023091011e-05), np.float64(2.5862410230224906e-05), np.float64(2.586241022971956e-05), np.float64(2.5862410228735175e-05), np.float64(2.5862410227854613e-05), np.float64(2.586241022711074e-05), np.float64(2.5862410226273473e-05), np.float64(2.5862410225458865e-05), np.float64(2.586241022489996e-05), np.float64(2.586241021604022e-05), np.float64(2.586241004260929e-05), np.float64(2.58624039166061e-05), np.float64(1.3190647653478764e-10), np.float64(1.1515342111016143e-09), np.float64(0.0032428507340918388), np.float64(9.815090150816637e-06), np.float64(9.815088792816893e-06), np.float64(9.815088790338844e-06), np.float64(9.815088789500207e-06), np.float64(9.815088788964465e-06), np.float64(9.815088788403059e-06), np.float64(9.815088786330298e-06), np.float64(9.815088785981947e-06), np.float64(9.815088784956175e-06), np.float64(9.81508878449887e-06), np.float64(9.815088783990505e-06), np.float64(9.815088783876594e-06), np.float64(9.815088783621888e-06), np.float64(9.815088783253093e-06), np.float64(9.81508878313528e-06), np.float64(9.815088782560371e-06), np.float64(9.815088782092396e-06), np.float64(9.815088781878998e-06), np.float64(9.815088781613263e-06), np.float64(9.815088781318106e-06), np.float64(9.815088781209559e-06), np.float64(9.815088780793789e-06), np.float64(9.81508878072776e-06), np.float64(9.815088780485601e-06), np.float64(9.815088780121746e-06), np.float64(9.815088779779918e-06), np.float64(9.815088779266013e-06), np.float64(9.815088779070026e-06), np.float64(9.815088778455514e-06), np.float64(9.815088778306406e-06), np.float64(9.815088778004222e-06), np.float64(9.81508877775683e-06), np.float64(9.81508877763814e-06), np.float64(9.815088777292946e-06), np.float64(9.815088776851308e-06), np.float64(9.815088776508736e-06), np.float64(9.815088776207038e-06), np.float64(9.815088775876566e-06), np.float64(9.815088775672865e-06), np.float64(9.815088775301665e-06), np.float64(9.815088775019494e-06), np.float64(9.815088774851067e-06), np.float64(9.815088774598424e-06), np.float64(9.815088774193005e-06), np.float64(9.815088773690276e-06), np.float64(9.815088773163154e-06), np.float64(9.81508877264222e-06), np.float64(9.815088772259058e-06), np.float64(9.81508877207228e-06), np.float64(9.815088771777298e-06), np.float64(9.815088770770526e-06), np.float64(9.815088770454365e-06), np.float64(9.815088768524073e-06), np.float64(9.815088768216663e-06), np.float64(9.815088767840253e-06), np.float64(9.815088766562628e-06), np.float64(9.815088765851784e-06), np.float64(9.815088762774386e-06), np.float64(9.815088750306166e-06), np.float64(9.81508870005716e-06), np.float64(9.815084539634267e-06), np.float64(3.869736168509582e-08), np.float64(0.003242850635733139), np.float64(9.734276531489122e-06), np.float64(9.734275607342472e-06), np.float64(9.734275606811767e-06), np.float64(9.734275605789884e-06), np.float64(9.734275604599149e-06), np.float64(9.734275603705546e-06), np.float64(9.734275602923301e-06), np.float64(9.73427560183851e-06), np.float64(9.734275601220179e-06), np.float64(9.734275600734912e-06), np.float64(9.734275599949228e-06), np.float64(9.734275599870638e-06), np.float64(9.7342755993775e-06), np.float64(9.73427559921156e-06), np.float64(9.734275598893183e-06), np.float64(9.734275598714266e-06), np.float64(9.734275598178266e-06), np.float64(9.734275597877184e-06), np.float64(9.734275597571415e-06), np.float64(9.734275597260088e-06), np.float64(9.734275597044728e-06), np.float64(9.73427559658215e-06), np.float64(9.734275596286664e-06), np.float64(9.73427559599263e-06), np.float64(9.734275595707985e-06), np.float64(9.734275595556777e-06), np.float64(9.734275595392673e-06), np.float64(9.734275595157466e-06), np.float64(9.73427559466224e-06), np.float64(9.734275594607052e-06), np.float64(9.734275594391733e-06), np.float64(9.734275593951636e-06), np.float64(9.734275593567753e-06), np.float64(9.734275593060519e-06), np.float64(9.73427559273136e-06), np.float64(9.73427559239559e-06), np.float64(9.734275592101635e-06), np.float64(9.734275591727748e-06), np.float64(9.734275591319488e-06), np.float64(9.734275591119963e-06), np.float64(9.734275590739623e-06), np.float64(9.734275590444151e-06), np.float64(9.734275590131064e-06), np.float64(9.734275590001315e-06), np.float64(9.734275589726824e-06), np.float64(9.734275589064263e-06), np.float64(9.734275588207618e-06), np.float64(9.734275587772118e-06), np.float64(9.734275587370953e-06), np.float64(9.734275587193804e-06), np.float64(9.734275586917136e-06), np.float64(9.734275586308636e-06), np.float64(9.73427558560503e-06), np.float64(9.734275585166009e-06), np.float64(9.734275585076778e-06), np.float64(9.734275583518335e-06), np.float64(9.734275583206805e-06), np.float64(9.734275581846929e-06), np.float64(9.73427556884578e-06), np.float64(9.73427544666287e-06), np.float64(9.734271587160528e-06), np.float64(3.8733713670948415e-08), np.float64(6.671567926922947e-06), np.float64(6.671561290740325e-06), np.float64(6.6715591930526205e-06), np.float64(6.67155873743174e-06), np.float64(6.6715587296308425e-06), np.float64(6.671558729155123e-06), np.float64(6.6715587271661765e-06), np.float64(6.671558726785611e-06), np.float64(6.67155872571878e-06), np.float64(6.6715587253251335e-06), np.float64(6.671558724850358e-06), np.float64(6.671558724042565e-06), np.float64(6.671558723889697e-06), np.float64(6.671558723704941e-06), np.float64(6.671558723406062e-06), np.float64(6.671558722899753e-06), np.float64(6.671558722611135e-06), np.float64(6.671558722516642e-06), np.float64(6.671558722231137e-06), np.float64(6.67155872192836e-06), np.float64(6.6715587218219365e-06), np.float64(6.671558721448914e-06), np.float64(6.6715587212552825e-06), np.float64(6.67155872104553e-06), np.float64(6.671558720853474e-06), np.float64(6.671558720704659e-06), np.float64(6.671558720449495e-06), np.float64(6.67155872024195e-06), np.float64(6.6715587199927324e-06), np.float64(6.671558719653365e-06), np.float64(6.6715587195535e-06), np.float64(6.671558719368119e-06), np.float64(6.671558718938944e-06), np.float64(6.671558718870057e-06), np.float64(6.671558718658217e-06), np.float64(6.671558718440157e-06), np.float64(6.671558718218621e-06), np.float64(6.671558717930873e-06), np.float64(6.67155871770275e-06), np.float64(6.671558717219462e-06), np.float64(6.671558717093748e-06), np.float64(6.671558716734593e-06), np.float64(6.6715587165076204e-06), np.float64(6.6715587163584325e-06), np.float64(6.671558715965877e-06), np.float64(6.671558715482651e-06), np.float64(6.671558714944998e-06), np.float64(6.671558714313112e-06), np.float64(6.671558714091171e-06), np.float64(6.6715587136438e-06), np.float64(6.67155871313085e-06), np.float64(6.671558712843752e-06), np.float64(6.671558712641437e-06), np.float64(6.671558712361386e-06), np.float64(6.671558711793249e-06), np.float64(6.671558711767401e-06), np.float64(6.671558711276729e-06), np.float64(6.671558710138021e-06), np.float64(6.671558709723307e-06), np.float64(6.671558708764906e-06), np.float64(6.671558706642459e-06)]
[np.float64(0.006382672652831604), np.float64(2.5862410644684226e-05), np.float64(2.586241030490144e-05), np.float64(2.5862410270147686e-05), np.float64(2.586241026426617e-05), np.float64(2.586241026323809e-05), np.float64(2.586241025962462e-05), np.float64(2.5862410258922494e-05), np.float64(2.5862410258300026e-05), np.float64(2.5862410257266416e-05), np.float64(2.5862410256295235e-05), np.float64(2.5862410254710917e-05), np.float64(2.586241025391898e-05), np.float64(2.5862410253374862e-05), np.float64(2.586241025236375e-05), np.float64(2.586241025160312e-05), np.float64(2.5862410251344537e-05), np.float64(2.586241024990917e-05), np.float64(2.586241024956494e-05), np.float64(2.5862410248249547e-05), np.float64(2.586241024709677e-05), np.float64(2.5862410246749607e-05), np.float64(2.586241024645324e-05), np.float64(2.5862410245327175e-05), np.float64(2.5862410245111503e-05), np.float64(2.5862410244654847e-05), np.float64(2.5862410244112275e-05), np.float64(2.5862410243838538e-05), np.float64(2.5862410243115297e-05), np.float64(2.5862410242732808e-05), np.float64(2.5862410242031654e-05), np.float64(2.5862410241924616e-05), np.float64(2.5862410240844243e-05), np.float64(2.5862410240224e-05), np.float64(2.5862410239386672e-05), np.float64(2.5862410239014834e-05), np.float64(2.586241023865779e-05), np.float64(2.5862410238161564e-05), np.float64(2.5862410237858147e-05), np.float64(2.586241023740799e-05), np.float64(2.586241023691377e-05), np.float64(2.586241023607415e-05), np.float64(2.586241023507712e-05), np.float64(2.58624102347259e-05), np.float64(2.58624102340225e-05), np.float64(2.5862410233782393e-05), np.float64(2.586241023297076e-05), np.float64(2.5862410232467602e-05), np.float64(2.586241023201857e-05), np.float64(2.586241023110808e-05), np.float64(2.5862410230910108e-05), np.float64(2.5862410230224906e-05), np.float64(2.5862410229719556e-05), np.float64(2.5862410228735175e-05), np.float64(2.5862410227854613e-05), np.float64(2.586241022711074e-05), np.float64(2.5862410226273477e-05), np.float64(2.5862410225458865e-05), np.float64(2.5862410224899955e-05), np.float64(2.586241021604022e-05), np.float64(2.5862410042608975e-05), np.float64(2.5862403916606865e-05), np.float64(6.179653318615493e-08), np.float64(2.4910256672198417e-08), np.float64(0.3187884925662755), np.float64(9.815090150817086e-06), np.float64(9.815088792816893e-06), np.float64(9.815088790338844e-06), np.float64(9.815088789500207e-06), np.float64(9.815088788964465e-06), np.float64(9.815088788403059e-06), np.float64(9.815088786330296e-06), np.float64(9.81508878598195e-06), np.float64(9.815088784956175e-06), np.float64(9.81508878449887e-06), np.float64(9.815088783990503e-06), np.float64(9.815088783876593e-06), np.float64(9.81508878362189e-06), np.float64(9.815088783253093e-06), np.float64(9.81508878313528e-06), np.float64(9.815088782560371e-06), np.float64(9.815088782092396e-06), np.float64(9.815088781879e-06), np.float64(9.815088781613263e-06), np.float64(9.815088781318106e-06), np.float64(9.81508878120956e-06), np.float64(9.815088780793789e-06), np.float64(9.81508878072776e-06), np.float64(9.815088780485601e-06), np.float64(9.815088780121746e-06), np.float64(9.815088779779918e-06), np.float64(9.815088779266013e-06), np.float64(9.815088779070026e-06), np.float64(9.815088778455516e-06), np.float64(9.815088778306406e-06), np.float64(9.815088778004222e-06), np.float64(9.815088777756829e-06), np.float64(9.815088777638139e-06), np.float64(9.815088777292948e-06), np.float64(9.815088776851308e-06), np.float64(9.815088776508738e-06), np.float64(9.815088776207038e-06), np.float64(9.815088775876566e-06), np.float64(9.815088775672863e-06), np.float64(9.815088775301661e-06), np.float64(9.815088775019494e-06), np.float64(9.815088774851067e-06), np.float64(9.815088774598424e-06), np.float64(9.815088774193005e-06), np.float64(9.815088773690276e-06), np.float64(9.815088773163154e-06), np.float64(9.815088772642222e-06), np.float64(9.815088772259058e-06), np.float64(9.81508877207228e-06), np.float64(9.815088771777298e-06), np.float64(9.815088770770525e-06), np.float64(9.815088770454366e-06), np.float64(9.815088768524073e-06), np.float64(9.815088768216663e-06), np.float64(9.815088767840253e-06), np.float64(9.815088766562626e-06), np.float64(9.815088765851786e-06), np.float64(9.815088762774386e-06), np.float64(9.81508875030616e-06), np.float64(9.815088700057141e-06), np.float64(9.815084539634923e-06), np.float64(4.596010631016864e-10), np.float64(0.004985017409353893), np.float64(9.73427653148997e-06), np.float64(9.73427560734247e-06), np.float64(9.734275606811767e-06), np.float64(9.734275605789884e-06), np.float64(9.734275604599149e-06), np.float64(9.734275603705544e-06), np.float64(9.734275602923301e-06), np.float64(9.73427560183851e-06), np.float64(9.734275601220179e-06), np.float64(9.734275600734912e-06), np.float64(9.73427559994923e-06), np.float64(9.734275599870638e-06), np.float64(9.734275599377499e-06), np.float64(9.734275599211559e-06), np.float64(9.734275598893183e-06), np.float64(9.734275598714266e-06), np.float64(9.734275598178266e-06), np.float64(9.734275597877184e-06), np.float64(9.734275597571415e-06), np.float64(9.734275597260088e-06), np.float64(9.734275597044728e-06), np.float64(9.734275596582148e-06), np.float64(9.734275596286664e-06), np.float64(9.734275595992628e-06), np.float64(9.734275595707985e-06), np.float64(9.734275595556777e-06), np.float64(9.734275595392673e-06), np.float64(9.734275595157466e-06), np.float64(9.73427559466224e-06), np.float64(9.734275594607052e-06), np.float64(9.734275594391734e-06), np.float64(9.734275593951636e-06), np.float64(9.734275593567753e-06), np.float64(9.734275593060519e-06), np.float64(9.73427559273136e-06), np.float64(9.73427559239559e-06), np.float64(9.734275592101635e-06), np.float64(9.734275591727748e-06), np.float64(9.734275591319488e-06), np.float64(9.734275591119965e-06), np.float64(9.734275590739621e-06), np.float64(9.734275590444151e-06), np.float64(9.734275590131064e-06), np.float64(9.734275590001314e-06), np.float64(9.734275589726824e-06), np.float64(9.734275589064263e-06), np.float64(9.734275588207618e-06), np.float64(9.734275587772116e-06), np.float64(9.734275587370954e-06), np.float64(9.734275587193804e-06), np.float64(9.734275586917136e-06), np.float64(9.734275586308636e-06), np.float64(9.734275585605028e-06), np.float64(9.734275585166009e-06), np.float64(9.734275585076778e-06), np.float64(9.734275583518335e-06), np.float64(9.734275583206807e-06), np.float64(9.734275581846929e-06), np.float64(9.734275568845805e-06), np.float64(9.734275446662805e-06), np.float64(9.734271587160867e-06), np.float64(6.6670147165037545e-09), np.float64(6.671567926923703e-06), np.float64(6.671561290740294e-06), np.float64(6.67155919305261e-06), np.float64(6.671558737431741e-06), np.float64(6.671558729630842e-06), np.float64(6.671558729155123e-06), np.float64(6.6715587271661765e-06), np.float64(6.671558726785613e-06), np.float64(6.671558725718779e-06), np.float64(6.6715587253251335e-06), np.float64(6.671558724850358e-06), np.float64(6.671558724042565e-06), np.float64(6.671558723889699e-06), np.float64(6.671558723704941e-06), np.float64(6.671558723406061e-06), np.float64(6.671558722899753e-06), np.float64(6.671558722611135e-06), np.float64(6.671558722516642e-06), np.float64(6.671558722231137e-06), np.float64(6.67155872192836e-06), np.float64(6.6715587218219365e-06), np.float64(6.671558721448913e-06), np.float64(6.671558721255284e-06), np.float64(6.671558721045532e-06), np.float64(6.671558720853474e-06), np.float64(6.671558720704659e-06), np.float64(6.671558720449496e-06), np.float64(6.671558720241949e-06), np.float64(6.671558719992734e-06), np.float64(6.671558719653365e-06), np.float64(6.671558719553501e-06), np.float64(6.671558719368119e-06), np.float64(6.671558718938944e-06), np.float64(6.671558718870057e-06), np.float64(6.671558718658217e-06), np.float64(6.671558718440155e-06), np.float64(6.671558718218621e-06), np.float64(6.671558717930873e-06), np.float64(6.671558717702751e-06), np.float64(6.671558717219462e-06), np.float64(6.671558717093747e-06), np.float64(6.671558716734593e-06), np.float64(6.6715587165076204e-06), np.float64(6.6715587163584325e-06), np.float64(6.6715587159658785e-06), np.float64(6.671558715482651e-06), np.float64(6.671558714944998e-06), np.float64(6.671558714313114e-06), np.float64(6.671558714091171e-06), np.float64(6.6715587136438e-06), np.float64(6.67155871313085e-06), np.float64(6.671558712843752e-06), np.float64(6.671558712641437e-06), np.float64(6.671558712361387e-06), np.float64(6.671558711793249e-06), np.float64(6.671558711767401e-06), np.float64(6.671558711276729e-06), np.float64(6.671558710138021e-06), np.float64(6.6715587097233075e-06), np.float64(6.671558708764906e-06), np.float64(6.671558706642459e-06)]
[np.float64(0.006382672676537985), np.float64(2.5862410644684324e-05), np.float64(2.5862410304901482e-05), np.float64(2.5862410270147686e-05), np.float64(2.5862410264266174e-05), np.float64(2.586241026323809e-05), np.float64(2.586241025962462e-05), np.float64(2.586241025892249e-05), np.float64(2.5862410258300026e-05), np.float64(2.5862410257266412e-05), np.float64(2.5862410256295235e-05), np.float64(2.5862410254710917e-05), np.float64(2.586241025391898e-05), np.float64(2.586241025337487e-05), np.float64(2.586241025236375e-05), np.float64(2.586241025160312e-05), np.float64(2.5862410251344537e-05), np.float64(2.5862410249909166e-05), np.float64(2.5862410249564945e-05), np.float64(2.5862410248249547e-05), np.float64(2.586241024709677e-05), np.float64(2.5862410246749607e-05), np.float64(2.586241024645324e-05), np.float64(2.5862410245327168e-05), np.float64(2.5862410245111503e-05), np.float64(2.5862410244654847e-05), np.float64(2.5862410244112275e-05), np.float64(2.586241024383853e-05), np.float64(2.5862410243115297e-05), np.float64(2.5862410242732804e-05), np.float64(2.5862410242031654e-05), np.float64(2.5862410241924616e-05), np.float64(2.5862410240844236e-05), np.float64(2.5862410240224e-05), np.float64(2.5862410239386672e-05), np.float64(2.5862410239014834e-05), np.float64(2.586241023865779e-05), np.float64(2.586241023816156e-05), np.float64(2.5862410237858147e-05), np.float64(2.5862410237407993e-05), np.float64(2.586241023691377e-05), np.float64(2.5862410236074146e-05), np.float64(2.586241023507712e-05), np.float64(2.58624102347259e-05), np.float64(2.58624102340225e-05), np.float64(2.5862410233782393e-05), np.float64(2.586241023297076e-05), np.float64(2.5862410232467602e-05), np.float64(2.586241023201857e-05), np.float64(2.586241023110808e-05), np.float64(2.586241023091011e-05), np.float64(2.5862410230224906e-05), np.float64(2.5862410229719556e-05), np.float64(2.586241022873517e-05), np.float64(2.586241022785462e-05), np.float64(2.586241022711074e-05), np.float64(2.5862410226273473e-05), np.float64(2.5862410225458865e-05), np.float64(2.5862410224899955e-05), np.float64(2.586241021604022e-05), np.float64(2.586241004260884e-05), np.float64(2.5862403916605624e-05), np.float64(6.765392379379027e-08), np.float64(2.1454307545354364e-08), np.float64(0.004985017556018459), np.float64(9.815090150816293e-06), np.float64(9.815088792816893e-06), np.float64(9.815088790338844e-06), np.float64(9.815088789500207e-06), np.float64(9.815088788964464e-06), np.float64(9.815088788403059e-06), np.float64(9.815088786330296e-06), np.float64(9.81508878598195e-06), np.float64(9.815088784956175e-06), np.float64(9.81508878449887e-06), np.float64(9.815088783990505e-06), np.float64(9.815088783876593e-06), np.float64(9.815088783621888e-06), np.float64(9.815088783253093e-06), np.float64(9.815088783135281e-06), np.float64(9.815088782560371e-06), np.float64(9.815088782092396e-06), np.float64(9.815088781879e-06), np.float64(9.815088781613263e-06), np.float64(9.815088781318104e-06), np.float64(9.81508878120956e-06), np.float64(9.815088780793789e-06), np.float64(9.815088780727758e-06), np.float64(9.815088780485601e-06), np.float64(9.815088780121746e-06), np.float64(9.815088779779918e-06), np.float64(9.815088779266013e-06), np.float64(9.815088779070026e-06), np.float64(9.815088778455516e-06), np.float64(9.815088778306406e-06), np.float64(9.815088778004222e-06), np.float64(9.81508877775683e-06), np.float64(9.81508877763814e-06), np.float64(9.815088777292948e-06), np.float64(9.81508877685131e-06), np.float64(9.815088776508736e-06), np.float64(9.815088776207038e-06), np.float64(9.815088775876566e-06), np.float64(9.815088775672865e-06), np.float64(9.815088775301661e-06), np.float64(9.815088775019494e-06), np.float64(9.815088774851067e-06), np.float64(9.815088774598424e-06), np.float64(9.815088774193007e-06), np.float64(9.815088773690276e-06), np.float64(9.815088773163154e-06), np.float64(9.815088772642222e-06), np.float64(9.815088772259058e-06), np.float64(9.81508877207228e-06), np.float64(9.815088771777298e-06), np.float64(9.815088770770523e-06), np.float64(9.815088770454363e-06), np.float64(9.815088768524073e-06), np.float64(9.815088768216664e-06), np.float64(9.815088767840253e-06), np.float64(9.815088766562626e-06), np.float64(9.815088765851786e-06), np.float64(9.815088762774386e-06), np.float64(9.81508875030617e-06), np.float64(9.815088700057024e-06), np.float64(9.815084539634265e-06), np.float64(6.038991525898472e-09), np.float64(0.31878848575659086), np.float64(9.734276531489637e-06), np.float64(9.73427560734247e-06), np.float64(9.734275606811767e-06), np.float64(9.734275605789884e-06), np.float64(9.734275604599149e-06), np.float64(9.734275603705546e-06), np.float64(9.734275602923301e-06), np.float64(9.73427560183851e-06), np.float64(9.734275601220179e-06), np.float64(9.734275600734912e-06), np.float64(9.73427559994923e-06), np.float64(9.734275599870638e-06), np.float64(9.7342755993775e-06), np.float64(9.73427559921156e-06), np.float64(9.734275598893183e-06), np.float64(9.734275598714266e-06), np.float64(9.734275598178266e-06), np.float64(9.734275597877184e-06), np.float64(9.734275597571413e-06), np.float64(9.734275597260088e-06), np.float64(9.734275597044726e-06), np.float64(9.73427559658215e-06), np.float64(9.734275596286664e-06), np.float64(9.73427559599263e-06), np.float64(9.734275595707985e-06), np.float64(9.734275595556777e-06), np.float64(9.734275595392675e-06), np.float64(9.734275595157467e-06), np.float64(9.73427559466224e-06), np.float64(9.734275594607052e-06), np.float64(9.734275594391733e-06), np.float64(9.734275593951636e-06), np.float64(9.734275593567753e-06), np.float64(9.734275593060519e-06), np.float64(9.73427559273136e-06), np.float64(9.73427559239559e-06), np.float64(9.734275592101635e-06), np.float64(9.734275591727748e-06), np.float64(9.734275591319488e-06), np.float64(9.734275591119965e-06), np.float64(9.734275590739623e-06), np.float64(9.734275590444151e-06), np.float64(9.734275590131064e-06), np.float64(9.734275590001315e-06), np.float64(9.734275589726824e-06), np.float64(9.734275589064263e-06), np.float64(9.734275588207618e-06), np.float64(9.734275587772116e-06), np.float64(9.734275587370953e-06), np.float64(9.734275587193806e-06), np.float64(9.734275586917136e-06), np.float64(9.734275586308636e-06), np.float64(9.73427558560503e-06), np.float64(9.734275585166009e-06), np.float64(9.734275585076778e-06), np.float64(9.734275583518335e-06), np.float64(9.734275583206807e-06), np.float64(9.734275581846929e-06), np.float64(9.734275568845793e-06), np.float64(9.734275446662836e-06), np.float64(9.734271587160349e-06), np.float64(4.4061932883294534e-10), np.float64(6.671567926923289e-06), np.float64(6.67156129074042e-06), np.float64(6.671559193052631e-06), np.float64(6.671558737431735e-06), np.float64(6.6715587296308425e-06), np.float64(6.671558729155124e-06), np.float64(6.6715587271661765e-06), np.float64(6.671558726785611e-06), np.float64(6.67155872571878e-06), np.float64(6.6715587253251335e-06), np.float64(6.671558724850358e-06), np.float64(6.6715587240425655e-06), np.float64(6.671558723889699e-06), np.float64(6.671558723704941e-06), np.float64(6.671558723406062e-06), np.float64(6.671558722899753e-06), np.float64(6.671558722611137e-06), np.float64(6.671558722516642e-06), np.float64(6.671558722231137e-06), np.float64(6.67155872192836e-06), np.float64(6.671558721821936e-06), np.float64(6.671558721448914e-06), np.float64(6.671558721255284e-06), np.float64(6.67155872104553e-06), np.float64(6.671558720853474e-06), np.float64(6.67155872070466e-06), np.float64(6.671558720449495e-06), np.float64(6.67155872024195e-06), np.float64(6.671558719992734e-06), np.float64(6.671558719653365e-06), np.float64(6.671558719553501e-06), np.float64(6.671558719368119e-06), np.float64(6.671558718938944e-06), np.float64(6.671558718870057e-06), np.float64(6.671558718658217e-06), np.float64(6.671558718440157e-06), np.float64(6.671558718218622e-06), np.float64(6.671558717930873e-06), np.float64(6.671558717702752e-06), np.float64(6.6715587172194635e-06), np.float64(6.671558717093748e-06), np.float64(6.671558716734593e-06), np.float64(6.6715587165076204e-06), np.float64(6.6715587163584325e-06), np.float64(6.6715587159658785e-06), np.float64(6.671558715482651e-06), np.float64(6.671558714944998e-06), np.float64(6.671558714313114e-06), np.float64(6.671558714091171e-06), np.float64(6.6715587136438e-06), np.float64(6.67155871313085e-06), np.float64(6.671558712843753e-06), np.float64(6.671558712641437e-06), np.float64(6.671558712361387e-06), np.float64(6.6715587117932485e-06), np.float64(6.671558711767401e-06), np.float64(6.671558711276729e-06), np.float64(6.671558710138021e-06), np.float64(6.671558709723308e-06), np.float64(6.671558708764906e-06), np.float64(6.671558706642458e-06)]
Total probability = 1.0000
Success probability = 0.9640
Inconclusive probability = 0.0012

ideal_distrib
[np.float64(0.187014512922455), np.float64(0.18701451292245747), np.float64(0.18701451292246687), np.float64(0.43895646123262066)]
result_distrib
[np.float64(0.32524824134503927), np.float64(0.31938721246529106), np.float64(0.3193822760128718), np.float64(0.0012208952823377936)]
Params:
[0.09060643453282081, 0.6183860093330874, 0.38246199126716285, 0.9832308858067884, 0.46676289324798004, 0.8599404067363208]
===============================================================================
                                     CVXPY                                     
                                     v1.6.0                                    
===============================================================================
(CVXPY) May 15 02:06:59 PM: Your problem has 16384 variables, 20486 constraints, and 0 parameters.
(CVXPY) May 15 02:06:59 PM: It is compliant with the following grammars: DCP, DQCP
(CVXPY) May 15 02:06:59 PM: (If you need to solve this problem multiple times, but with different data, consider using parameters.)
(CVXPY) May 15 02:06:59 PM: CVXPY will first compile your problem; then, it will invoke a numerical solver to obtain a solution.
(CVXPY) May 15 02:06:59 PM: Your problem is compiled with the CPP canonicalization backend.
-------------------------------------------------------------------------------
                                  Compilation                                  
-------------------------------------------------------------------------------
(CVXPY) May 15 02:06:59 PM: Compiling problem (target solver=SCS).
(CVXPY) May 15 02:06:59 PM: Reduction chain: Complex2Real -> FlipObjective -> Dcp2Cone -> CvxAttr2Constr -> ConeMatrixStuffing -> SCS
(CVXPY) May 15 02:06:59 PM: Applying reduction Complex2Real
(CVXPY) May 15 02:06:59 PM: Applying reduction FlipObjective
(CVXPY) May 15 02:06:59 PM: Applying reduction Dcp2Cone
(CVXPY) May 15 02:06:59 PM: Applying reduction CvxAttr2Constr
(CVXPY) May 15 02:06:59 PM: Applying reduction ConeMatrixStuffing
(CVXPY) May 15 02:07:00 PM: Applying reduction SCS
(CVXPY) May 15 02:07:00 PM: Finished problem compilation (took 1.023e+00 seconds).
-------------------------------------------------------------------------------
                                Numerical solver                               
-------------------------------------------------------------------------------
(CVXPY) May 15 02:07:00 PM: Invoking solver SCS  to obtain a solution.
------------------------------------------------------------------
	       SCS v3.2.7 - Splitting Conic Solver
	(c) Brendan O'Donoghue, Stanford University, 2012
------------------------------------------------------------------
problem:  variables n: 16384, constraints m: 41222
cones: 	  z: primal zero / dual free vars: 8192
	  l: linear vars: 6
	  s: psd vars: 33024, ssize: 4
settings: eps_abs: 1.0e-07, eps_rel: 1.0e-07, eps_infeas: 1.0e-07
	  alpha: 1.50, scale: 1.00e-01, adaptive_scale: 1
	  max_iters: 100000, normalize: 1, rho_x: 1.00e-06
	  acceleration_lookback: 10, acceleration_interval: 10
lin-sys:  sparse-direct-amd-qdldl
	  nnz(A): 108370, nnz(P): 0
------------------------------------------------------------------
 iter | pri res | dua res |   gap   |   obj   |  scale  | time (s)
------------------------------------------------------------------
     0| 1.00e+00  2.76e-01  6.20e+00  1.03e+00  1.00e-01  4.46e-02 
   250| 5.05e-05  3.98e-05  1.08e-04 -9.64e-01  1.00e-01  2.59e+00 
   500| 1.03e-04  4.06e-05  2.21e-04 -9.64e-01  1.00e-01  5.12e+00 
   725| 1.39e-07  7.76e-08  1.11e-07 -9.65e-01  1.00e-01  7.52e+00 
------------------------------------------------------------------
status:  solved
timings: total: 7.52e+00s = setup: 3.75e-02s + solve: 7.49e+00s
	 lin-sys: 8.66e-01s, cones: 6.41e+00s, accel: 4.33e-02s
------------------------------------------------------------------
objective = -0.964979
------------------------------------------------------------------
-------------------------------------------------------------------------------
                                    Summary                                    
-------------------------------------------------------------------------------
(CVXPY) May 15 02:07:08 PM: Problem status: optimal
(CVXPY) May 15 02:07:08 PM: Optimal value: 9.650e-01
(CVXPY) May 15 02:07:08 PM: Compilation took 1.023e+00 seconds
(CVXPY) May 15 02:07:08 PM: Solver (including time spent in interface) took 7.527e+00 seconds
Result = 0.9649793112698077
CVXPY returns optimal
bitstring_to_target_state
{0: 0, 1: 0, 2: 0, 3: 0, 4: 0, 5: 0, 6: 0, 7: 0, 8: 0, 9: 0, 10: 0, 11: 0, 12: 0, 13: 0, 14: 0, 15: 0, 16: 0, 17: 0, 18: 0, 19: 0, 20: 0, 21: 0, 22: 0, 23: 0, 24: 0, 25: 0, 26: 0, 27: 0, 28: 0, 29: 0, 30: 0, 31: 0, 32: 0, 33: 0, 34: 0, 35: 0, 36: 0, 37: 0, 38: 0, 39: 0, 40: 0, 41: 0, 42: 0, 43: 0, 44: 0, 45: 0, 46: 0, 47: 0, 48: 0, 49: 0, 50: 0, 51: 0, 52: 0, 53: 0, 54: 0, 55: 0, 56: 0, 57: 0, 58: 0, 59: 0, 60: 0, 61: 0, 62: 0, 63: 0, 64: 1, 65: 1, 66: 1, 67: 1, 68: 1, 69: 1, 70: 1, 71: 1, 72: 1, 73: 1, 74: 1, 75: 1, 76: 1, 77: 1, 78: 1, 79: 1, 80: 1, 81: 1, 82: 1, 83: 1, 84: 1, 85: 1, 86: 1, 87: 1, 88: 1, 89: 1, 90: 1, 91: 1, 92: 1, 93: 1, 94: 1, 95: 1, 96: 1, 97: 1, 98: 1, 99: 1, 100: 1, 101: 1, 102: 1, 103: 1, 104: 1, 105: 1, 106: 1, 107: 1, 108: 1, 109: 1, 110: 1, 111: 1, 112: 1, 113: 1, 114: 1, 115: 1, 116: 1, 117: 1, 118: 1, 119: 1, 120: 1, 121: 1, 122: 1, 123: 1, 124: 1, 125: 1, 126: 1, 127: 1, 128: 2, 129: 2, 130: 2, 131: 2, 132: 2, 133: 2, 134: 2, 135: 2, 136: 2, 137: 2, 138: 2, 139: 2, 140: 2, 141: 2, 142: 2, 143: 2, 144: 2, 145: 2, 146: 2, 147: 2, 148: 2, 149: 2, 150: 2, 151: 2, 152: 2, 153: 2, 154: 2, 155: 2, 156: 2, 157: 2, 158: 2, 159: 2, 160: 2, 161: 2, 162: 2, 163: 2, 164: 2, 165: 2, 166: 2, 167: 2, 168: 2, 169: 2, 170: 2, 171: 2, 172: 2, 173: 2, 174: 2, 175: 2, 176: 2, 177: 2, 178: 2, 179: 2, 180: 2, 181: 2, 182: 2, 183: 2, 184: 2, 185: 2, 186: 2, 187: 2, 188: 2, 189: 2, 190: 2, 191: 2, 192: 3, 193: 3, 194: 3}
strings_used
195
Probabilities for each state:
[np.float64(0.3206008335749962), np.float64(1.7540568254008262e-05), np.float64(1.7540566312461252e-05), np.float64(1.754056597551712e-05), np.float64(1.75405659734193e-05), np.float64(1.7540565973317113e-05), np.float64(1.754056597330304e-05), np.float64(1.7540565973302707e-05), np.float64(1.7540565973301877e-05), np.float64(1.7540565973301833e-05), np.float64(1.754056597330163e-05), np.float64(1.7540565973301623e-05), np.float64(1.75405659733014e-05), np.float64(1.754056597330127e-05), np.float64(1.7540565973301176e-05), np.float64(1.754056597330113e-05), np.float64(1.7540565973301077e-05), np.float64(1.7540565973301006e-05), np.float64(1.7540565973300905e-05), np.float64(1.7540565973300823e-05), np.float64(1.7540565973300796e-05), np.float64(1.754056597330075e-05), np.float64(1.7540565973300732e-05), np.float64(1.7540565973300617e-05), np.float64(1.7540565973300586e-05), np.float64(1.754056597330058e-05), np.float64(1.7540565973300505e-05), np.float64(1.754056597330045e-05), np.float64(1.7540565973300423e-05), np.float64(1.754056597330037e-05), np.float64(1.7540565973300224e-05), np.float64(1.7540565973300207e-05), np.float64(1.754056597330017e-05), np.float64(1.754056597330016e-05), np.float64(1.7540565973300115e-05), np.float64(1.754056597330009e-05), np.float64(1.7540565973300044e-05), np.float64(1.754056597329999e-05), np.float64(1.7540565973299915e-05), np.float64(1.7540565973299905e-05), np.float64(1.7540565973299895e-05), np.float64(1.754056597329986e-05), np.float64(1.7540565973299803e-05), np.float64(1.7540565973299807e-05), np.float64(1.754056597329976e-05), np.float64(1.7540565973299665e-05), np.float64(1.7540565973299607e-05), np.float64(1.7540565973299587e-05), np.float64(1.754056597329951e-05), np.float64(1.7540565973299346e-05), np.float64(1.7540565973299326e-05), np.float64(1.7540565973299278e-05), np.float64(1.7540565973299068e-05), np.float64(1.7540565973298906e-05), np.float64(1.7540565973298818e-05), np.float64(1.754056597329876e-05), np.float64(1.754056597329843e-05), np.float64(1.7540565973297954e-05), np.float64(1.7540565973297716e-05), np.float64(1.754056597329691e-05), np.float64(1.754056597329541e-05), np.float64(1.7540564435779594e-05), np.float64(8.799073660975633e-10), np.float64(7.457193673244229e-10), np.float64(0.00477777366443412), np.float64(1.7247218050839984e-05), np.float64(1.7247216815224143e-05), np.float64(1.7247216666091995e-05), np.float64(1.7247216666091663e-05), np.float64(1.724721666609154e-05), np.float64(1.7247216666091457e-05), np.float64(1.7247216666091426e-05), np.float64(1.7247216666091294e-05), np.float64(1.7247216666091253e-05), np.float64(1.7247216666091223e-05), np.float64(1.7247216666091155e-05), np.float64(1.7247216666091094e-05), np.float64(1.7247216666090992e-05), np.float64(1.7247216666090938e-05), np.float64(1.724721666609088e-05), np.float64(1.7247216666090867e-05), np.float64(1.7247216666090793e-05), np.float64(1.7247216666090725e-05), np.float64(1.7247216666090582e-05), np.float64(1.7247216666090566e-05), np.float64(1.7247216666090562e-05), np.float64(1.7247216666090576e-05), np.float64(1.7247216666090484e-05), np.float64(1.7247216666090444e-05), np.float64(1.7247216666090376e-05), np.float64(1.724721666609037e-05), np.float64(1.724721666609026e-05), np.float64(1.7247216666090257e-05), np.float64(1.7247216666090237e-05), np.float64(1.7247216666090152e-05), np.float64(1.7247216666090132e-05), np.float64(1.7247216666090105e-05), np.float64(1.7247216666090054e-05), np.float64(1.7247216666090023e-05), np.float64(1.7247216666089962e-05), np.float64(1.7247216666089945e-05), np.float64(1.7247216666089932e-05), np.float64(1.7247216666089766e-05), np.float64(1.7247216666089746e-05), np.float64(1.724721666608965e-05), np.float64(1.7247216666089654e-05), np.float64(1.7247216666089573e-05), np.float64(1.724721666608955e-05), np.float64(1.724721666608953e-05), np.float64(1.7247216666089393e-05), np.float64(1.7247216666089386e-05), np.float64(1.7247216666089373e-05), np.float64(1.7247216666089217e-05), np.float64(1.7247216666089146e-05), np.float64(1.7247216666088973e-05), np.float64(1.724721666608876e-05), np.float64(1.7247216666088533e-05), np.float64(1.72472166660884e-05), np.float64(1.7247216666088214e-05), np.float64(1.7247216666087496e-05), np.float64(1.7247216666087326e-05), np.float64(1.7247216666085653e-05), np.float64(1.7247216666074418e-05), np.float64(1.7247216665899268e-05), np.float64(1.7247216658339885e-05), np.float64(1.7247212529921233e-05), np.float64(1.3057245090592216e-08), np.float64(4.117993271993311e-08), np.float64(0.004777781057109781), np.float64(1.7295553676697307e-05), np.float64(1.7295551058731926e-05), np.float64(1.7295550685778414e-05), np.float64(1.7295550682734133e-05), np.float64(1.729555068267595e-05), np.float64(1.7295550682675725e-05), np.float64(1.7295550682675637e-05), np.float64(1.7295550682675234e-05), np.float64(1.7295550682674966e-05), np.float64(1.729555068267414e-05), np.float64(1.7295550682673333e-05), np.float64(1.7295550682673235e-05), np.float64(1.7295550682673062e-05), np.float64(1.7295550682672933e-05), np.float64(1.7295550682672886e-05), np.float64(1.729555068267259e-05), np.float64(1.7295550682672507e-05), np.float64(1.729555068267247e-05), np.float64(1.7295550682672432e-05), np.float64(1.7295550682672442e-05), np.float64(1.7295550682672327e-05), np.float64(1.7295550682672276e-05), np.float64(1.729555068267223e-05), np.float64(1.729555068267223e-05), np.float64(1.7295550682672134e-05), np.float64(1.7295550682672076e-05), np.float64(1.7295550682672036e-05), np.float64(1.7295550682671995e-05), np.float64(1.7295550682671964e-05), np.float64(1.729555068267193e-05), np.float64(1.72955506826719e-05), np.float64(1.729555068267185e-05), np.float64(1.7295550682671822e-05), np.float64(1.729555068267176e-05), np.float64(1.7295550682671737e-05), np.float64(1.7295550682671727e-05), np.float64(1.7295550682671666e-05), np.float64(1.729555068267165e-05), np.float64(1.7295550682671602e-05), np.float64(1.7295550682671524e-05), np.float64(1.7295550682671463e-05), np.float64(1.7295550682671402e-05), np.float64(1.7295550682671358e-05), np.float64(1.7295550682671358e-05), np.float64(1.7295550682671212e-05), np.float64(1.7295550682671175e-05), np.float64(1.7295550682671084e-05), np.float64(1.729555068267098e-05), np.float64(1.7295550682670958e-05), np.float64(1.7295550682670924e-05), np.float64(1.72955506826708e-05), np.float64(1.7295550682670775e-05), np.float64(1.7295550682670758e-05), np.float64(1.7295550682670582e-05), np.float64(1.7295550682670524e-05), np.float64(1.7295550682670392e-05), np.float64(1.7295550682670375e-05), np.float64(1.7295550682670264e-05), np.float64(1.7295550682670108e-05), np.float64(1.7295550682669965e-05), np.float64(1.7295548835411596e-05), np.float64(5.138490163913139e-08), np.float64(7.210148345925643e-10), np.float64(8.271474828082899e-10), np.float64(2.087959652912837e-10), np.float64(3.3805704957225955e-08)]
[np.float64(0.00477778453711009), np.float64(1.7540568254008578e-05), np.float64(1.7540566312461452e-05), np.float64(1.7540565975517122e-05), np.float64(1.7540565973419306e-05), np.float64(1.7540565973317124e-05), np.float64(1.754056597330303e-05), np.float64(1.7540565973302707e-05), np.float64(1.7540565973301877e-05), np.float64(1.7540565973301833e-05), np.float64(1.754056597330163e-05), np.float64(1.7540565973301626e-05), np.float64(1.75405659733014e-05), np.float64(1.754056597330127e-05), np.float64(1.7540565973301176e-05), np.float64(1.754056597330113e-05), np.float64(1.7540565973301077e-05), np.float64(1.7540565973301006e-05), np.float64(1.7540565973300905e-05), np.float64(1.7540565973300823e-05), np.float64(1.7540565973300793e-05), np.float64(1.754056597330075e-05), np.float64(1.7540565973300732e-05), np.float64(1.7540565973300617e-05), np.float64(1.7540565973300586e-05), np.float64(1.754056597330058e-05), np.float64(1.7540565973300505e-05), np.float64(1.754056597330045e-05), np.float64(1.7540565973300423e-05), np.float64(1.754056597330037e-05), np.float64(1.7540565973300224e-05), np.float64(1.7540565973300207e-05), np.float64(1.754056597330017e-05), np.float64(1.754056597330016e-05), np.float64(1.7540565973300115e-05), np.float64(1.754056597330009e-05), np.float64(1.7540565973300044e-05), np.float64(1.754056597329999e-05), np.float64(1.7540565973299915e-05), np.float64(1.7540565973299905e-05), np.float64(1.7540565973299895e-05), np.float64(1.754056597329986e-05), np.float64(1.7540565973299803e-05), np.float64(1.7540565973299807e-05), np.float64(1.754056597329976e-05), np.float64(1.7540565973299665e-05), np.float64(1.7540565973299607e-05), np.float64(1.7540565973299587e-05), np.float64(1.754056597329951e-05), np.float64(1.7540565973299346e-05), np.float64(1.7540565973299326e-05), np.float64(1.7540565973299278e-05), np.float64(1.7540565973299068e-05), np.float64(1.7540565973298906e-05), np.float64(1.754056597329882e-05), np.float64(1.7540565973298763e-05), np.float64(1.754056597329843e-05), np.float64(1.7540565973297957e-05), np.float64(1.754056597329772e-05), np.float64(1.7540565973296907e-05), np.float64(1.7540565973295406e-05), np.float64(1.7540564435779425e-05), np.float64(7.883286297356986e-10), np.float64(5.064382802975764e-08), np.float64(0.3206005442675222), np.float64(1.7247218050840245e-05), np.float64(1.724721681522376e-05), np.float64(1.7247216666091995e-05), np.float64(1.7247216666091663e-05), np.float64(1.724721666609154e-05), np.float64(1.7247216666091457e-05), np.float64(1.7247216666091426e-05), np.float64(1.7247216666091297e-05), np.float64(1.7247216666091253e-05), np.float64(1.7247216666091223e-05), np.float64(1.7247216666091155e-05), np.float64(1.7247216666091094e-05), np.float64(1.7247216666090992e-05), np.float64(1.7247216666090938e-05), np.float64(1.724721666609088e-05), np.float64(1.7247216666090867e-05), np.float64(1.7247216666090793e-05), np.float64(1.7247216666090725e-05), np.float64(1.7247216666090582e-05), np.float64(1.7247216666090566e-05), np.float64(1.7247216666090562e-05), np.float64(1.7247216666090576e-05), np.float64(1.7247216666090484e-05), np.float64(1.7247216666090444e-05), np.float64(1.7247216666090376e-05), np.float64(1.724721666609037e-05), np.float64(1.724721666609026e-05), np.float64(1.7247216666090257e-05), np.float64(1.7247216666090237e-05), np.float64(1.7247216666090152e-05), np.float64(1.7247216666090132e-05), np.float64(1.7247216666090105e-05), np.float64(1.7247216666090054e-05), np.float64(1.7247216666090023e-05), np.float64(1.7247216666089962e-05), np.float64(1.7247216666089945e-05), np.float64(1.7247216666089932e-05), np.float64(1.7247216666089766e-05), np.float64(1.7247216666089746e-05), np.float64(1.724721666608965e-05), np.float64(1.7247216666089654e-05), np.float64(1.7247216666089573e-05), np.float64(1.724721666608955e-05), np.float64(1.724721666608953e-05), np.float64(1.7247216666089393e-05), np.float64(1.724721666608939e-05), np.float64(1.7247216666089376e-05), np.float64(1.7247216666089217e-05), np.float64(1.7247216666089146e-05), np.float64(1.7247216666088973e-05), np.float64(1.7247216666088763e-05), np.float64(1.7247216666088536e-05), np.float64(1.7247216666088397e-05), np.float64(1.7247216666088214e-05), np.float64(1.7247216666087503e-05), np.float64(1.7247216666087326e-05), np.float64(1.7247216666085653e-05), np.float64(1.7247216666074418e-05), np.float64(1.7247216665899275e-05), np.float64(1.724721665833988e-05), np.float64(1.7247212529921097e-05), np.float64(4.141611700472238e-10), np.float64(1.184725678168415e-09), np.float64(0.004777784222995964), np.float64(1.729555367669705e-05), np.float64(1.7295551058731967e-05), np.float64(1.7295550685778407e-05), np.float64(1.7295550682734133e-05), np.float64(1.729555068267595e-05), np.float64(1.7295550682675732e-05), np.float64(1.729555068267563e-05), np.float64(1.7295550682675234e-05), np.float64(1.7295550682674966e-05), np.float64(1.729555068267414e-05), np.float64(1.729555068267334e-05), np.float64(1.729555068267323e-05), np.float64(1.7295550682673066e-05), np.float64(1.7295550682672933e-05), np.float64(1.7295550682672886e-05), np.float64(1.729555068267259e-05), np.float64(1.7295550682672507e-05), np.float64(1.729555068267247e-05), np.float64(1.7295550682672432e-05), np.float64(1.7295550682672442e-05), np.float64(1.7295550682672327e-05), np.float64(1.7295550682672276e-05), np.float64(1.729555068267223e-05), np.float64(1.729555068267223e-05), np.float64(1.7295550682672134e-05), np.float64(1.7295550682672076e-05), np.float64(1.7295550682672036e-05), np.float64(1.7295550682671995e-05), np.float64(1.7295550682671964e-05), np.float64(1.729555068267193e-05), np.float64(1.72955506826719e-05), np.float64(1.729555068267185e-05), np.float64(1.7295550682671822e-05), np.float64(1.729555068267176e-05), np.float64(1.7295550682671737e-05), np.float64(1.7295550682671727e-05), np.float64(1.7295550682671666e-05), np.float64(1.729555068267165e-05), np.float64(1.7295550682671602e-05), np.float64(1.7295550682671524e-05), np.float64(1.7295550682671463e-05), np.float64(1.7295550682671402e-05), np.float64(1.7295550682671358e-05), np.float64(1.7295550682671358e-05), np.float64(1.7295550682671212e-05), np.float64(1.7295550682671175e-05), np.float64(1.729555068267108e-05), np.float64(1.729555068267098e-05), np.float64(1.7295550682670958e-05), np.float64(1.7295550682670924e-05), np.float64(1.72955506826708e-05), np.float64(1.7295550682670775e-05), np.float64(1.7295550682670758e-05), np.float64(1.7295550682670582e-05), np.float64(1.7295550682670528e-05), np.float64(1.7295550682670392e-05), np.float64(1.7295550682670375e-05), np.float64(1.729555068267026e-05), np.float64(1.7295550682670108e-05), np.float64(1.7295550682669965e-05), np.float64(1.7295548835412504e-05), np.float64(7.589238741995422e-10), np.float64(4.79449586759715e-08), np.float64(4.2132531376063435e-08), np.float64(4.400790680928694e-10), np.float64(2.396156778698938e-10)]
[np.float64(0.004777781893244006), np.float64(1.754056825400769e-05), np.float64(1.7540566312461526e-05), np.float64(1.75405659755171e-05), np.float64(1.7540565973419303e-05), np.float64(1.7540565973317124e-05), np.float64(1.7540565973303036e-05), np.float64(1.754056597330271e-05), np.float64(1.7540565973301877e-05), np.float64(1.7540565973301833e-05), np.float64(1.754056597330163e-05), np.float64(1.7540565973301623e-05), np.float64(1.75405659733014e-05), np.float64(1.754056597330127e-05), np.float64(1.7540565973301176e-05), np.float64(1.754056597330113e-05), np.float64(1.7540565973301077e-05), np.float64(1.7540565973301006e-05), np.float64(1.7540565973300905e-05), np.float64(1.7540565973300823e-05), np.float64(1.7540565973300793e-05), np.float64(1.754056597330075e-05), np.float64(1.7540565973300735e-05), np.float64(1.7540565973300617e-05), np.float64(1.7540565973300586e-05), np.float64(1.754056597330058e-05), np.float64(1.7540565973300505e-05), np.float64(1.754056597330045e-05), np.float64(1.7540565973300423e-05), np.float64(1.754056597330037e-05), np.float64(1.7540565973300224e-05), np.float64(1.7540565973300207e-05), np.float64(1.754056597330017e-05), np.float64(1.754056597330016e-05), np.float64(1.7540565973300115e-05), np.float64(1.754056597330009e-05), np.float64(1.7540565973300044e-05), np.float64(1.754056597329999e-05), np.float64(1.7540565973299915e-05), np.float64(1.7540565973299905e-05), np.float64(1.7540565973299895e-05), np.float64(1.754056597329986e-05), np.float64(1.7540565973299803e-05), np.float64(1.7540565973299807e-05), np.float64(1.754056597329976e-05), np.float64(1.7540565973299665e-05), np.float64(1.7540565973299607e-05), np.float64(1.7540565973299583e-05), np.float64(1.754056597329951e-05), np.float64(1.7540565973299346e-05), np.float64(1.7540565973299326e-05), np.float64(1.7540565973299278e-05), np.float64(1.7540565973299068e-05), np.float64(1.7540565973298906e-05), np.float64(1.7540565973298818e-05), np.float64(1.754056597329876e-05), np.float64(1.754056597329843e-05), np.float64(1.7540565973297957e-05), np.float64(1.7540565973297716e-05), np.float64(1.7540565973296907e-05), np.float64(1.7540565973295406e-05), np.float64(1.7540564435779187e-05), np.float64(5.834182345826481e-08), np.float64(8.285165054818878e-10), np.float64(0.004777774186455049), np.float64(1.7247218050840146e-05), np.float64(1.7247216815223598e-05), np.float64(1.7247216666091995e-05), np.float64(1.7247216666091667e-05), np.float64(1.724721666609154e-05), np.float64(1.7247216666091457e-05), np.float64(1.7247216666091426e-05), np.float64(1.7247216666091297e-05), np.float64(1.7247216666091253e-05), np.float64(1.7247216666091223e-05), np.float64(1.7247216666091155e-05), np.float64(1.7247216666091094e-05), np.float64(1.7247216666090992e-05), np.float64(1.7247216666090938e-05), np.float64(1.724721666609088e-05), np.float64(1.7247216666090867e-05), np.float64(1.7247216666090793e-05), np.float64(1.7247216666090725e-05), np.float64(1.7247216666090582e-05), np.float64(1.7247216666090566e-05), np.float64(1.7247216666090562e-05), np.float64(1.7247216666090576e-05), np.float64(1.7247216666090484e-05), np.float64(1.7247216666090444e-05), np.float64(1.7247216666090376e-05), np.float64(1.724721666609037e-05), np.float64(1.724721666609026e-05), np.float64(1.7247216666090257e-05), np.float64(1.7247216666090237e-05), np.float64(1.7247216666090152e-05), np.float64(1.7247216666090132e-05), np.float64(1.7247216666090105e-05), np.float64(1.7247216666090054e-05), np.float64(1.7247216666090023e-05), np.float64(1.7247216666089962e-05), np.float64(1.7247216666089945e-05), np.float64(1.7247216666089932e-05), np.float64(1.7247216666089766e-05), np.float64(1.7247216666089746e-05), np.float64(1.7247216666089657e-05), np.float64(1.7247216666089654e-05), np.float64(1.7247216666089573e-05), np.float64(1.724721666608955e-05), np.float64(1.724721666608953e-05), np.float64(1.72472166660894e-05), np.float64(1.7247216666089386e-05), np.float64(1.7247216666089376e-05), np.float64(1.7247216666089217e-05), np.float64(1.7247216666089146e-05), np.float64(1.7247216666088973e-05), np.float64(1.7247216666088763e-05), np.float64(1.7247216666088533e-05), np.float64(1.7247216666088397e-05), np.float64(1.7247216666088214e-05), np.float64(1.7247216666087492e-05), np.float64(1.7247216666087326e-05), np.float64(1.7247216666085656e-05), np.float64(1.724721666607442e-05), np.float64(1.724721666589927e-05), np.float64(1.724721665833989e-05), np.float64(1.7247212529921944e-05), np.float64(6.116939512867276e-08), np.float64(2.5866677500125283e-09), np.float64(0.32060085187936094), np.float64(1.729555367669669e-05), np.float64(1.729555105873181e-05), np.float64(1.7295550685778393e-05), np.float64(1.729555068273413e-05), np.float64(1.729555068267595e-05), np.float64(1.7295550682675732e-05), np.float64(1.729555068267563e-05), np.float64(1.729555068267523e-05), np.float64(1.7295550682674966e-05), np.float64(1.7295550682674133e-05), np.float64(1.7295550682673333e-05), np.float64(1.729555068267323e-05), np.float64(1.7295550682673062e-05), np.float64(1.7295550682672933e-05), np.float64(1.7295550682672886e-05), np.float64(1.729555068267259e-05), np.float64(1.7295550682672507e-05), np.float64(1.729555068267247e-05), np.float64(1.7295550682672432e-05), np.float64(1.7295550682672442e-05), np.float64(1.7295550682672327e-05), np.float64(1.7295550682672276e-05), np.float64(1.729555068267223e-05), np.float64(1.729555068267223e-05), np.float64(1.7295550682672134e-05), np.float64(1.7295550682672076e-05), np.float64(1.7295550682672036e-05), np.float64(1.7295550682671995e-05), np.float64(1.7295550682671964e-05), np.float64(1.729555068267193e-05), np.float64(1.72955506826719e-05), np.float64(1.729555068267185e-05), np.float64(1.7295550682671822e-05), np.float64(1.729555068267176e-05), np.float64(1.7295550682671737e-05), np.float64(1.7295550682671727e-05), np.float64(1.7295550682671666e-05), np.float64(1.729555068267165e-05), np.float64(1.7295550682671602e-05), np.float64(1.7295550682671524e-05), np.float64(1.7295550682671463e-05), np.float64(1.7295550682671402e-05), np.float64(1.7295550682671358e-05), np.float64(1.7295550682671358e-05), np.float64(1.7295550682671212e-05), np.float64(1.7295550682671175e-05), np.float64(1.729555068267108e-05), np.float64(1.729555068267098e-05), np.float64(1.7295550682670958e-05), np.float64(1.7295550682670924e-05), np.float64(1.72955506826708e-05), np.float64(1.7295550682670775e-05), np.float64(1.7295550682670758e-05), np.float64(1.7295550682670582e-05), np.float64(1.7295550682670528e-05), np.float64(1.7295550682670392e-05), np.float64(1.7295550682670375e-05), np.float64(1.729555068267026e-05), np.float64(1.7295550682670104e-05), np.float64(1.7295550682669962e-05), np.float64(1.7295548835411413e-05), np.float64(7.659648140731619e-10), np.float64(7.143216546773634e-10), np.float64(9.096923819188734e-10), np.float64(3.4178058623748235e-08), np.float64(3.288937790608765e-09)]
Total probability = 1.0000
Success probability = 0.9650
Inconclusive probability = 0.0000

ideal_distrib
[np.float64(0.187014512922455), np.float64(0.18701451292245747), np.float64(0.18701451292246687), np.float64(0.43895646123262066)]
result_distrib
[np.float64(0.3216708079662641), np.float64(0.32165262288265667), np.float64(0.32165588042088694), np.float64(1.1603056332362762e-07)]
Params:
[0.6803075385877798, 0.4504992519695431, 0.013264961159866532, 0.942201755684853, 0.5632882178455394, 0.3854165025399162]
===============================================================================
                                     CVXPY                                     
                                     v1.6.0                                    
===============================================================================
(CVXPY) May 15 02:07:08 PM: Your problem has 16384 variables, 20486 constraints, and 0 parameters.
(CVXPY) May 15 02:07:08 PM: It is compliant with the following grammars: DCP, DQCP
(CVXPY) May 15 02:07:08 PM: (If you need to solve this problem multiple times, but with different data, consider using parameters.)
(CVXPY) May 15 02:07:08 PM: CVXPY will first compile your problem; then, it will invoke a numerical solver to obtain a solution.
(CVXPY) May 15 02:07:08 PM: Your problem is compiled with the CPP canonicalization backend.
-------------------------------------------------------------------------------
                                  Compilation                                  
-------------------------------------------------------------------------------
(CVXPY) May 15 02:07:08 PM: Compiling problem (target solver=SCS).
(CVXPY) May 15 02:07:08 PM: Reduction chain: Complex2Real -> FlipObjective -> Dcp2Cone -> CvxAttr2Constr -> ConeMatrixStuffing -> SCS
(CVXPY) May 15 02:07:08 PM: Applying reduction Complex2Real
(CVXPY) May 15 02:07:08 PM: Applying reduction FlipObjective
(CVXPY) May 15 02:07:08 PM: Applying reduction Dcp2Cone
(CVXPY) May 15 02:07:08 PM: Applying reduction CvxAttr2Constr
(CVXPY) May 15 02:07:08 PM: Applying reduction ConeMatrixStuffing
(CVXPY) May 15 02:07:09 PM: Applying reduction SCS
(CVXPY) May 15 02:07:09 PM: Finished problem compilation (took 1.085e+00 seconds).
-------------------------------------------------------------------------------
                                Numerical solver                               
-------------------------------------------------------------------------------
(CVXPY) May 15 02:07:09 PM: Invoking solver SCS  to obtain a solution.
------------------------------------------------------------------
	       SCS v3.2.7 - Splitting Conic Solver
	(c) Brendan O'Donoghue, Stanford University, 2012
------------------------------------------------------------------
problem:  variables n: 16384, constraints m: 41222
cones: 	  z: primal zero / dual free vars: 8192
	  l: linear vars: 6
	  s: psd vars: 33024, ssize: 4
settings: eps_abs: 1.0e-07, eps_rel: 1.0e-07, eps_infeas: 1.0e-07
	  alpha: 1.50, scale: 1.00e-01, adaptive_scale: 1
	  max_iters: 100000, normalize: 1, rho_x: 1.00e-06
	  acceleration_lookback: 10, acceleration_interval: 10
lin-sys:  sparse-direct-amd-qdldl
	  nnz(A): 108370, nnz(P): 0
------------------------------------------------------------------
 iter | pri res | dua res |   gap   |   obj   |  scale  | time (s)
------------------------------------------------------------------
     0| 1.00e+00  2.34e-01  6.43e+00  8.05e-01  1.00e-01  4.49e-02 
   250| 1.66e-03  5.20e-05  8.09e-04 -9.62e-01  1.00e-01  2.51e+00 
   500| 6.69e-04  3.96e-05  5.44e-04 -9.61e-01  1.00e-01  5.11e+00 
   750| 1.83e-04  4.29e-05  3.93e-04 -9.61e-01  1.00e-01  7.74e+00 
  1000| 3.93e-04  4.36e-05  3.33e-04 -9.61e-01  1.00e-01  1.05e+01 
  1250| 6.72e-04  4.24e-05  3.39e-04 -9.61e-01  1.00e-01  1.32e+01 
  1500| 7.70e-04  2.75e-05  7.34e-05 -9.62e-01  1.00e-01  1.66e+01 
  1750| 6.10e-04  1.12e-05  2.00e-04 -9.63e-01  1.00e-01  2.05e+01 
  2000| 4.11e-09  2.12e-09  6.28e-10 -9.63e-01  1.00e-01  2.40e+01 
------------------------------------------------------------------
status:  solved
timings: total: 2.40e+01s = setup: 3.79e-02s + solve: 2.39e+01s
	 lin-sys: 2.50e+00s, cones: 2.08e+01s, accel: 1.29e-01s
------------------------------------------------------------------
objective = -0.963158
------------------------------------------------------------------
-------------------------------------------------------------------------------
                                    Summary                                    
-------------------------------------------------------------------------------
(CVXPY) May 15 02:07:35 PM: Problem status: optimal
(CVXPY) May 15 02:07:35 PM: Optimal value: 9.632e-01
(CVXPY) May 15 02:07:35 PM: Compilation took 1.085e+00 seconds
(CVXPY) May 15 02:07:35 PM: Solver (including time spent in interface) took 2.608e+01 seconds
Result = 0.9631580644506531
CVXPY returns optimal
bitstring_to_target_state
{0: 0, 1: 1, 2: 2, 3: 2, 4: 2, 5: 2, 6: 2, 7: 2, 8: 2, 9: 2, 10: 2, 11: 2, 12: 2, 13: 2, 14: 2, 15: 2, 16: 2, 17: 2, 18: 2, 19: 2, 20: 2, 21: 2, 22: 2, 23: 2, 24: 2, 25: 2, 26: 2, 27: 2, 28: 2, 29: 2, 30: 2, 31: 2, 32: 2, 33: 2, 34: 2, 35: 2, 36: 2, 37: 2, 38: 2, 39: 2, 40: 2, 41: 2, 42: 2, 43: 2, 44: 2, 45: 2, 46: 2, 47: 2, 48: 2, 49: 2, 50: 2, 51: 2, 52: 2, 53: 2, 54: 2, 55: 2, 56: 2, 57: 2, 58: 2, 59: 2, 60: 2, 61: 2, 62: 2, 63: 2}
strings_used
64
Probabilities for each state:
[np.float64(0.3171231924674667), np.float64(0.0051694929258021445), np.float64(5.208357023868256e-05), np.float64(5.20833516119364e-05), np.float64(5.2083376429784536e-05), np.float64(5.208333333313262e-05), np.float64(5.208333333253386e-05), np.float64(5.208333333361906e-05), np.float64(5.208333333373038e-05), np.float64(5.208333333334007e-05), np.float64(5.2083333333933294e-05), np.float64(5.2083333332677144e-05), np.float64(5.208333333463676e-05), np.float64(5.2083333337431716e-05), np.float64(5.2083333338927014e-05), np.float64(5.208333333636712e-05), np.float64(5.208333334011142e-05), np.float64(5.208333333303737e-05), np.float64(5.208333333718544e-05), np.float64(5.2083333336293486e-05), np.float64(5.2083333344482465e-05), np.float64(5.208333333508796e-05), np.float64(5.208333335101863e-05), np.float64(5.208333335469796e-05), np.float64(5.208333333322869e-05), np.float64(5.20833333393516e-05), np.float64(5.208333333472154e-05), np.float64(5.2083333343995835e-05), np.float64(5.208333333660895e-05), np.float64(5.2083333341825736e-05), np.float64(5.208333333614792e-05), np.float64(5.208333333689995e-05), np.float64(5.208333333484429e-05), np.float64(5.208333334451716e-05), np.float64(5.2083333338488894e-05), np.float64(5.208333334199841e-05), np.float64(5.208333333552438e-05), np.float64(5.2083333439692614e-05), np.float64(5.2083333334538814e-05), np.float64(5.208333336673436e-05), np.float64(5.208333333752837e-05), np.float64(5.208333333876249e-05), np.float64(5.208333336027716e-05), np.float64(5.2083333332654375e-05), np.float64(5.2083333334770304e-05), np.float64(5.2083333333817155e-05), np.float64(5.2083333358487755e-05), np.float64(5.2083333337825254e-05), np.float64(5.208333333325741e-05), np.float64(5.208333333468372e-05), np.float64(5.2083333337579716e-05), np.float64(5.208333333795324e-05), np.float64(5.2083333335282387e-05), np.float64(5.208333334136683e-05), np.float64(5.20833333380472e-05), np.float64(5.2083333333899493e-05), np.float64(5.208333335637596e-05), np.float64(5.208333336049253e-05), np.float64(5.208333333788443e-05), np.float64(5.208333334555976e-05), np.float64(5.20833333484838e-05), np.float64(5.208333334343522e-05), np.float64(5.2083333333006836e-05), np.float64(0.007863568130665504)]
[np.float64(0.0051694928658234905), np.float64(0.31712319446578974), np.float64(5.208357023868148e-05), np.float64(5.208335161194073e-05), np.float64(5.208337642978515e-05), np.float64(5.208333333313262e-05), np.float64(5.208333333253386e-05), np.float64(5.208333333361906e-05), np.float64(5.2083333333730385e-05), np.float64(5.208333333334007e-05), np.float64(5.2083333333933294e-05), np.float64(5.2083333332677144e-05), np.float64(5.208333333463676e-05), np.float64(5.2083333337431716e-05), np.float64(5.2083333338927014e-05), np.float64(5.208333333636712e-05), np.float64(5.208333334011142e-05), np.float64(5.208333333303737e-05), np.float64(5.208333333718544e-05), np.float64(5.2083333336293486e-05), np.float64(5.2083333344482465e-05), np.float64(5.208333333508796e-05), np.float64(5.208333335101862e-05), np.float64(5.208333335469796e-05), np.float64(5.208333333322868e-05), np.float64(5.20833333393516e-05), np.float64(5.208333333472154e-05), np.float64(5.2083333343995835e-05), np.float64(5.208333333660896e-05), np.float64(5.2083333341825736e-05), np.float64(5.208333333614791e-05), np.float64(5.208333333689996e-05), np.float64(5.208333333484429e-05), np.float64(5.208333334451716e-05), np.float64(5.2083333338488894e-05), np.float64(5.208333334199841e-05), np.float64(5.208333333552439e-05), np.float64(5.208333343969263e-05), np.float64(5.208333333453882e-05), np.float64(5.208333336673437e-05), np.float64(5.208333333752838e-05), np.float64(5.208333333876249e-05), np.float64(5.208333336027718e-05), np.float64(5.2083333332654375e-05), np.float64(5.2083333334770304e-05), np.float64(5.2083333333817155e-05), np.float64(5.2083333358487755e-05), np.float64(5.208333333782526e-05), np.float64(5.208333333325741e-05), np.float64(5.208333333468372e-05), np.float64(5.2083333337579716e-05), np.float64(5.2083333337953244e-05), np.float64(5.2083333335282387e-05), np.float64(5.208333334136683e-05), np.float64(5.20833333380472e-05), np.float64(5.2083333333899493e-05), np.float64(5.2083333356375974e-05), np.float64(5.208333336049253e-05), np.float64(5.208333333788443e-05), np.float64(5.208333334555976e-05), np.float64(5.208333334848381e-05), np.float64(5.208333334343522e-05), np.float64(5.208333333300682e-05), np.float64(0.007863568085324023)]
[np.float64(0.002210826331891837), np.float64(0.002210826352956396), np.float64(5.209321061198935e-05), np.float64(5.208409545615985e-05), np.float64(5.208513018178682e-05), np.float64(5.208333336353343e-05), np.float64(5.208333333857085e-05), np.float64(5.208333338381823e-05), np.float64(5.2083333388460335e-05), np.float64(5.2083333372188656e-05), np.float64(5.2083333396926355e-05), np.float64(5.2083333344554e-05), np.float64(5.2083333426258496e-05), np.float64(5.2083333542791554e-05), np.float64(5.208333360513586e-05), np.float64(5.20833334984091e-05), np.float64(5.208333365452198e-05), np.float64(5.208333335958558e-05), np.float64(5.2083333532534656e-05), np.float64(5.208333349534741e-05), np.float64(5.208333383677113e-05), np.float64(5.208333344509019e-05), np.float64(5.2083334109288795e-05), np.float64(5.208333426269162e-05), np.float64(5.2083333367578465e-05), np.float64(5.208333362286149e-05), np.float64(5.2083333429824064e-05), np.float64(5.208333381649501e-05), np.float64(5.208333350851643e-05), np.float64(5.2083333726020725e-05), np.float64(5.208333348929885e-05), np.float64(5.20833335206543e-05), np.float64(5.208333343494795e-05), np.float64(5.208333383824033e-05), np.float64(5.208333358690414e-05), np.float64(5.208333373322626e-05), np.float64(5.208333346330927e-05), np.float64(5.208333780637243e-05), np.float64(5.2083333422222404e-05), np.float64(5.208333476454522e-05), np.float64(5.2083333546869035e-05), np.float64(5.208333359832198e-05), np.float64(5.20833344953319e-05), np.float64(5.2083333343660816e-05), np.float64(5.208333343188267e-05), np.float64(5.208333339214611e-05), np.float64(5.2083334420730585e-05), np.float64(5.2083333559255035e-05), np.float64(5.208333336881234e-05), np.float64(5.2083333428280356e-05), np.float64(5.2083333549021325e-05), np.float64(5.208333356460207e-05), np.float64(5.208333345324628e-05), np.float64(5.208333370692404e-05), np.float64(5.20833335685238e-05), np.float64(5.2083333395594236e-05), np.float64(5.208333433270209e-05), np.float64(5.208333450433388e-05), np.float64(5.208333356174507e-05), np.float64(5.208333388175396e-05), np.float64(5.2083334003666626e-05), np.float64(5.20833337931791e-05), np.float64(5.208333335839465e-05), np.float64(0.3257345817482968)]
Total probability = 1.0000
Success probability = 0.9632
Inconclusive probability = 0.0000

ideal_distrib
[np.float64(0.187014512922455), np.float64(0.18701451292245747), np.float64(0.18701451292246687), np.float64(0.43895646123262066)]
result_distrib
[np.float64(0.3171231924629848), np.float64(0.3171231944689712), np.float64(0.3289116775186971), 0]
Params:
[0.015966252220214198, 0.23089382562214905, 0.24102546602601177, 0.6832635188254583, 0.609996657782621, 0.8331949117361646]
===============================================================================
                                     CVXPY                                     
                                     v1.6.0                                    
===============================================================================
(CVXPY) May 15 02:07:36 PM: Your problem has 16384 variables, 20486 constraints, and 0 parameters.
(CVXPY) May 15 02:07:36 PM: It is compliant with the following grammars: DCP, DQCP
(CVXPY) May 15 02:07:36 PM: (If you need to solve this problem multiple times, but with different data, consider using parameters.)
(CVXPY) May 15 02:07:36 PM: CVXPY will first compile your problem; then, it will invoke a numerical solver to obtain a solution.
(CVXPY) May 15 02:07:36 PM: Your problem is compiled with the CPP canonicalization backend.
-------------------------------------------------------------------------------
                                  Compilation                                  
-------------------------------------------------------------------------------
(CVXPY) May 15 02:07:36 PM: Compiling problem (target solver=SCS).
(CVXPY) May 15 02:07:36 PM: Reduction chain: Complex2Real -> FlipObjective -> Dcp2Cone -> CvxAttr2Constr -> ConeMatrixStuffing -> SCS
(CVXPY) May 15 02:07:36 PM: Applying reduction Complex2Real
(CVXPY) May 15 02:07:36 PM: Applying reduction FlipObjective
(CVXPY) May 15 02:07:36 PM: Applying reduction Dcp2Cone
(CVXPY) May 15 02:07:36 PM: Applying reduction CvxAttr2Constr
(CVXPY) May 15 02:07:36 PM: Applying reduction ConeMatrixStuffing
(CVXPY) May 15 02:07:36 PM: Applying reduction SCS
(CVXPY) May 15 02:07:37 PM: Finished problem compilation (took 9.785e-01 seconds).
-------------------------------------------------------------------------------
                                Numerical solver                               
-------------------------------------------------------------------------------
(CVXPY) May 15 02:07:37 PM: Invoking solver SCS  to obtain a solution.
------------------------------------------------------------------
	       SCS v3.2.7 - Splitting Conic Solver
	(c) Brendan O'Donoghue, Stanford University, 2012
------------------------------------------------------------------
problem:  variables n: 16384, constraints m: 41222
cones: 	  z: primal zero / dual free vars: 8192
	  l: linear vars: 6
	  s: psd vars: 33024, ssize: 4
settings: eps_abs: 1.0e-07, eps_rel: 1.0e-07, eps_infeas: 1.0e-07
	  alpha: 1.50, scale: 1.00e-01, adaptive_scale: 1
	  max_iters: 100000, normalize: 1, rho_x: 1.00e-06
	  acceleration_lookback: 10, acceleration_interval: 10
lin-sys:  sparse-direct-amd-qdldl
	  nnz(A): 108370, nnz(P): 0
------------------------------------------------------------------
 iter | pri res | dua res |   gap   |   obj   |  scale  | time (s)
------------------------------------------------------------------
     0| 1.00e+00  2.50e-01  6.50e+00  8.31e-01  1.00e-01  1.10e-01 
   250| 1.37e-03  2.96e-05  5.61e-04 -9.62e-01  1.00e-01  3.20e+00 
   500| 5.46e-04  3.45e-05  3.85e-04 -9.62e-01  1.00e-01  6.23e+00 
   750| 1.43e-04  3.65e-05  3.06e-04 -9.62e-01  1.00e-01  9.11e+00 
  1000| 2.47e-04  3.69e-05  2.93e-04 -9.62e-01  1.00e-01  1.20e+01 
  1250| 4.41e-04  3.61e-05  3.24e-04 -9.62e-01  1.00e-01  1.46e+01 
  1500| 6.35e-04  2.99e-05  2.30e-04 -9.62e-01  1.00e-01  1.76e+01 
  1750| 7.28e-04  2.75e-05  2.52e-04 -9.62e-01  1.00e-01  2.09e+01 
  2000| 7.45e-04  8.98e-06  1.84e-04 -9.63e-01  1.00e-01  2.46e+01 
  2225| 3.07e-08  4.14e-09  1.79e-09 -9.64e-01  1.00e-01  2.78e+01 
------------------------------------------------------------------
status:  solved
timings: total: 2.78e+01s = setup: 9.20e-02s + solve: 2.77e+01s
	 lin-sys: 2.89e+00s, cones: 2.41e+01s, accel: 1.51e-01s
------------------------------------------------------------------
objective = -0.963833
------------------------------------------------------------------
-------------------------------------------------------------------------------
                                    Summary                                    
-------------------------------------------------------------------------------
(CVXPY) May 15 02:08:06 PM: Problem status: optimal
(CVXPY) May 15 02:08:06 PM: Optimal value: 9.638e-01
(CVXPY) May 15 02:08:06 PM: Compilation took 9.785e-01 seconds
(CVXPY) May 15 02:08:06 PM: Solver (including time spent in interface) took 2.997e+01 seconds
Result = 0.9638329912017551
CVXPY returns optimal
bitstring_to_target_state
{0: 0, 1: 0, 2: 0, 3: 0, 4: 0, 5: 0, 6: 0, 7: 0, 8: 0, 9: 0, 10: 0, 11: 0, 12: 0, 13: 0, 14: 0, 15: 0, 16: 0, 17: 0, 18: 0, 19: 0, 20: 0, 21: 0, 22: 0, 23: 0, 24: 0, 25: 0, 26: 0, 27: 0, 28: 0, 29: 0, 30: 0, 31: 0, 32: 0, 33: 0, 34: 0, 35: 0, 36: 0, 37: 0, 38: 0, 39: 0, 40: 0, 41: 0, 42: 0, 43: 0, 44: 0, 45: 0, 46: 0, 47: 0, 48: 0, 49: 0, 50: 0, 51: 0, 52: 0, 53: 0, 54: 0, 55: 0, 56: 0, 57: 0, 58: 0, 59: 0, 60: 0, 61: 0, 62: 1, 63: 2}
strings_used
64
Probabilities for each state:
[np.float64(0.3248337294022572), np.float64(5.245836633808624e-05), np.float64(5.208360310772939e-05), np.float64(5.208333506339647e-05), np.float64(5.208333404759921e-05), np.float64(5.208334256391132e-05), np.float64(5.208333960972719e-05), np.float64(5.208333591823226e-05), np.float64(5.2083334879288534e-05), np.float64(5.2083335146090414e-05), np.float64(5.208333564903013e-05), np.float64(5.208333500641403e-05), np.float64(5.208333335789771e-05), np.float64(5.2083333667767294e-05), np.float64(5.208333540290682e-05), np.float64(5.2083335196867146e-05), np.float64(5.20833347595723e-05), np.float64(5.20833334344085e-05), np.float64(5.208333500572591e-05), np.float64(5.208333335452834e-05), np.float64(5.208333347796662e-05), np.float64(5.208333412836825e-05), np.float64(5.208333626608287e-05), np.float64(5.2083333679741494e-05), np.float64(5.2083334915152634e-05), np.float64(5.2083333540586503e-05), np.float64(5.208333529907798e-05), np.float64(5.2083334021711355e-05), np.float64(5.208333339675254e-05), np.float64(5.208333355250793e-05), np.float64(5.208333360660323e-05), np.float64(5.208333378466262e-05), np.float64(5.208333378311597e-05), np.float64(5.208333339099134e-05), np.float64(5.208333351735913e-05), np.float64(5.208333407071568e-05), np.float64(5.208333354046437e-05), np.float64(5.208333375097851e-05), np.float64(5.208333337031085e-05), np.float64(5.208333529804875e-05), np.float64(5.208333375524132e-05), np.float64(5.2083333844404035e-05), np.float64(5.2083333588111835e-05), np.float64(5.208333613569865e-05), np.float64(5.208333378974503e-05), np.float64(5.208333330581009e-05), np.float64(5.2083334400293645e-05), np.float64(5.208333342977848e-05), np.float64(5.208333389921297e-05), np.float64(5.208333373596033e-05), np.float64(5.2083333403107296e-05), np.float64(5.208333477294971e-05), np.float64(5.2083335144864995e-05), np.float64(5.2083333395693325e-05), np.float64(5.208333474890624e-05), np.float64(5.2083373343865943e-05), np.float64(5.208336184540553e-05), np.float64(5.208333818624883e-05), np.float64(5.208333370337596e-05), np.float64(5.208333397550755e-05), np.float64(5.208355425386364e-05), np.float64(5.214724529376897e-05), np.float64(0.0026610455439736724), np.float64(0.0026610447491805266)]
[np.float64(0.007166067807623384), np.float64(5.209154798360751e-05), np.float64(5.208333920678265e-05), np.float64(5.208333333556551e-05), np.float64(5.208333331331541e-05), np.float64(5.208333349985566e-05), np.float64(5.2083333435147334e-05), np.float64(5.2083333354289074e-05), np.float64(5.208333333153203e-05), np.float64(5.20833333373759e-05), np.float64(5.2083333348392085e-05), np.float64(5.208333333431627e-05), np.float64(5.208333329820713e-05), np.float64(5.208333330499439e-05), np.float64(5.2083333343000686e-05), np.float64(5.208333333848746e-05), np.float64(5.2083333328908884e-05), np.float64(5.2083333299882535e-05), np.float64(5.208333333430038e-05), np.float64(5.2083333298132606e-05), np.float64(5.208333330083626e-05), np.float64(5.20833333150826e-05), np.float64(5.2083333361906706e-05), np.float64(5.208333330525572e-05), np.float64(5.2083333332315915e-05), np.float64(5.208333330220745e-05), np.float64(5.208333334072519e-05), np.float64(5.208333331274585e-05), np.float64(5.208333329905671e-05), np.float64(5.208333330246822e-05), np.float64(5.208333330365304e-05), np.float64(5.2083333307553144e-05), np.float64(5.208333330751921e-05), np.float64(5.2083333298929996e-05), np.float64(5.208333330169777e-05), np.float64(5.208333331381841e-05), np.float64(5.208333330220373e-05), np.float64(5.20833333068148e-05), np.float64(5.20833332984766e-05), np.float64(5.208333334070145e-05), np.float64(5.20833333069079e-05), np.float64(5.208333330886085e-05), np.float64(5.208333330324693e-05), np.float64(5.208333335904878e-05), np.float64(5.208333330766323e-05), np.float64(5.208333329706313e-05), np.float64(5.2083333321036444e-05), np.float64(5.208333329977824e-05), np.float64(5.208333331006063e-05), np.float64(5.208333330648468e-05), np.float64(5.2083333299193674e-05), np.float64(5.208333332919844e-05), np.float64(5.208333333734465e-05), np.float64(5.208333329903087e-05), np.float64(5.20833333286715e-05), np.float64(5.2083334174050854e-05), np.float64(5.2083333922189984e-05), np.float64(5.20833334039623e-05), np.float64(5.208333330576962e-05), np.float64(5.208333331173018e-05), np.float64(5.208333813667744e-05), np.float64(5.208473321770499e-05), np.float64(0.31791090284089224), np.float64(0.0050793011818032205)]
[np.float64(0.007166068332429519), np.float64(5.209154798421836e-05), np.float64(5.208333920678329e-05), np.float64(5.208333333556551e-05), np.float64(5.208333331331541e-05), np.float64(5.2083333499855684e-05), np.float64(5.208333343514734e-05), np.float64(5.2083333354289074e-05), np.float64(5.208333333153203e-05), np.float64(5.20833333373759e-05), np.float64(5.20833333483921e-05), np.float64(5.208333333431628e-05), np.float64(5.208333329820713e-05), np.float64(5.20833333049944e-05), np.float64(5.208333334300069e-05), np.float64(5.2083333338487464e-05), np.float64(5.208333332890889e-05), np.float64(5.2083333299882535e-05), np.float64(5.20833333343004e-05), np.float64(5.2083333298132606e-05), np.float64(5.208333330083626e-05), np.float64(5.208333331508262e-05), np.float64(5.208333336190673e-05), np.float64(5.208333330525572e-05), np.float64(5.208333333231593e-05), np.float64(5.208333330220745e-05), np.float64(5.2083333340725203e-05), np.float64(5.208333331274585e-05), np.float64(5.2083333299056725e-05), np.float64(5.208333330246822e-05), np.float64(5.2083333303653045e-05), np.float64(5.2083333307553144e-05), np.float64(5.208333330751921e-05), np.float64(5.2083333298929996e-05), np.float64(5.208333330169777e-05), np.float64(5.208333331381841e-05), np.float64(5.208333330220372e-05), np.float64(5.208333330681482e-05), np.float64(5.20833332984766e-05), np.float64(5.208333334070147e-05), np.float64(5.20833333069079e-05), np.float64(5.208333330886084e-05), np.float64(5.208333330324695e-05), np.float64(5.208333335904881e-05), np.float64(5.208333330766323e-05), np.float64(5.208333329706313e-05), np.float64(5.2083333321036465e-05), np.float64(5.208333329977824e-05), np.float64(5.208333331006063e-05), np.float64(5.208333330648469e-05), np.float64(5.208333329919369e-05), np.float64(5.208333332919847e-05), np.float64(5.2083333337344675e-05), np.float64(5.208333329903087e-05), np.float64(5.2083333328671525e-05), np.float64(5.2083334174051735e-05), np.float64(5.2083333922190574e-05), np.float64(5.20833334039624e-05), np.float64(5.2083333305769624e-05), np.float64(5.208333331173019e-05), np.float64(5.208333813667675e-05), np.float64(5.208473321780156e-05), np.float64(0.005079302836194313), np.float64(0.31791083618333477)]
Total probability = 1.0000
Success probability = 0.9638
Inconclusive probability = 0.0000

ideal_distrib
[np.float64(0.187014512922455), np.float64(0.18701451292245747), np.float64(0.18701451292246687), np.float64(0.43895646123262066)]
result_distrib
[np.float64(0.3280112523066312), np.float64(0.31791090293831753), np.float64(0.3179108359568064), 0]
Params:
[0.1733646535077721, 0.3910606075732409, 0.18223608778806236, 0.7553614103176527, 0.4251558744912448, 0.20794166286818888]
===============================================================================
                                     CVXPY                                     
                                     v1.6.0                                    
===============================================================================
(CVXPY) May 15 02:08:07 PM: Your problem has 16384 variables, 20486 constraints, and 0 parameters.
(CVXPY) May 15 02:08:07 PM: It is compliant with the following grammars: DCP, DQCP
(CVXPY) May 15 02:08:07 PM: (If you need to solve this problem multiple times, but with different data, consider using parameters.)
(CVXPY) May 15 02:08:07 PM: CVXPY will first compile your problem; then, it will invoke a numerical solver to obtain a solution.
(CVXPY) May 15 02:08:07 PM: Your problem is compiled with the CPP canonicalization backend.
-------------------------------------------------------------------------------
                                  Compilation                                  
-------------------------------------------------------------------------------
(CVXPY) May 15 02:08:07 PM: Compiling problem (target solver=SCS).
(CVXPY) May 15 02:08:07 PM: Reduction chain: Complex2Real -> FlipObjective -> Dcp2Cone -> CvxAttr2Constr -> ConeMatrixStuffing -> SCS
(CVXPY) May 15 02:08:07 PM: Applying reduction Complex2Real
(CVXPY) May 15 02:08:07 PM: Applying reduction FlipObjective
(CVXPY) May 15 02:08:07 PM: Applying reduction Dcp2Cone
(CVXPY) May 15 02:08:07 PM: Applying reduction CvxAttr2Constr
(CVXPY) May 15 02:08:07 PM: Applying reduction ConeMatrixStuffing
(CVXPY) May 15 02:08:07 PM: Applying reduction SCS
(CVXPY) May 15 02:08:07 PM: Finished problem compilation (took 8.990e-01 seconds).
-------------------------------------------------------------------------------
                                Numerical solver                               
-------------------------------------------------------------------------------
(CVXPY) May 15 02:08:07 PM: Invoking solver SCS  to obtain a solution.
------------------------------------------------------------------
	       SCS v3.2.7 - Splitting Conic Solver
	(c) Brendan O'Donoghue, Stanford University, 2012
------------------------------------------------------------------
problem:  variables n: 16384, constraints m: 41222
cones: 	  z: primal zero / dual free vars: 8192
	  l: linear vars: 6
	  s: psd vars: 33024, ssize: 4
settings: eps_abs: 1.0e-07, eps_rel: 1.0e-07, eps_infeas: 1.0e-07
	  alpha: 1.50, scale: 1.00e-01, adaptive_scale: 1
	  max_iters: 100000, normalize: 1, rho_x: 1.00e-06
	  acceleration_lookback: 10, acceleration_interval: 10
lin-sys:  sparse-direct-amd-qdldl
	  nnz(A): 108370, nnz(P): 0
------------------------------------------------------------------
 iter | pri res | dua res |   gap   |   obj   |  scale  | time (s)
------------------------------------------------------------------
     0| 1.13e+00  2.86e-01  6.67e+00  6.20e-01  1.00e-01  4.40e-02 
   250| 5.14e-05  3.98e-05  1.10e-04 -9.64e-01  1.00e-01  2.93e+00 
   500| 1.06e-04  4.07e-05  2.25e-04 -9.64e-01  1.00e-01  5.45e+00 
   725| 1.00e-07  2.59e-08  4.57e-08 -9.65e-01  1.00e-01  8.04e+00 
------------------------------------------------------------------
status:  solved
timings: total: 8.04e+00s = setup: 3.66e-02s + solve: 8.00e+00s
	 lin-sys: 9.20e-01s, cones: 6.85e+00s, accel: 4.63e-02s
------------------------------------------------------------------
objective = -0.964979
------------------------------------------------------------------
-------------------------------------------------------------------------------
                                    Summary                                    
-------------------------------------------------------------------------------
(CVXPY) May 15 02:08:15 PM: Problem status: optimal
(CVXPY) May 15 02:08:15 PM: Optimal value: 9.650e-01
(CVXPY) May 15 02:08:15 PM: Compilation took 8.990e-01 seconds
(CVXPY) May 15 02:08:15 PM: Solver (including time spent in interface) took 8.041e+00 seconds
Result = 0.9649792600084525
CVXPY returns optimal
bitstring_to_target_state
{0: 0, 1: 0, 2: 0, 3: 0, 4: 0, 5: 0, 6: 0, 7: 0, 8: 0, 9: 0, 10: 0, 11: 0, 12: 0, 13: 0, 14: 0, 15: 0, 16: 0, 17: 0, 18: 0, 19: 0, 20: 0, 21: 0, 22: 0, 23: 0, 24: 0, 25: 0, 26: 0, 27: 0, 28: 0, 29: 0, 30: 0, 31: 0, 32: 0, 33: 0, 34: 0, 35: 0, 36: 0, 37: 0, 38: 0, 39: 0, 40: 0, 41: 0, 42: 0, 43: 0, 44: 0, 45: 0, 46: 0, 47: 0, 48: 0, 49: 0, 50: 0, 51: 0, 52: 0, 53: 0, 54: 0, 55: 0, 56: 0, 57: 0, 58: 0, 59: 0, 60: 0, 61: 0, 62: 1, 63: 1, 64: 1, 65: 1, 66: 1, 67: 1, 68: 1, 69: 1, 70: 1, 71: 1, 72: 1, 73: 1, 74: 1, 75: 1, 76: 1, 77: 1, 78: 1, 79: 1, 80: 1, 81: 1, 82: 1, 83: 1, 84: 1, 85: 1, 86: 1, 87: 1, 88: 1, 89: 1, 90: 1, 91: 1, 92: 1, 93: 1, 94: 1, 95: 1, 96: 1, 97: 1, 98: 1, 99: 1, 100: 1, 101: 1, 102: 1, 103: 1, 104: 1, 105: 1, 106: 1, 107: 1, 108: 1, 109: 1, 110: 1, 111: 1, 112: 1, 113: 1, 114: 1, 115: 1, 116: 1, 117: 1, 118: 1, 119: 1, 120: 1, 121: 1, 122: 1, 123: 1, 124: 1, 125: 2, 126: 2, 127: 2, 128: 2, 129: 2, 130: 2, 131: 2, 132: 2, 133: 2, 134: 2, 135: 2, 136: 2, 137: 2, 138: 2, 139: 2, 140: 2, 141: 2, 142: 2, 143: 2, 144: 2, 145: 2, 146: 2, 147: 2, 148: 2, 149: 2, 150: 2, 151: 2, 152: 2, 153: 2, 154: 2, 155: 2, 156: 2, 157: 2, 158: 2, 159: 2, 160: 2, 161: 2, 162: 2, 163: 2, 164: 2, 165: 2, 166: 2, 167: 2, 168: 2, 169: 2, 170: 2, 171: 2, 172: 2, 173: 2, 174: 2, 175: 2, 176: 2, 177: 2, 178: 2, 179: 2, 180: 2, 181: 2, 182: 2, 183: 2, 184: 2, 185: 2, 186: 2, 187: 2, 188: 3}
strings_used
189
Probabilities for each state:
[np.float64(0.32060086229856544), np.float64(1.740681741845992e-05), np.float64(1.7406814619626477e-05), np.float64(1.740681418544997e-05), np.float64(1.7406814180701024e-05), np.float64(1.7406814180564266e-05), np.float64(1.7406814180557794e-05), np.float64(1.7406814180557313e-05), np.float64(1.74068141805571e-05), np.float64(1.740681418055703e-05), np.float64(1.740681418055702e-05), np.float64(1.7406814180556907e-05), np.float64(1.7406814180556757e-05), np.float64(1.7406814180556744e-05), np.float64(1.740681418055672e-05), np.float64(1.7406814180556425e-05), np.float64(1.740681418055635e-05), np.float64(1.7406814180556246e-05), np.float64(1.7406814180556222e-05), np.float64(1.7406814180556165e-05), np.float64(1.740681418055605e-05), np.float64(1.740681418055603e-05), np.float64(1.7406814180555992e-05), np.float64(1.7406814180555948e-05), np.float64(1.7406814180555965e-05), np.float64(1.740681418055578e-05), np.float64(1.7406814180555775e-05), np.float64(1.7406814180555734e-05), np.float64(1.740681418055566e-05), np.float64(1.7406814180555663e-05), np.float64(1.740681418055558e-05), np.float64(1.7406814180555555e-05), np.float64(1.74068141805555e-05), np.float64(1.7406814180555375e-05), np.float64(1.7406814180555348e-05), np.float64(1.7406814180555284e-05), np.float64(1.740681418055526e-05), np.float64(1.7406814180555253e-05), np.float64(1.740681418055519e-05), np.float64(1.74068141805552e-05), np.float64(1.7406814180555148e-05), np.float64(1.7406814180555104e-05), np.float64(1.7406814180555097e-05), np.float64(1.7406814180555077e-05), np.float64(1.7406814180555023e-05), np.float64(1.7406814180554928e-05), np.float64(1.7406814180554924e-05), np.float64(1.7406814180554853e-05), np.float64(1.740681418055469e-05), np.float64(1.7406814180554653e-05), np.float64(1.740681418055463e-05), np.float64(1.7406814180554528e-05), np.float64(1.740681418055451e-05), np.float64(1.74068141805545e-05), np.float64(1.7406814180554382e-05), np.float64(1.7406814180554135e-05), np.float64(1.7406814180553966e-05), np.float64(1.740681418055387e-05), np.float64(1.740681418055225e-05), np.float64(1.740681418055087e-05), np.float64(1.74068141805504e-05), np.float64(1.7406812919245274e-05), np.float64(0.004777779073735562), np.float64(1.7321957235866086e-05), np.float64(1.732195508188732e-05), np.float64(1.7321954790380137e-05), np.float64(1.732195478952048e-05), np.float64(1.73219547895166e-05), np.float64(1.7321954789513378e-05), np.float64(1.732195478951313e-05), np.float64(1.732195478951309e-05), np.float64(1.7321954789512893e-05), np.float64(1.7321954789512602e-05), np.float64(1.73219547895125e-05), np.float64(1.7321954789512463e-05), np.float64(1.7321954789512426e-05), np.float64(1.7321954789512426e-05), np.float64(1.732195478951236e-05), np.float64(1.7321954789512206e-05), np.float64(1.7321954789512223e-05), np.float64(1.7321954789512134e-05), np.float64(1.7321954789512067e-05), np.float64(1.7321954789512033e-05), np.float64(1.7321954789511958e-05), np.float64(1.7321954789511924e-05), np.float64(1.732195478951182e-05), np.float64(1.7321954789511792e-05), np.float64(1.732195478951173e-05), np.float64(1.7321954789511694e-05), np.float64(1.732195478951164e-05), np.float64(1.7321954789511613e-05), np.float64(1.7321954789511606e-05), np.float64(1.732195478951151e-05), np.float64(1.7321954789511497e-05), np.float64(1.732195478951143e-05), np.float64(1.7321954789511406e-05), np.float64(1.7321954789511355e-05), np.float64(1.732195478951133e-05), np.float64(1.7321954789511287e-05), np.float64(1.7321954789511233e-05), np.float64(1.732195478951123e-05), np.float64(1.7321954789511172e-05), np.float64(1.7321954789511145e-05), np.float64(1.7321954789511098e-05), np.float64(1.732195478951109e-05), np.float64(1.7321954789511064e-05), np.float64(1.732195478951099e-05), np.float64(1.7321954789510945e-05), np.float64(1.73219547895109e-05), np.float64(1.7321954789510877e-05), np.float64(1.732195478951086e-05), np.float64(1.7321954789510776e-05), np.float64(1.732195478951076e-05), np.float64(1.732195478951068e-05), np.float64(1.7321954789510678e-05), np.float64(1.7321954789510566e-05), np.float64(1.732195478951035e-05), np.float64(1.7321954789510186e-05), np.float64(1.732195478951013e-05), np.float64(1.7321954789510013e-05), np.float64(1.7321954789509973e-05), np.float64(1.7321954789509875e-05), np.float64(1.732195478950983e-05), np.float64(1.732195231708285e-05), np.float64(6.271939179698175e-08), np.float64(0.004777778248115762), np.float64(1.735456532439369e-05), np.float64(1.7354564488867776e-05), np.float64(1.7354564289655073e-05), np.float64(1.7354564289653114e-05), np.float64(1.73545642896527e-05), np.float64(1.7354564289652335e-05), np.float64(1.7354564289652166e-05), np.float64(1.7354564289652088e-05), np.float64(1.735456428965197e-05), np.float64(1.7354564289651942e-05), np.float64(1.7354564289651895e-05), np.float64(1.7354564289651874e-05), np.float64(1.7354564289651827e-05), np.float64(1.7354564289651773e-05), np.float64(1.735456428965172e-05), np.float64(1.7354564289651634e-05), np.float64(1.7354564289651556e-05), np.float64(1.7354564289651522e-05), np.float64(1.735456428965146e-05), np.float64(1.7354564289651434e-05), np.float64(1.7354564289651366e-05), np.float64(1.7354564289651305e-05), np.float64(1.735456428965125e-05), np.float64(1.7354564289651214e-05), np.float64(1.7354564289651193e-05), np.float64(1.7354564289651163e-05), np.float64(1.735456428965108e-05), np.float64(1.735456428965096e-05), np.float64(1.7354564289650956e-05), np.float64(1.7354564289650953e-05), np.float64(1.7354564289650912e-05), np.float64(1.7354564289650865e-05), np.float64(1.7354564289650858e-05), np.float64(1.7354564289650814e-05), np.float64(1.7354564289650732e-05), np.float64(1.7354564289650722e-05), np.float64(1.735456428965068e-05), np.float64(1.7354564289650675e-05), np.float64(1.7354564289650634e-05), np.float64(1.7354564289650573e-05), np.float64(1.7354564289650485e-05), np.float64(1.735456428965042e-05), np.float64(1.7354564289650427e-05), np.float64(1.7354564289650336e-05), np.float64(1.7354564289650275e-05), np.float64(1.735456428965024e-05), np.float64(1.735456428965021e-05), np.float64(1.73545642896501e-05), np.float64(1.7354564289649977e-05), np.float64(1.7354564289649828e-05), np.float64(1.7354564289649763e-05), np.float64(1.7354564289649685e-05), np.float64(1.7354564289649536e-05), np.float64(1.7354564289649472e-05), np.float64(1.7354564289649452e-05), np.float64(1.7354564289649347e-05), np.float64(1.7354564289648046e-05), np.float64(1.735456428964356e-05), np.float64(1.735456428948575e-05), np.float64(1.735456428118124e-05), np.float64(1.7354560376715368e-05), np.float64(6.65450516374752e-08), np.float64(4.130309230756891e-08)]
[np.float64(0.0047777813851823505), np.float64(1.7406817418462147e-05), np.float64(1.7406814619626887e-05), np.float64(1.7406814185449965e-05), np.float64(1.740681418070103e-05), np.float64(1.7406814180564266e-05), np.float64(1.74068141805578e-05), np.float64(1.7406814180557313e-05), np.float64(1.74068141805571e-05), np.float64(1.740681418055703e-05), np.float64(1.740681418055702e-05), np.float64(1.7406814180556907e-05), np.float64(1.7406814180556757e-05), np.float64(1.7406814180556747e-05), np.float64(1.740681418055672e-05), np.float64(1.7406814180556425e-05), np.float64(1.740681418055635e-05), np.float64(1.7406814180556246e-05), np.float64(1.7406814180556222e-05), np.float64(1.7406814180556165e-05), np.float64(1.740681418055605e-05), np.float64(1.740681418055603e-05), np.float64(1.7406814180555992e-05), np.float64(1.7406814180555948e-05), np.float64(1.7406814180555965e-05), np.float64(1.740681418055578e-05), np.float64(1.7406814180555775e-05), np.float64(1.7406814180555734e-05), np.float64(1.740681418055566e-05), np.float64(1.7406814180555663e-05), np.float64(1.740681418055558e-05), np.float64(1.7406814180555555e-05), np.float64(1.74068141805555e-05), np.float64(1.7406814180555375e-05), np.float64(1.7406814180555348e-05), np.float64(1.7406814180555284e-05), np.float64(1.740681418055526e-05), np.float64(1.7406814180555253e-05), np.float64(1.740681418055519e-05), np.float64(1.7406814180555202e-05), np.float64(1.7406814180555148e-05), np.float64(1.7406814180555104e-05), np.float64(1.7406814180555097e-05), np.float64(1.7406814180555077e-05), np.float64(1.7406814180555023e-05), np.float64(1.7406814180554928e-05), np.float64(1.7406814180554924e-05), np.float64(1.7406814180554853e-05), np.float64(1.740681418055469e-05), np.float64(1.7406814180554657e-05), np.float64(1.740681418055463e-05), np.float64(1.7406814180554528e-05), np.float64(1.740681418055451e-05), np.float64(1.7406814180554504e-05), np.float64(1.7406814180554382e-05), np.float64(1.7406814180554135e-05), np.float64(1.7406814180553966e-05), np.float64(1.7406814180553864e-05), np.float64(1.7406814180552244e-05), np.float64(1.7406814180550862e-05), np.float64(1.7406814180550398e-05), np.float64(1.740681291924613e-05), np.float64(0.32060065383255776), np.float64(1.732195723586611e-05), np.float64(1.7321955081887118e-05), np.float64(1.7321954790380133e-05), np.float64(1.7321954789520483e-05), np.float64(1.7321954789516597e-05), np.float64(1.732195478951337e-05), np.float64(1.732195478951313e-05), np.float64(1.732195478951309e-05), np.float64(1.7321954789512893e-05), np.float64(1.7321954789512602e-05), np.float64(1.73219547895125e-05), np.float64(1.7321954789512463e-05), np.float64(1.732195478951243e-05), np.float64(1.7321954789512426e-05), np.float64(1.732195478951236e-05), np.float64(1.7321954789512206e-05), np.float64(1.7321954789512223e-05), np.float64(1.7321954789512138e-05), np.float64(1.7321954789512067e-05), np.float64(1.7321954789512033e-05), np.float64(1.7321954789511958e-05), np.float64(1.7321954789511924e-05), np.float64(1.732195478951182e-05), np.float64(1.732195478951179e-05), np.float64(1.732195478951173e-05), np.float64(1.7321954789511694e-05), np.float64(1.732195478951164e-05), np.float64(1.7321954789511613e-05), np.float64(1.7321954789511606e-05), np.float64(1.732195478951151e-05), np.float64(1.7321954789511497e-05), np.float64(1.732195478951143e-05), np.float64(1.7321954789511406e-05), np.float64(1.7321954789511355e-05), np.float64(1.732195478951133e-05), np.float64(1.7321954789511287e-05), np.float64(1.7321954789511233e-05), np.float64(1.732195478951123e-05), np.float64(1.7321954789511172e-05), np.float64(1.7321954789511145e-05), np.float64(1.7321954789511098e-05), np.float64(1.732195478951109e-05), np.float64(1.7321954789511064e-05), np.float64(1.732195478951099e-05), np.float64(1.7321954789510942e-05), np.float64(1.73219547895109e-05), np.float64(1.7321954789510877e-05), np.float64(1.732195478951086e-05), np.float64(1.732195478951078e-05), np.float64(1.732195478951076e-05), np.float64(1.7321954789510678e-05), np.float64(1.7321954789510678e-05), np.float64(1.7321954789510566e-05), np.float64(1.732195478951035e-05), np.float64(1.7321954789510186e-05), np.float64(1.732195478951013e-05), np.float64(1.7321954789510013e-05), np.float64(1.7321954789509973e-05), np.float64(1.7321954789509875e-05), np.float64(1.732195478950983e-05), np.float64(1.732195231708277e-05), np.float64(9.101975871120106e-10), np.float64(0.004777777773314611), np.float64(1.7354565324393818e-05), np.float64(1.7354564488867494e-05), np.float64(1.7354564289655073e-05), np.float64(1.7354564289653107e-05), np.float64(1.7354564289652698e-05), np.float64(1.7354564289652335e-05), np.float64(1.7354564289652166e-05), np.float64(1.7354564289652088e-05), np.float64(1.735456428965197e-05), np.float64(1.7354564289651942e-05), np.float64(1.7354564289651895e-05), np.float64(1.7354564289651874e-05), np.float64(1.7354564289651827e-05), np.float64(1.7354564289651773e-05), np.float64(1.735456428965172e-05), np.float64(1.735456428965163e-05), np.float64(1.7354564289651556e-05), np.float64(1.7354564289651522e-05), np.float64(1.735456428965146e-05), np.float64(1.7354564289651434e-05), np.float64(1.7354564289651366e-05), np.float64(1.7354564289651305e-05), np.float64(1.735456428965125e-05), np.float64(1.7354564289651214e-05), np.float64(1.7354564289651193e-05), np.float64(1.7354564289651163e-05), np.float64(1.735456428965108e-05), np.float64(1.735456428965096e-05), np.float64(1.7354564289650956e-05), np.float64(1.7354564289650953e-05), np.float64(1.7354564289650912e-05), np.float64(1.7354564289650865e-05), np.float64(1.7354564289650858e-05), np.float64(1.7354564289650814e-05), np.float64(1.7354564289650732e-05), np.float64(1.7354564289650722e-05), np.float64(1.735456428965068e-05), np.float64(1.7354564289650675e-05), np.float64(1.7354564289650634e-05), np.float64(1.7354564289650573e-05), np.float64(1.735456428965048e-05), np.float64(1.7354564289650424e-05), np.float64(1.735456428965043e-05), np.float64(1.7354564289650336e-05), np.float64(1.7354564289650275e-05), np.float64(1.735456428965024e-05), np.float64(1.735456428965021e-05), np.float64(1.73545642896501e-05), np.float64(1.7354564289649977e-05), np.float64(1.7354564289649828e-05), np.float64(1.735456428964976e-05), np.float64(1.7354564289649685e-05), np.float64(1.7354564289649536e-05), np.float64(1.7354564289649472e-05), np.float64(1.7354564289649452e-05), np.float64(1.7354564289649347e-05), np.float64(1.7354564289648046e-05), np.float64(1.7354564289643556e-05), np.float64(1.7354564289485757e-05), np.float64(1.735456428118124e-05), np.float64(1.735456037671672e-05), np.float64(1.4564776765473667e-09), np.float64(4.831878959035009e-10)]
[np.float64(0.004777782327859172), np.float64(1.7406817418460982e-05), np.float64(1.7406814619627006e-05), np.float64(1.740681418544996e-05), np.float64(1.740681418070103e-05), np.float64(1.7406814180564266e-05), np.float64(1.7406814180557794e-05), np.float64(1.7406814180557313e-05), np.float64(1.74068141805571e-05), np.float64(1.740681418055703e-05), np.float64(1.740681418055702e-05), np.float64(1.7406814180556907e-05), np.float64(1.7406814180556757e-05), np.float64(1.7406814180556747e-05), np.float64(1.740681418055672e-05), np.float64(1.7406814180556425e-05), np.float64(1.740681418055635e-05), np.float64(1.7406814180556246e-05), np.float64(1.7406814180556222e-05), np.float64(1.7406814180556165e-05), np.float64(1.7406814180556053e-05), np.float64(1.740681418055603e-05), np.float64(1.7406814180555992e-05), np.float64(1.7406814180555948e-05), np.float64(1.7406814180555965e-05), np.float64(1.740681418055578e-05), np.float64(1.7406814180555775e-05), np.float64(1.7406814180555734e-05), np.float64(1.740681418055566e-05), np.float64(1.7406814180555663e-05), np.float64(1.740681418055558e-05), np.float64(1.7406814180555555e-05), np.float64(1.74068141805555e-05), np.float64(1.7406814180555375e-05), np.float64(1.7406814180555348e-05), np.float64(1.7406814180555284e-05), np.float64(1.740681418055526e-05), np.float64(1.7406814180555253e-05), np.float64(1.740681418055519e-05), np.float64(1.74068141805552e-05), np.float64(1.7406814180555148e-05), np.float64(1.7406814180555104e-05), np.float64(1.7406814180555097e-05), np.float64(1.7406814180555077e-05), np.float64(1.7406814180555023e-05), np.float64(1.7406814180554928e-05), np.float64(1.740681418055492e-05), np.float64(1.7406814180554853e-05), np.float64(1.740681418055469e-05), np.float64(1.7406814180554657e-05), np.float64(1.740681418055463e-05), np.float64(1.7406814180554528e-05), np.float64(1.740681418055451e-05), np.float64(1.7406814180554508e-05), np.float64(1.7406814180554386e-05), np.float64(1.7406814180554135e-05), np.float64(1.740681418055396e-05), np.float64(1.7406814180553864e-05), np.float64(1.7406814180552244e-05), np.float64(1.740681418055087e-05), np.float64(1.74068141805504e-05), np.float64(1.7406812919246027e-05), np.float64(0.004777779541610553), np.float64(1.7321957235865994e-05), np.float64(1.732195508188714e-05), np.float64(1.732195479038013e-05), np.float64(1.7321954789520483e-05), np.float64(1.73219547895166e-05), np.float64(1.7321954789513375e-05), np.float64(1.732195478951313e-05), np.float64(1.732195478951309e-05), np.float64(1.7321954789512893e-05), np.float64(1.7321954789512602e-05), np.float64(1.73219547895125e-05), np.float64(1.7321954789512463e-05), np.float64(1.7321954789512433e-05), np.float64(1.7321954789512426e-05), np.float64(1.732195478951236e-05), np.float64(1.7321954789512206e-05), np.float64(1.7321954789512223e-05), np.float64(1.7321954789512134e-05), np.float64(1.7321954789512067e-05), np.float64(1.7321954789512033e-05), np.float64(1.7321954789511958e-05), np.float64(1.7321954789511924e-05), np.float64(1.732195478951182e-05), np.float64(1.732195478951179e-05), np.float64(1.732195478951173e-05), np.float64(1.7321954789511694e-05), np.float64(1.732195478951164e-05), np.float64(1.7321954789511613e-05), np.float64(1.7321954789511606e-05), np.float64(1.732195478951151e-05), np.float64(1.7321954789511497e-05), np.float64(1.732195478951143e-05), np.float64(1.7321954789511406e-05), np.float64(1.7321954789511355e-05), np.float64(1.732195478951133e-05), np.float64(1.7321954789511287e-05), np.float64(1.7321954789511233e-05), np.float64(1.732195478951123e-05), np.float64(1.7321954789511172e-05), np.float64(1.7321954789511145e-05), np.float64(1.7321954789511098e-05), np.float64(1.732195478951109e-05), np.float64(1.7321954789511064e-05), np.float64(1.732195478951099e-05), np.float64(1.7321954789510945e-05), np.float64(1.73219547895109e-05), np.float64(1.732195478951088e-05), np.float64(1.7321954789510864e-05), np.float64(1.7321954789510776e-05), np.float64(1.7321954789510755e-05), np.float64(1.732195478951068e-05), np.float64(1.7321954789510678e-05), np.float64(1.7321954789510566e-05), np.float64(1.732195478951035e-05), np.float64(1.7321954789510183e-05), np.float64(1.732195478951013e-05), np.float64(1.7321954789510013e-05), np.float64(1.7321954789509973e-05), np.float64(1.7321954789509875e-05), np.float64(1.7321954789509827e-05), np.float64(1.7321952317083318e-05), np.float64(1.1476693703129947e-09), np.float64(0.3206006617390058), np.float64(1.7354565324393364e-05), np.float64(1.7354564488867572e-05), np.float64(1.7354564289655073e-05), np.float64(1.7354564289653114e-05), np.float64(1.73545642896527e-05), np.float64(1.7354564289652335e-05), np.float64(1.7354564289652166e-05), np.float64(1.7354564289652088e-05), np.float64(1.735456428965197e-05), np.float64(1.7354564289651942e-05), np.float64(1.7354564289651895e-05), np.float64(1.7354564289651874e-05), np.float64(1.7354564289651827e-05), np.float64(1.7354564289651773e-05), np.float64(1.735456428965172e-05), np.float64(1.735456428965163e-05), np.float64(1.7354564289651556e-05), np.float64(1.7354564289651522e-05), np.float64(1.735456428965146e-05), np.float64(1.7354564289651434e-05), np.float64(1.7354564289651366e-05), np.float64(1.7354564289651305e-05), np.float64(1.735456428965125e-05), np.float64(1.7354564289651214e-05), np.float64(1.7354564289651193e-05), np.float64(1.7354564289651163e-05), np.float64(1.735456428965108e-05), np.float64(1.735456428965096e-05), np.float64(1.735456428965096e-05), np.float64(1.7354564289650953e-05), np.float64(1.7354564289650915e-05), np.float64(1.7354564289650865e-05), np.float64(1.7354564289650858e-05), np.float64(1.7354564289650814e-05), np.float64(1.7354564289650732e-05), np.float64(1.7354564289650722e-05), np.float64(1.735456428965068e-05), np.float64(1.7354564289650675e-05), np.float64(1.7354564289650634e-05), np.float64(1.735456428965057e-05), np.float64(1.7354564289650485e-05), np.float64(1.735456428965042e-05), np.float64(1.735456428965043e-05), np.float64(1.7354564289650336e-05), np.float64(1.7354564289650275e-05), np.float64(1.735456428965024e-05), np.float64(1.7354564289650207e-05), np.float64(1.73545642896501e-05), np.float64(1.7354564289649977e-05), np.float64(1.7354564289649828e-05), np.float64(1.7354564289649763e-05), np.float64(1.7354564289649685e-05), np.float64(1.7354564289649536e-05), np.float64(1.7354564289649472e-05), np.float64(1.7354564289649452e-05), np.float64(1.7354564289649347e-05), np.float64(1.735456428964804e-05), np.float64(1.7354564289643556e-05), np.float64(1.7354564289485757e-05), np.float64(1.7354564281181226e-05), np.float64(1.7354560376715737e-05), np.float64(9.396347357535608e-10), np.float64(3.935114443286557e-10)]
Total probability = 1.0000
Success probability = 0.9650
Inconclusive probability = 0.0000

ideal_distrib
[np.float64(0.187014512922455), np.float64(0.18701451292245747), np.float64(0.18701451292246687), np.float64(0.43895646123262066)]
result_distrib
[np.float64(0.32166267827910444), np.float64(0.32165729232012485), np.float64(0.32165928940922317), np.float64(4.217979164780107e-08)]
Params:
[0.5677003278199916, 0.03131329245555859, 0.8422847745949987, 0.4497541333697658, 0.39515023600181454, 0.9266588657937944]
===============================================================================
                                     CVXPY                                     
                                     v1.6.0                                    
===============================================================================
(CVXPY) May 15 02:08:16 PM: Your problem has 16384 variables, 20486 constraints, and 0 parameters.
(CVXPY) May 15 02:08:16 PM: It is compliant with the following grammars: DCP, DQCP
(CVXPY) May 15 02:08:16 PM: (If you need to solve this problem multiple times, but with different data, consider using parameters.)
(CVXPY) May 15 02:08:16 PM: CVXPY will first compile your problem; then, it will invoke a numerical solver to obtain a solution.
(CVXPY) May 15 02:08:16 PM: Your problem is compiled with the CPP canonicalization backend.
-------------------------------------------------------------------------------
                                  Compilation                                  
-------------------------------------------------------------------------------
(CVXPY) May 15 02:08:16 PM: Compiling problem (target solver=SCS).
(CVXPY) May 15 02:08:16 PM: Reduction chain: Complex2Real -> FlipObjective -> Dcp2Cone -> CvxAttr2Constr -> ConeMatrixStuffing -> SCS
(CVXPY) May 15 02:08:16 PM: Applying reduction Complex2Real
(CVXPY) May 15 02:08:16 PM: Applying reduction FlipObjective
(CVXPY) May 15 02:08:16 PM: Applying reduction Dcp2Cone
(CVXPY) May 15 02:08:16 PM: Applying reduction CvxAttr2Constr
(CVXPY) May 15 02:08:16 PM: Applying reduction ConeMatrixStuffing
(CVXPY) May 15 02:08:17 PM: Applying reduction SCS
(CVXPY) May 15 02:08:17 PM: Finished problem compilation (took 8.992e-01 seconds).
-------------------------------------------------------------------------------
                                Numerical solver                               
-------------------------------------------------------------------------------
(CVXPY) May 15 02:08:17 PM: Invoking solver SCS  to obtain a solution.
------------------------------------------------------------------
	       SCS v3.2.7 - Splitting Conic Solver
	(c) Brendan O'Donoghue, Stanford University, 2012
------------------------------------------------------------------
problem:  variables n: 16384, constraints m: 41222
cones: 	  z: primal zero / dual free vars: 8192
	  l: linear vars: 6
	  s: psd vars: 33024, ssize: 4
settings: eps_abs: 1.0e-07, eps_rel: 1.0e-07, eps_infeas: 1.0e-07
	  alpha: 1.50, scale: 1.00e-01, adaptive_scale: 1
	  max_iters: 100000, normalize: 1, rho_x: 1.00e-06
	  acceleration_lookback: 10, acceleration_interval: 10
lin-sys:  sparse-direct-amd-qdldl
	  nnz(A): 108370, nnz(P): 0
------------------------------------------------------------------
 iter | pri res | dua res |   gap   |   obj   |  scale  | time (s)
------------------------------------------------------------------
     0| 1.00e+00  2.20e-01  6.38e+00  8.66e-01  1.00e-01  4.89e-02 
   250| 1.27e-03  3.21e-05  2.34e-04 -9.64e-01  1.00e-01  2.79e+00 
   500| 2.11e-04  3.69e-05  1.28e-04 -9.64e-01  1.00e-01  5.43e+00 
   750| 4.51e-05  6.42e-06  6.22e-06 -9.65e-01  1.00e-01  8.11e+00 
  1000| 3.66e-02  3.02e-03  3.66e-05 -9.65e-01  1.00e-01  1.09e+01 
  1125| 7.69e-11  1.33e-11  3.84e-11 -9.65e-01  1.00e-01  1.25e+01 
------------------------------------------------------------------
status:  solved
timings: total: 1.25e+01s = setup: 4.06e-02s + solve: 1.24e+01s
	 lin-sys: 1.38e+00s, cones: 1.07e+01s, accel: 7.47e-02s
------------------------------------------------------------------
objective = -0.964979
------------------------------------------------------------------
-------------------------------------------------------------------------------
                                    Summary                                    
-------------------------------------------------------------------------------
(CVXPY) May 15 02:08:29 PM: Problem status: optimal
(CVXPY) May 15 02:08:29 PM: Optimal value: 9.650e-01
(CVXPY) May 15 02:08:29 PM: Compilation took 8.992e-01 seconds
(CVXPY) May 15 02:08:29 PM: Solver (including time spent in interface) took 1.246e+01 seconds
Result = 0.9649791580514808
CVXPY returns optimal
bitstring_to_target_state
{0: 0, 1: 0, 2: 0, 3: 0, 4: 0, 5: 0, 6: 0, 7: 0, 8: 0, 9: 0, 10: 0, 11: 0, 12: 0, 13: 0, 14: 0, 15: 0, 16: 0, 17: 0, 18: 0, 19: 0, 20: 0, 21: 0, 22: 0, 23: 0, 24: 0, 25: 0, 26: 0, 27: 0, 28: 0, 29: 0, 30: 0, 31: 0, 32: 0, 33: 0, 34: 0, 35: 0, 36: 0, 37: 0, 38: 0, 39: 0, 40: 0, 41: 0, 42: 0, 43: 0, 44: 0, 45: 0, 46: 0, 47: 0, 48: 0, 49: 0, 50: 0, 51: 0, 52: 0, 53: 0, 54: 0, 55: 0, 56: 0, 57: 0, 58: 0, 59: 0, 60: 0, 61: 0, 62: 1, 63: 1, 64: 1, 65: 1, 66: 1, 67: 1, 68: 1, 69: 1, 70: 1, 71: 1, 72: 1, 73: 1, 74: 1, 75: 1, 76: 1, 77: 1, 78: 1, 79: 1, 80: 1, 81: 1, 82: 1, 83: 1, 84: 1, 85: 1, 86: 1, 87: 1, 88: 1, 89: 1, 90: 1, 91: 1, 92: 1, 93: 1, 94: 1, 95: 1, 96: 1, 97: 1, 98: 1, 99: 1, 100: 1, 101: 1, 102: 1, 103: 1, 104: 1, 105: 1, 106: 1, 107: 1, 108: 1, 109: 1, 110: 1, 111: 1, 112: 1, 113: 1, 114: 1, 115: 1, 116: 1, 117: 1, 118: 1, 119: 1, 120: 1, 121: 1, 122: 1, 123: 1, 124: 2, 125: 2, 126: 2, 127: 2, 128: 2, 129: 2, 130: 2, 131: 2, 132: 2, 133: 2, 134: 2, 135: 2, 136: 2, 137: 2, 138: 2, 139: 2, 140: 2, 141: 2, 142: 2, 143: 2, 144: 2, 145: 2, 146: 2, 147: 2, 148: 2, 149: 2, 150: 2, 151: 2, 152: 2, 153: 2, 154: 2, 155: 2, 156: 2, 157: 2, 158: 2, 159: 2, 160: 2, 161: 2, 162: 2, 163: 2, 164: 2, 165: 2, 166: 2, 167: 2, 168: 2, 169: 2, 170: 2, 171: 2, 172: 2, 173: 2, 174: 2, 175: 2, 176: 2, 177: 2, 178: 2, 179: 2, 180: 2, 181: 2, 182: 2, 183: 2, 184: 2, 185: 2}
strings_used
186
Probabilities for each state:
[np.float64(0.32060069155940074), np.float64(6.584126477219171e-06), np.float64(6.584125220566966e-06), np.float64(6.584125220541942e-06), np.float64(6.584125220490918e-06), np.float64(6.584125220462452e-06), np.float64(6.584125220433596e-06), np.float64(6.584125220392112e-06), np.float64(6.584125220368081e-06), np.float64(6.584125220350095e-06), np.float64(6.584125220321438e-06), np.float64(6.584125220311264e-06), np.float64(6.584125220278683e-06), np.float64(6.584125220258673e-06), np.float64(6.584125220248898e-06), np.float64(6.584125220227543e-06), np.float64(6.584125220221721e-06), np.float64(6.584125220193715e-06), np.float64(6.584125220178655e-06), np.float64(6.584125220161141e-06), np.float64(6.584125220139732e-06), np.float64(6.584125220133152e-06), np.float64(6.584125220107554e-06), np.float64(6.5841252200778345e-06), np.float64(6.584125220062243e-06), np.float64(6.584125220055416e-06), np.float64(6.584125220032497e-06), np.float64(6.58412522001775e-06), np.float64(6.584125220009584e-06), np.float64(6.584125219991318e-06), np.float64(6.584125219965544e-06), np.float64(6.584125219953028e-06), np.float64(6.584125219938414e-06), np.float64(6.584125219925966e-06), np.float64(6.584125219897535e-06), np.float64(6.584125219873268e-06), np.float64(6.584125219855783e-06), np.float64(6.5841252198326345e-06), np.float64(6.584125219818655e-06), np.float64(6.584125219810503e-06), np.float64(6.584125219775275e-06), np.float64(6.584125219756835e-06), np.float64(6.584125219735768e-06), np.float64(6.584125219717713e-06), np.float64(6.5841252196958845e-06), np.float64(6.584125219675985e-06), np.float64(6.5841252196610435e-06), np.float64(6.5841252196359205e-06), np.float64(6.5841252196191255e-06), np.float64(6.584125219586499e-06), np.float64(6.584125219559399e-06), np.float64(6.584125219543299e-06), np.float64(6.584125219511001e-06), np.float64(6.584125219500708e-06), np.float64(6.58412521945603e-06), np.float64(6.584125219440458e-06), np.float64(6.58412521937359e-06), np.float64(6.584125219321112e-06), np.float64(6.584125215984836e-06), np.float64(6.584125194649563e-06), np.float64(6.584124996742954e-06), np.float64(6.5841218427036985e-06), np.float64(0.004777779204589697), np.float64(3.8951791813323215e-05), np.float64(3.895178827237703e-05), np.float64(3.895178699746118e-05), np.float64(3.895178682687119e-05), np.float64(3.8951786809251216e-05), np.float64(3.8951786807449184e-05), np.float64(3.895178680732917e-05), np.float64(3.895178680729514e-05), np.float64(3.8951786807269775e-05), np.float64(3.8951786807215396e-05), np.float64(3.895178680719295e-05), np.float64(3.895178680714594e-05), np.float64(3.895178680712139e-05), np.float64(3.895178680710631e-05), np.float64(3.8951786807077384e-05), np.float64(3.8951786807068785e-05), np.float64(3.895178680703513e-05), np.float64(3.895178680701172e-05), np.float64(3.8951786806974784e-05), np.float64(3.895178680694349e-05), np.float64(3.8951786806918555e-05), np.float64(3.89517868069102e-05), np.float64(3.895178680688561e-05), np.float64(3.895178680686906e-05), np.float64(3.895178680685665e-05), np.float64(3.8951786806828403e-05), np.float64(3.8951786806793844e-05), np.float64(3.895178680678184e-05), np.float64(3.895178680676802e-05), np.float64(3.895178680674448e-05), np.float64(3.8951786806730405e-05), np.float64(3.8951786806696985e-05), np.float64(3.8951786806680674e-05), np.float64(3.895178680665798e-05), np.float64(3.8951786806642124e-05), np.float64(3.895178680661762e-05), np.float64(3.895178680657753e-05), np.float64(3.895178680656957e-05), np.float64(3.895178680655604e-05), np.float64(3.8951786806547365e-05), np.float64(3.8951786806521506e-05), np.float64(3.8951786806498494e-05), np.float64(3.895178680646593e-05), np.float64(3.8951786806459504e-05), np.float64(3.895178680644045e-05), np.float64(3.895178680640077e-05), np.float64(3.895178680637037e-05), np.float64(3.895178680634359e-05), np.float64(3.8951786806327055e-05), np.float64(3.8951786806307485e-05), np.float64(3.8951786806284e-05), np.float64(3.895178680624819e-05), np.float64(3.895178680623225e-05), np.float64(3.895178680620495e-05), np.float64(3.895178680616852e-05), np.float64(3.8951786806147565e-05), np.float64(3.895178680609104e-05), np.float64(3.8951786806071725e-05), np.float64(3.895178680604278e-05), np.float64(3.895178680596519e-05), np.float64(3.895178679540873e-05), np.float64(0.004777779202965994), np.float64(6.547421927090815e-06), np.float64(6.547421307217644e-06), np.float64(6.547421307171155e-06), np.float64(6.547421307116419e-06), np.float64(6.547421307105242e-06), np.float64(6.54742130708733e-06), np.float64(6.547421307044443e-06), np.float64(6.547421307029996e-06), np.float64(6.547421307014789e-06), np.float64(6.547421306992758e-06), np.float64(6.547421306950757e-06), np.float64(6.547421306943688e-06), np.float64(6.5474213069225275e-06), np.float64(6.5474213068930355e-06), np.float64(6.547421306872345e-06), np.float64(6.547421306866433e-06), np.float64(6.547421306854706e-06), np.float64(6.547421306827738e-06), np.float64(6.547421306800223e-06), np.float64(6.547421306792925e-06), np.float64(6.547421306763674e-06), np.float64(6.547421306745648e-06), np.float64(6.547421306731107e-06), np.float64(6.547421306716272e-06), np.float64(6.547421306697209e-06), np.float64(6.547421306677813e-06), np.float64(6.5474213066585505e-06), np.float64(6.547421306644599e-06), np.float64(6.547421306615179e-06), np.float64(6.547421306610909e-06), np.float64(6.547421306594234e-06), np.float64(6.547421306582088e-06), np.float64(6.547421306566315e-06), np.float64(6.547421306548003e-06), np.float64(6.547421306513065e-06), np.float64(6.547421306501313e-06), np.float64(6.547421306482629e-06), np.float64(6.547421306465688e-06), np.float64(6.547421306444489e-06), np.float64(6.547421306432339e-06), np.float64(6.5474213064172105e-06), np.float64(6.547421306397657e-06), np.float64(6.547421306377982e-06), np.float64(6.547421306349647e-06), np.float64(6.547421306332315e-06), np.float64(6.5474213063213365e-06), np.float64(6.5474213062978034e-06), np.float64(6.547421306275457e-06), np.float64(6.547421306256502e-06), np.float64(6.547421306233011e-06), np.float64(6.547421306190723e-06), np.float64(6.547421306153144e-06), np.float64(6.5474213061293404e-06), np.float64(6.547421306119235e-06), np.float64(6.547421306090895e-06), np.float64(6.547421306050777e-06), np.float64(6.547421306005813e-06), np.float64(6.547421302096218e-06), np.float64(6.5474212748064966e-06), np.float64(6.547421120919901e-06), np.float64(6.547416607323899e-06)]
[np.float64(0.0047777792024969075), np.float64(6.584126477218923e-06), np.float64(6.584125220566968e-06), np.float64(6.584125220541942e-06), np.float64(6.584125220490918e-06), np.float64(6.584125220462452e-06), np.float64(6.584125220433596e-06), np.float64(6.584125220392112e-06), np.float64(6.584125220368081e-06), np.float64(6.584125220350095e-06), np.float64(6.584125220321437e-06), np.float64(6.584125220311264e-06), np.float64(6.584125220278682e-06), np.float64(6.5841252202586735e-06), np.float64(6.584125220248898e-06), np.float64(6.584125220227543e-06), np.float64(6.584125220221721e-06), np.float64(6.5841252201937145e-06), np.float64(6.584125220178655e-06), np.float64(6.584125220161141e-06), np.float64(6.584125220139732e-06), np.float64(6.5841252201331525e-06), np.float64(6.584125220107554e-06), np.float64(6.584125220077834e-06), np.float64(6.584125220062242e-06), np.float64(6.584125220055416e-06), np.float64(6.584125220032497e-06), np.float64(6.58412522001775e-06), np.float64(6.584125220009585e-06), np.float64(6.584125219991316e-06), np.float64(6.584125219965544e-06), np.float64(6.584125219953027e-06), np.float64(6.584125219938414e-06), np.float64(6.584125219925966e-06), np.float64(6.584125219897535e-06), np.float64(6.584125219873267e-06), np.float64(6.584125219855783e-06), np.float64(6.584125219832635e-06), np.float64(6.584125219818655e-06), np.float64(6.584125219810503e-06), np.float64(6.584125219775277e-06), np.float64(6.584125219756835e-06), np.float64(6.584125219735768e-06), np.float64(6.5841252197177125e-06), np.float64(6.5841252196958845e-06), np.float64(6.584125219675984e-06), np.float64(6.5841252196610435e-06), np.float64(6.5841252196359205e-06), np.float64(6.584125219619125e-06), np.float64(6.584125219586499e-06), np.float64(6.584125219559399e-06), np.float64(6.584125219543299e-06), np.float64(6.584125219511001e-06), np.float64(6.584125219500708e-06), np.float64(6.58412521945603e-06), np.float64(6.58412521944046e-06), np.float64(6.58412521937359e-06), np.float64(6.584125219321111e-06), np.float64(6.584125215984836e-06), np.float64(6.584125194649566e-06), np.float64(6.584124996742998e-06), np.float64(6.584121842703564e-06), np.float64(0.3206006916361341), np.float64(3.895179181332557e-05), np.float64(3.8951788272376586e-05), np.float64(3.895178699746199e-05), np.float64(3.8951786826871344e-05), np.float64(3.895178680925121e-05), np.float64(3.8951786807449184e-05), np.float64(3.8951786807329176e-05), np.float64(3.895178680729514e-05), np.float64(3.895178680726977e-05), np.float64(3.8951786807215396e-05), np.float64(3.895178680719295e-05), np.float64(3.895178680714594e-05), np.float64(3.895178680712139e-05), np.float64(3.895178680710631e-05), np.float64(3.8951786807077384e-05), np.float64(3.8951786807068785e-05), np.float64(3.895178680703512e-05), np.float64(3.895178680701172e-05), np.float64(3.8951786806974784e-05), np.float64(3.89517868069435e-05), np.float64(3.895178680691856e-05), np.float64(3.89517868069102e-05), np.float64(3.895178680688561e-05), np.float64(3.895178680686906e-05), np.float64(3.895178680685665e-05), np.float64(3.895178680682841e-05), np.float64(3.895178680679385e-05), np.float64(3.895178680678184e-05), np.float64(3.895178680676802e-05), np.float64(3.895178680674448e-05), np.float64(3.8951786806730405e-05), np.float64(3.8951786806696985e-05), np.float64(3.895178680668068e-05), np.float64(3.895178680665798e-05), np.float64(3.8951786806642124e-05), np.float64(3.8951786806617614e-05), np.float64(3.8951786806577526e-05), np.float64(3.895178680656957e-05), np.float64(3.895178680655604e-05), np.float64(3.8951786806547365e-05), np.float64(3.8951786806521506e-05), np.float64(3.89517868064985e-05), np.float64(3.895178680646593e-05), np.float64(3.8951786806459504e-05), np.float64(3.895178680644045e-05), np.float64(3.895178680640077e-05), np.float64(3.8951786806370375e-05), np.float64(3.895178680634358e-05), np.float64(3.8951786806327055e-05), np.float64(3.895178680630749e-05), np.float64(3.8951786806284e-05), np.float64(3.895178680624819e-05), np.float64(3.895178680623225e-05), np.float64(3.895178680620495e-05), np.float64(3.8951786806168504e-05), np.float64(3.895178680614757e-05), np.float64(3.895178680609103e-05), np.float64(3.895178680607172e-05), np.float64(3.895178680604278e-05), np.float64(3.8951786805965196e-05), np.float64(3.895178679540876e-05), np.float64(0.0047777792015533714), np.float64(6.547421927090954e-06), np.float64(6.547421307217644e-06), np.float64(6.547421307171155e-06), np.float64(6.547421307116419e-06), np.float64(6.547421307105241e-06), np.float64(6.54742130708733e-06), np.float64(6.547421307044443e-06), np.float64(6.547421307029997e-06), np.float64(6.547421307014789e-06), np.float64(6.547421306992758e-06), np.float64(6.547421306950757e-06), np.float64(6.547421306943689e-06), np.float64(6.5474213069225275e-06), np.float64(6.5474213068930355e-06), np.float64(6.547421306872345e-06), np.float64(6.547421306866434e-06), np.float64(6.547421306854706e-06), np.float64(6.547421306827739e-06), np.float64(6.547421306800223e-06), np.float64(6.547421306792925e-06), np.float64(6.547421306763674e-06), np.float64(6.547421306745648e-06), np.float64(6.547421306731108e-06), np.float64(6.547421306716272e-06), np.float64(6.54742130669721e-06), np.float64(6.547421306677813e-06), np.float64(6.547421306658551e-06), np.float64(6.547421306644599e-06), np.float64(6.547421306615178e-06), np.float64(6.547421306610909e-06), np.float64(6.547421306594234e-06), np.float64(6.547421306582088e-06), np.float64(6.547421306566315e-06), np.float64(6.547421306548003e-06), np.float64(6.547421306513065e-06), np.float64(6.547421306501313e-06), np.float64(6.547421306482629e-06), np.float64(6.547421306465687e-06), np.float64(6.547421306444489e-06), np.float64(6.547421306432339e-06), np.float64(6.547421306417211e-06), np.float64(6.547421306397655e-06), np.float64(6.547421306377982e-06), np.float64(6.547421306349647e-06), np.float64(6.547421306332315e-06), np.float64(6.5474213063213365e-06), np.float64(6.5474213062978034e-06), np.float64(6.547421306275457e-06), np.float64(6.547421306256502e-06), np.float64(6.547421306233012e-06), np.float64(6.547421306190724e-06), np.float64(6.547421306153143e-06), np.float64(6.5474213061293404e-06), np.float64(6.547421306119235e-06), np.float64(6.547421306090895e-06), np.float64(6.547421306050778e-06), np.float64(6.547421306005817e-06), np.float64(6.547421302096218e-06), np.float64(6.547421274806499e-06), np.float64(6.547421120919881e-06), np.float64(6.547416607323905e-06)]
[np.float64(0.0047777792034671045), np.float64(6.584126477218571e-06), np.float64(6.584125220566966e-06), np.float64(6.584125220541942e-06), np.float64(6.584125220490918e-06), np.float64(6.584125220462452e-06), np.float64(6.584125220433598e-06), np.float64(6.584125220392112e-06), np.float64(6.584125220368081e-06), np.float64(6.584125220350095e-06), np.float64(6.584125220321438e-06), np.float64(6.584125220311264e-06), np.float64(6.584125220278683e-06), np.float64(6.584125220258673e-06), np.float64(6.584125220248898e-06), np.float64(6.584125220227543e-06), np.float64(6.584125220221721e-06), np.float64(6.5841252201937145e-06), np.float64(6.584125220178655e-06), np.float64(6.584125220161141e-06), np.float64(6.584125220139733e-06), np.float64(6.584125220133152e-06), np.float64(6.584125220107554e-06), np.float64(6.5841252200778345e-06), np.float64(6.584125220062243e-06), np.float64(6.584125220055418e-06), np.float64(6.584125220032497e-06), np.float64(6.58412522001775e-06), np.float64(6.584125220009585e-06), np.float64(6.584125219991318e-06), np.float64(6.584125219965544e-06), np.float64(6.584125219953027e-06), np.float64(6.584125219938414e-06), np.float64(6.584125219925967e-06), np.float64(6.584125219897535e-06), np.float64(6.584125219873267e-06), np.float64(6.584125219855783e-06), np.float64(6.5841252198326345e-06), np.float64(6.584125219818655e-06), np.float64(6.584125219810503e-06), np.float64(6.584125219775275e-06), np.float64(6.584125219756835e-06), np.float64(6.584125219735769e-06), np.float64(6.5841252197177125e-06), np.float64(6.584125219695886e-06), np.float64(6.584125219675985e-06), np.float64(6.584125219661043e-06), np.float64(6.5841252196359205e-06), np.float64(6.584125219619125e-06), np.float64(6.584125219586499e-06), np.float64(6.584125219559397e-06), np.float64(6.584125219543298e-06), np.float64(6.584125219511001e-06), np.float64(6.584125219500707e-06), np.float64(6.58412521945603e-06), np.float64(6.584125219440458e-06), np.float64(6.58412521937359e-06), np.float64(6.584125219321111e-06), np.float64(6.584125215984835e-06), np.float64(6.584125194649562e-06), np.float64(6.584124996743073e-06), np.float64(6.584121842703446e-06), np.float64(0.00477777920414703), np.float64(3.8951791813325004e-05), np.float64(3.895178827237661e-05), np.float64(3.8951786997462235e-05), np.float64(3.895178682687122e-05), np.float64(3.895178680925123e-05), np.float64(3.895178680744918e-05), np.float64(3.895178680732917e-05), np.float64(3.895178680729513e-05), np.float64(3.895178680726977e-05), np.float64(3.8951786807215396e-05), np.float64(3.895178680719295e-05), np.float64(3.895178680714594e-05), np.float64(3.8951786807121396e-05), np.float64(3.895178680710631e-05), np.float64(3.8951786807077384e-05), np.float64(3.8951786807068785e-05), np.float64(3.895178680703513e-05), np.float64(3.895178680701173e-05), np.float64(3.8951786806974784e-05), np.float64(3.895178680694349e-05), np.float64(3.8951786806918555e-05), np.float64(3.89517868069102e-05), np.float64(3.895178680688561e-05), np.float64(3.895178680686906e-05), np.float64(3.895178680685665e-05), np.float64(3.895178680682841e-05), np.float64(3.8951786806793844e-05), np.float64(3.895178680678184e-05), np.float64(3.895178680676802e-05), np.float64(3.895178680674448e-05), np.float64(3.8951786806730405e-05), np.float64(3.8951786806696985e-05), np.float64(3.895178680668068e-05), np.float64(3.895178680665798e-05), np.float64(3.8951786806642124e-05), np.float64(3.8951786806617614e-05), np.float64(3.8951786806577526e-05), np.float64(3.895178680656957e-05), np.float64(3.895178680655604e-05), np.float64(3.8951786806547365e-05), np.float64(3.8951786806521506e-05), np.float64(3.8951786806498494e-05), np.float64(3.895178680646593e-05), np.float64(3.8951786806459504e-05), np.float64(3.895178680644045e-05), np.float64(3.895178680640077e-05), np.float64(3.895178680637037e-05), np.float64(3.895178680634359e-05), np.float64(3.8951786806327055e-05), np.float64(3.895178680630749e-05), np.float64(3.8951786806284e-05), np.float64(3.8951786806248186e-05), np.float64(3.895178680623225e-05), np.float64(3.895178680620495e-05), np.float64(3.895178680616851e-05), np.float64(3.8951786806147565e-05), np.float64(3.895178680609104e-05), np.float64(3.895178680607171e-05), np.float64(3.895178680604278e-05), np.float64(3.895178680596519e-05), np.float64(3.8951786795408936e-05), np.float64(0.3206006915219773), np.float64(6.5474219270904765e-06), np.float64(6.547421307217644e-06), np.float64(6.547421307171155e-06), np.float64(6.547421307116419e-06), np.float64(6.547421307105241e-06), np.float64(6.54742130708733e-06), np.float64(6.547421307044442e-06), np.float64(6.547421307029996e-06), np.float64(6.54742130701479e-06), np.float64(6.547421306992758e-06), np.float64(6.547421306950759e-06), np.float64(6.547421306943688e-06), np.float64(6.5474213069225275e-06), np.float64(6.5474213068930355e-06), np.float64(6.547421306872345e-06), np.float64(6.547421306866433e-06), np.float64(6.547421306854706e-06), np.float64(6.547421306827737e-06), np.float64(6.547421306800223e-06), np.float64(6.547421306792925e-06), np.float64(6.547421306763675e-06), np.float64(6.547421306745648e-06), np.float64(6.547421306731107e-06), np.float64(6.547421306716272e-06), np.float64(6.54742130669721e-06), np.float64(6.547421306677813e-06), np.float64(6.547421306658551e-06), np.float64(6.547421306644601e-06), np.float64(6.547421306615179e-06), np.float64(6.547421306610909e-06), np.float64(6.547421306594233e-06), np.float64(6.54742130658209e-06), np.float64(6.547421306566315e-06), np.float64(6.547421306548003e-06), np.float64(6.547421306513065e-06), np.float64(6.547421306501313e-06), np.float64(6.5474213064826286e-06), np.float64(6.547421306465688e-06), np.float64(6.547421306444489e-06), np.float64(6.547421306432339e-06), np.float64(6.5474213064172105e-06), np.float64(6.547421306397657e-06), np.float64(6.54742130637798e-06), np.float64(6.547421306349647e-06), np.float64(6.547421306332315e-06), np.float64(6.547421306321336e-06), np.float64(6.5474213062978034e-06), np.float64(6.547421306275457e-06), np.float64(6.547421306256502e-06), np.float64(6.547421306233012e-06), np.float64(6.547421306190723e-06), np.float64(6.547421306153144e-06), np.float64(6.5474213061293404e-06), np.float64(6.5474213061192345e-06), np.float64(6.547421306090895e-06), np.float64(6.54742130605078e-06), np.float64(6.547421306005816e-06), np.float64(6.54742130209622e-06), np.float64(6.5474212748064856e-06), np.float64(6.547421120919918e-06), np.float64(6.5474166073235395e-06)]
Total probability = 1.0000
Success probability = 0.9650
Inconclusive probability = 0.0000

ideal_distrib
[np.float64(0.187014512922455), np.float64(0.18701451292245747), np.float64(0.18701451292246687), np.float64(0.43895646123262066)]
result_distrib
[np.float64(0.32100232319615807), np.float64(0.32297675063788367), np.float64(0.3210000842174391), 0]
Params:
[0.727271995856421, 0.32654076880583544, 0.5704439744053995, 0.5208342600258238, 0.9611720243493493, 0.8445338486781516]
===============================================================================
                                     CVXPY                                     
                                     v1.6.0                                    
===============================================================================
(CVXPY) May 15 02:08:30 PM: Your problem has 16384 variables, 20486 constraints, and 0 parameters.
(CVXPY) May 15 02:08:30 PM: It is compliant with the following grammars: DCP, DQCP
(CVXPY) May 15 02:08:30 PM: (If you need to solve this problem multiple times, but with different data, consider using parameters.)
(CVXPY) May 15 02:08:30 PM: CVXPY will first compile your problem; then, it will invoke a numerical solver to obtain a solution.
(CVXPY) May 15 02:08:30 PM: Your problem is compiled with the CPP canonicalization backend.
-------------------------------------------------------------------------------
                                  Compilation                                  
-------------------------------------------------------------------------------
(CVXPY) May 15 02:08:30 PM: Compiling problem (target solver=SCS).
(CVXPY) May 15 02:08:30 PM: Reduction chain: Complex2Real -> FlipObjective -> Dcp2Cone -> CvxAttr2Constr -> ConeMatrixStuffing -> SCS
(CVXPY) May 15 02:08:30 PM: Applying reduction Complex2Real
(CVXPY) May 15 02:08:30 PM: Applying reduction FlipObjective
(CVXPY) May 15 02:08:30 PM: Applying reduction Dcp2Cone
(CVXPY) May 15 02:08:30 PM: Applying reduction CvxAttr2Constr
(CVXPY) May 15 02:08:30 PM: Applying reduction ConeMatrixStuffing
(CVXPY) May 15 02:08:33 PM: Applying reduction SCS
(CVXPY) May 15 02:08:33 PM: Finished problem compilation (took 3.111e+00 seconds).
-------------------------------------------------------------------------------
                                Numerical solver                               
-------------------------------------------------------------------------------
(CVXPY) May 15 02:08:33 PM: Invoking solver SCS  to obtain a solution.
------------------------------------------------------------------
	       SCS v3.2.7 - Splitting Conic Solver
	(c) Brendan O'Donoghue, Stanford University, 2012
------------------------------------------------------------------
problem:  variables n: 16384, constraints m: 41222
cones: 	  z: primal zero / dual free vars: 8192
	  l: linear vars: 6
	  s: psd vars: 33024, ssize: 4
settings: eps_abs: 1.0e-07, eps_rel: 1.0e-07, eps_infeas: 1.0e-07
	  alpha: 1.50, scale: 1.00e-01, adaptive_scale: 1
	  max_iters: 100000, normalize: 1, rho_x: 1.00e-06
	  acceleration_lookback: 10, acceleration_interval: 10
lin-sys:  sparse-direct-amd-qdldl
	  nnz(A): 108370, nnz(P): 0
------------------------------------------------------------------
 iter | pri res | dua res |   gap   |   obj   |  scale  | time (s)
------------------------------------------------------------------
     0| 1.00e+00  2.32e-01  6.04e+00  1.12e+00  1.00e-01  4.44e-02 
   250| 5.09e-05  3.99e-05  1.10e-04 -9.64e-01  1.00e-01  2.59e+00 
   500| 1.04e-04  4.07e-05  2.22e-04 -9.64e-01  1.00e-01  5.15e+00 
   750| 9.20e-08  2.72e-08  5.88e-08 -9.65e-01  1.00e-01  7.84e+00 
------------------------------------------------------------------
status:  solved
timings: total: 7.84e+00s = setup: 3.69e-02s + solve: 7.80e+00s
	 lin-sys: 9.12e-01s, cones: 6.66e+00s, accel: 4.79e-02s
------------------------------------------------------------------
objective = -0.964979
------------------------------------------------------------------
-------------------------------------------------------------------------------
                                    Summary                                    
-------------------------------------------------------------------------------
(CVXPY) May 15 02:08:41 PM: Problem status: optimal
(CVXPY) May 15 02:08:41 PM: Optimal value: 9.650e-01
(CVXPY) May 15 02:08:41 PM: Compilation took 3.111e+00 seconds
(CVXPY) May 15 02:08:41 PM: Solver (including time spent in interface) took 7.837e+00 seconds
Result = 0.9649792230930738
CVXPY returns optimal
bitstring_to_target_state
{0: 0, 1: 0, 2: 0, 3: 0, 4: 0, 5: 0, 6: 0, 7: 0, 8: 0, 9: 0, 10: 0, 11: 0, 12: 0, 13: 0, 14: 0, 15: 0, 16: 0, 17: 0, 18: 0, 19: 0, 20: 0, 21: 0, 22: 0, 23: 0, 24: 0, 25: 0, 26: 0, 27: 0, 28: 0, 29: 0, 30: 0, 31: 0, 32: 0, 33: 0, 34: 0, 35: 0, 36: 0, 37: 0, 38: 0, 39: 0, 40: 0, 41: 0, 42: 0, 43: 0, 44: 0, 45: 0, 46: 0, 47: 0, 48: 0, 49: 0, 50: 0, 51: 0, 52: 0, 53: 0, 54: 0, 55: 0, 56: 0, 57: 0, 58: 0, 59: 0, 60: 0, 61: 0, 62: 0, 63: 1, 64: 1, 65: 1, 66: 1, 67: 1, 68: 1, 69: 1, 70: 1, 71: 1, 72: 1, 73: 1, 74: 1, 75: 1, 76: 1, 77: 1, 78: 1, 79: 1, 80: 1, 81: 1, 82: 1, 83: 1, 84: 1, 85: 1, 86: 1, 87: 1, 88: 1, 89: 1, 90: 1, 91: 1, 92: 1, 93: 1, 94: 1, 95: 1, 96: 1, 97: 1, 98: 1, 99: 1, 100: 1, 101: 1, 102: 1, 103: 1, 104: 1, 105: 1, 106: 1, 107: 1, 108: 1, 109: 1, 110: 1, 111: 1, 112: 1, 113: 1, 114: 1, 115: 1, 116: 1, 117: 1, 118: 1, 119: 1, 120: 1, 121: 1, 122: 1, 123: 1, 124: 1, 125: 1, 126: 1, 127: 2, 128: 2, 129: 2, 130: 2, 131: 2, 132: 2, 133: 2, 134: 2, 135: 2, 136: 2, 137: 2, 138: 2, 139: 2, 140: 2, 141: 2, 142: 2, 143: 2, 144: 2, 145: 2, 146: 2, 147: 2, 148: 2, 149: 2, 150: 2, 151: 2, 152: 2, 153: 2, 154: 2, 155: 2, 156: 2, 157: 2, 158: 2, 159: 2, 160: 2, 161: 2, 162: 2, 163: 2, 164: 2, 165: 2, 166: 2, 167: 2, 168: 2, 169: 2, 170: 2, 171: 2, 172: 2, 173: 2, 174: 2, 175: 2, 176: 2, 177: 2, 178: 2, 179: 2, 180: 2, 181: 2, 182: 2, 183: 2, 184: 2, 185: 2, 186: 2, 187: 2, 188: 2, 189: 3}
strings_used
190
Probabilities for each state:
[np.float64(0.3206005982753747), np.float64(1.7344175372130075e-05), np.float64(1.734417389096241e-05), np.float64(1.7344173654560758e-05), np.float64(1.7344173654559894e-05), np.float64(1.7344173654559586e-05), np.float64(1.734417365455804e-05), np.float64(1.7344173654557045e-05), np.float64(1.7344173654555242e-05), np.float64(1.7344173654555232e-05), np.float64(1.734417365455514e-05), np.float64(1.7344173654555134e-05), np.float64(1.7344173654554975e-05), np.float64(1.7344173654554815e-05), np.float64(1.734417365455467e-05), np.float64(1.7344173654554453e-05), np.float64(1.734417365455438e-05), np.float64(1.734417365455425e-05), np.float64(1.734417365455424e-05), np.float64(1.734417365455422e-05), np.float64(1.7344173654554083e-05), np.float64(1.7344173654554073e-05), np.float64(1.7344173654553995e-05), np.float64(1.7344173654553948e-05), np.float64(1.734417365455384e-05), np.float64(1.734417365455384e-05), np.float64(1.7344173654553728e-05), np.float64(1.7344173654553626e-05), np.float64(1.7344173654553616e-05), np.float64(1.7344173654553575e-05), np.float64(1.7344173654553548e-05), np.float64(1.7344173654553474e-05), np.float64(1.734417365455345e-05), np.float64(1.734417365455342e-05), np.float64(1.734417365455338e-05), np.float64(1.7344173654553284e-05), np.float64(1.7344173654553297e-05), np.float64(1.734417365455323e-05), np.float64(1.7344173654553223e-05), np.float64(1.7344173654553172e-05), np.float64(1.7344173654553128e-05), np.float64(1.734417365455308e-05), np.float64(1.7344173654553026e-05), np.float64(1.7344173654552952e-05), np.float64(1.7344173654552864e-05), np.float64(1.7344173654552796e-05), np.float64(1.7344173654552782e-05), np.float64(1.7344173654552742e-05), np.float64(1.7344173654552664e-05), np.float64(1.7344173654552647e-05), np.float64(1.7344173654552583e-05), np.float64(1.734417365455254e-05), np.float64(1.7344173654552498e-05), np.float64(1.734417365455238e-05), np.float64(1.7344173654552376e-05), np.float64(1.7344173654552298e-05), np.float64(1.7344173654551983e-05), np.float64(1.7344173654551766e-05), np.float64(1.7344173654551176e-05), np.float64(1.7344173654505813e-05), np.float64(1.734417365231766e-05), np.float64(1.7344170998377135e-05), np.float64(9.208253285699265e-10), np.float64(0.00477777901951619), np.float64(1.73892769537248e-05), np.float64(1.738927429849909e-05), np.float64(1.7389273885529178e-05), np.float64(1.7389273882262083e-05), np.float64(1.738927388217216e-05), np.float64(1.73892738821708e-05), np.float64(1.738927388216997e-05), np.float64(1.7389273882169567e-05), np.float64(1.738927388216941e-05), np.float64(1.7389273882169337e-05), np.float64(1.7389273882169242e-05), np.float64(1.738927388216909e-05), np.float64(1.738927388216904e-05), np.float64(1.738927388216899e-05), np.float64(1.738927388216898e-05), np.float64(1.7389273882168967e-05), np.float64(1.7389273882168893e-05), np.float64(1.738927388216881e-05), np.float64(1.738927388216878e-05), np.float64(1.738927388216877e-05), np.float64(1.738927388216873e-05), np.float64(1.7389273882168673e-05), np.float64(1.7389273882168646e-05), np.float64(1.738927388216858e-05), np.float64(1.7389273882168554e-05), np.float64(1.7389273882168435e-05), np.float64(1.7389273882168368e-05), np.float64(1.7389273882168283e-05), np.float64(1.7389273882168256e-05), np.float64(1.7389273882168158e-05), np.float64(1.738927388216814e-05), np.float64(1.7389273882168042e-05), np.float64(1.7389273882168022e-05), np.float64(1.7389273882167978e-05), np.float64(1.7389273882167887e-05), np.float64(1.738927388216786e-05), np.float64(1.73892738821678e-05), np.float64(1.7389273882167748e-05), np.float64(1.7389273882167717e-05), np.float64(1.7389273882167683e-05), np.float64(1.7389273882167653e-05), np.float64(1.7389273882167622e-05), np.float64(1.738927388216759e-05), np.float64(1.738927388216751e-05), np.float64(1.7389273882167473e-05), np.float64(1.738927388216743e-05), np.float64(1.7389273882167294e-05), np.float64(1.7389273882167087e-05), np.float64(1.7389273882167067e-05), np.float64(1.7389273882167046e-05), np.float64(1.738927388216676e-05), np.float64(1.7389273882166613e-05), np.float64(1.738927388216654e-05), np.float64(1.738927388216641e-05), np.float64(1.738927388216635e-05), np.float64(1.738927388216592e-05), np.float64(1.7389273882165654e-05), np.float64(1.7389273882164343e-05), np.float64(1.73892738821641e-05), np.float64(1.7389273882163784e-05), np.float64(1.7389271964108652e-05), np.float64(1.079233336584428e-09), np.float64(3.2803871635702134e-08), np.float64(0.004777781815807991), np.float64(1.7349888022829464e-05), np.float64(1.7349886125247096e-05), np.float64(1.734988582309314e-05), np.float64(1.734988582309288e-05), np.float64(1.7349885823092673e-05), np.float64(1.7349885823092374e-05), np.float64(1.7349885823092286e-05), np.float64(1.734988582309226e-05), np.float64(1.7349885823091995e-05), np.float64(1.7349885823091968e-05), np.float64(1.7349885823091914e-05), np.float64(1.7349885823091904e-05), np.float64(1.734988582309187e-05), np.float64(1.734988582309183e-05), np.float64(1.734988582309182e-05), np.float64(1.734988582309179e-05), np.float64(1.7349885823091724e-05), np.float64(1.734988582309167e-05), np.float64(1.7349885823091602e-05), np.float64(1.734988582309161e-05), np.float64(1.734988582309152e-05), np.float64(1.7349885823091497e-05), np.float64(1.7349885823091443e-05), np.float64(1.7349885823091385e-05), np.float64(1.7349885823091368e-05), np.float64(1.7349885823091338e-05), np.float64(1.7349885823091314e-05), np.float64(1.7349885823091294e-05), np.float64(1.7349885823091216e-05), np.float64(1.7349885823091165e-05), np.float64(1.734988582309102e-05), np.float64(1.7349885823091e-05), np.float64(1.734988582309088e-05), np.float64(1.734988582309081e-05), np.float64(1.7349885823090782e-05), np.float64(1.7349885823090708e-05), np.float64(1.7349885823090687e-05), np.float64(1.7349885823090667e-05), np.float64(1.7349885823090626e-05), np.float64(1.734988582309058e-05), np.float64(1.7349885823090525e-05), np.float64(1.7349885823090497e-05), np.float64(1.734988582309052e-05), np.float64(1.734988582309045e-05), np.float64(1.7349885823090308e-05), np.float64(1.7349885823090155e-05), np.float64(1.7349885823090118e-05), np.float64(1.7349885823090098e-05), np.float64(1.7349885823090016e-05), np.float64(1.7349885823089806e-05), np.float64(1.7349885823089776e-05), np.float64(1.7349885823089684e-05), np.float64(1.7349885823089024e-05), np.float64(1.734988582308892e-05), np.float64(1.7349885823088593e-05), np.float64(1.734988582308845e-05), np.float64(1.7349885823087865e-05), np.float64(1.7349885823087557e-05), np.float64(1.734988582304312e-05), np.float64(1.734988582143248e-05), np.float64(1.7349882454254255e-05), np.float64(6.238954238482758e-10)]
[np.float64(0.004777777465622921), np.float64(1.7344175372130316e-05), np.float64(1.7344173890962605e-05), np.float64(1.7344173654560765e-05), np.float64(1.734417365455989e-05), np.float64(1.734417365455958e-05), np.float64(1.734417365455804e-05), np.float64(1.734417365455705e-05), np.float64(1.734417365455524e-05), np.float64(1.734417365455523e-05), np.float64(1.734417365455514e-05), np.float64(1.734417365455513e-05), np.float64(1.7344173654554978e-05), np.float64(1.7344173654554815e-05), np.float64(1.734417365455467e-05), np.float64(1.7344173654554453e-05), np.float64(1.734417365455438e-05), np.float64(1.734417365455425e-05), np.float64(1.734417365455424e-05), np.float64(1.734417365455422e-05), np.float64(1.7344173654554083e-05), np.float64(1.7344173654554073e-05), np.float64(1.7344173654553995e-05), np.float64(1.7344173654553948e-05), np.float64(1.734417365455384e-05), np.float64(1.734417365455384e-05), np.float64(1.7344173654553724e-05), np.float64(1.7344173654553626e-05), np.float64(1.7344173654553616e-05), np.float64(1.7344173654553575e-05), np.float64(1.734417365455355e-05), np.float64(1.7344173654553474e-05), np.float64(1.7344173654553446e-05), np.float64(1.734417365455342e-05), np.float64(1.734417365455338e-05), np.float64(1.7344173654553284e-05), np.float64(1.7344173654553297e-05), np.float64(1.734417365455323e-05), np.float64(1.7344173654553223e-05), np.float64(1.7344173654553175e-05), np.float64(1.7344173654553128e-05), np.float64(1.734417365455308e-05), np.float64(1.7344173654553026e-05), np.float64(1.7344173654552952e-05), np.float64(1.7344173654552864e-05), np.float64(1.7344173654552796e-05), np.float64(1.7344173654552782e-05), np.float64(1.7344173654552742e-05), np.float64(1.7344173654552664e-05), np.float64(1.7344173654552647e-05), np.float64(1.7344173654552583e-05), np.float64(1.734417365455254e-05), np.float64(1.7344173654552498e-05), np.float64(1.734417365455238e-05), np.float64(1.7344173654552376e-05), np.float64(1.7344173654552298e-05), np.float64(1.7344173654551983e-05), np.float64(1.7344173654551763e-05), np.float64(1.734417365455117e-05), np.float64(1.734417365450581e-05), np.float64(1.7344173652317645e-05), np.float64(1.734417099837718e-05), np.float64(1.2161270639724904e-09), np.float64(0.3206006753003479), np.float64(1.7389276953725347e-05), np.float64(1.73892742984989e-05), np.float64(1.7389273885529178e-05), np.float64(1.7389273882262083e-05), np.float64(1.7389273882172162e-05), np.float64(1.73892738821708e-05), np.float64(1.738927388216997e-05), np.float64(1.7389273882169567e-05), np.float64(1.738927388216941e-05), np.float64(1.7389273882169337e-05), np.float64(1.7389273882169242e-05), np.float64(1.738927388216909e-05), np.float64(1.738927388216904e-05), np.float64(1.738927388216899e-05), np.float64(1.7389273882168984e-05), np.float64(1.7389273882168967e-05), np.float64(1.7389273882168893e-05), np.float64(1.738927388216881e-05), np.float64(1.738927388216878e-05), np.float64(1.738927388216877e-05), np.float64(1.738927388216873e-05), np.float64(1.7389273882168673e-05), np.float64(1.7389273882168646e-05), np.float64(1.738927388216858e-05), np.float64(1.7389273882168554e-05), np.float64(1.7389273882168435e-05), np.float64(1.7389273882168368e-05), np.float64(1.7389273882168283e-05), np.float64(1.7389273882168256e-05), np.float64(1.7389273882168158e-05), np.float64(1.738927388216814e-05), np.float64(1.7389273882168046e-05), np.float64(1.7389273882168022e-05), np.float64(1.7389273882167975e-05), np.float64(1.7389273882167887e-05), np.float64(1.738927388216786e-05), np.float64(1.73892738821678e-05), np.float64(1.7389273882167748e-05), np.float64(1.7389273882167717e-05), np.float64(1.7389273882167683e-05), np.float64(1.7389273882167653e-05), np.float64(1.7389273882167622e-05), np.float64(1.738927388216759e-05), np.float64(1.738927388216751e-05), np.float64(1.7389273882167473e-05), np.float64(1.738927388216743e-05), np.float64(1.7389273882167294e-05), np.float64(1.7389273882167087e-05), np.float64(1.7389273882167067e-05), np.float64(1.7389273882167046e-05), np.float64(1.7389273882166755e-05), np.float64(1.7389273882166613e-05), np.float64(1.7389273882166545e-05), np.float64(1.738927388216641e-05), np.float64(1.738927388216635e-05), np.float64(1.7389273882165915e-05), np.float64(1.7389273882165654e-05), np.float64(1.7389273882164343e-05), np.float64(1.7389273882164112e-05), np.float64(1.738927388216378e-05), np.float64(1.7389271964109327e-05), np.float64(9.431616480686286e-10), np.float64(4.962686697177103e-10), np.float64(0.004777781650136812), np.float64(1.7349888022830023e-05), np.float64(1.734988612524697e-05), np.float64(1.7349885823093144e-05), np.float64(1.734988582309288e-05), np.float64(1.734988582309268e-05), np.float64(1.7349885823092374e-05), np.float64(1.7349885823092286e-05), np.float64(1.734988582309226e-05), np.float64(1.7349885823091995e-05), np.float64(1.7349885823091968e-05), np.float64(1.7349885823091914e-05), np.float64(1.7349885823091904e-05), np.float64(1.734988582309187e-05), np.float64(1.734988582309183e-05), np.float64(1.734988582309182e-05), np.float64(1.734988582309179e-05), np.float64(1.7349885823091724e-05), np.float64(1.734988582309167e-05), np.float64(1.7349885823091602e-05), np.float64(1.734988582309161e-05), np.float64(1.7349885823091517e-05), np.float64(1.7349885823091497e-05), np.float64(1.7349885823091443e-05), np.float64(1.7349885823091385e-05), np.float64(1.7349885823091368e-05), np.float64(1.7349885823091338e-05), np.float64(1.7349885823091314e-05), np.float64(1.7349885823091294e-05), np.float64(1.7349885823091216e-05), np.float64(1.7349885823091165e-05), np.float64(1.734988582309102e-05), np.float64(1.7349885823091e-05), np.float64(1.734988582309088e-05), np.float64(1.734988582309081e-05), np.float64(1.7349885823090782e-05), np.float64(1.7349885823090708e-05), np.float64(1.7349885823090687e-05), np.float64(1.7349885823090667e-05), np.float64(1.7349885823090626e-05), np.float64(1.734988582309058e-05), np.float64(1.7349885823090525e-05), np.float64(1.7349885823090497e-05), np.float64(1.734988582309052e-05), np.float64(1.734988582309045e-05), np.float64(1.7349885823090308e-05), np.float64(1.7349885823090155e-05), np.float64(1.7349885823090118e-05), np.float64(1.7349885823090098e-05), np.float64(1.7349885823090016e-05), np.float64(1.7349885823089806e-05), np.float64(1.734988582308978e-05), np.float64(1.7349885823089684e-05), np.float64(1.7349885823089027e-05), np.float64(1.734988582308892e-05), np.float64(1.734988582308859e-05), np.float64(1.734988582308845e-05), np.float64(1.734988582308786e-05), np.float64(1.7349885823087557e-05), np.float64(1.7349885823043118e-05), np.float64(1.73498858214325e-05), np.float64(1.73498824542536e-05), np.float64(6.296281473424294e-10)]
[np.float64(0.004777777896267042), np.float64(1.7344175372129764e-05), np.float64(1.7344173890962578e-05), np.float64(1.7344173654560765e-05), np.float64(1.734417365455989e-05), np.float64(1.734417365455958e-05), np.float64(1.734417365455804e-05), np.float64(1.734417365455705e-05), np.float64(1.734417365455524e-05), np.float64(1.734417365455523e-05), np.float64(1.734417365455514e-05), np.float64(1.7344173654555134e-05), np.float64(1.7344173654554975e-05), np.float64(1.7344173654554815e-05), np.float64(1.7344173654554666e-05), np.float64(1.7344173654554453e-05), np.float64(1.734417365455438e-05), np.float64(1.734417365455425e-05), np.float64(1.734417365455424e-05), np.float64(1.734417365455422e-05), np.float64(1.7344173654554083e-05), np.float64(1.7344173654554073e-05), np.float64(1.7344173654553995e-05), np.float64(1.7344173654553948e-05), np.float64(1.734417365455384e-05), np.float64(1.734417365455384e-05), np.float64(1.7344173654553728e-05), np.float64(1.7344173654553626e-05), np.float64(1.7344173654553616e-05), np.float64(1.7344173654553575e-05), np.float64(1.734417365455355e-05), np.float64(1.7344173654553474e-05), np.float64(1.7344173654553446e-05), np.float64(1.734417365455342e-05), np.float64(1.734417365455338e-05), np.float64(1.7344173654553284e-05), np.float64(1.7344173654553297e-05), np.float64(1.734417365455323e-05), np.float64(1.7344173654553226e-05), np.float64(1.7344173654553175e-05), np.float64(1.7344173654553128e-05), np.float64(1.734417365455308e-05), np.float64(1.7344173654553026e-05), np.float64(1.7344173654552952e-05), np.float64(1.7344173654552864e-05), np.float64(1.7344173654552796e-05), np.float64(1.7344173654552782e-05), np.float64(1.7344173654552742e-05), np.float64(1.7344173654552664e-05), np.float64(1.7344173654552647e-05), np.float64(1.7344173654552583e-05), np.float64(1.734417365455254e-05), np.float64(1.7344173654552498e-05), np.float64(1.734417365455238e-05), np.float64(1.7344173654552376e-05), np.float64(1.7344173654552295e-05), np.float64(1.7344173654551983e-05), np.float64(1.7344173654551766e-05), np.float64(1.7344173654551176e-05), np.float64(1.734417365450581e-05), np.float64(1.7344173652317652e-05), np.float64(1.7344170998377203e-05), np.float64(6.377435229815354e-08), np.float64(0.004777779284489134), np.float64(1.738927695372456e-05), np.float64(1.7389274298498756e-05), np.float64(1.738927388552917e-05), np.float64(1.7389273882262083e-05), np.float64(1.738927388217216e-05), np.float64(1.7389273882170804e-05), np.float64(1.738927388216997e-05), np.float64(1.7389273882169567e-05), np.float64(1.738927388216941e-05), np.float64(1.7389273882169337e-05), np.float64(1.7389273882169242e-05), np.float64(1.738927388216909e-05), np.float64(1.738927388216904e-05), np.float64(1.738927388216899e-05), np.float64(1.7389273882168984e-05), np.float64(1.7389273882168967e-05), np.float64(1.7389273882168893e-05), np.float64(1.738927388216881e-05), np.float64(1.738927388216878e-05), np.float64(1.738927388216877e-05), np.float64(1.738927388216873e-05), np.float64(1.7389273882168673e-05), np.float64(1.7389273882168646e-05), np.float64(1.738927388216858e-05), np.float64(1.7389273882168554e-05), np.float64(1.7389273882168435e-05), np.float64(1.7389273882168368e-05), np.float64(1.7389273882168283e-05), np.float64(1.7389273882168256e-05), np.float64(1.7389273882168158e-05), np.float64(1.738927388216814e-05), np.float64(1.7389273882168042e-05), np.float64(1.7389273882168022e-05), np.float64(1.7389273882167978e-05), np.float64(1.7389273882167887e-05), np.float64(1.738927388216786e-05), np.float64(1.73892738821678e-05), np.float64(1.7389273882167748e-05), np.float64(1.7389273882167717e-05), np.float64(1.7389273882167683e-05), np.float64(1.7389273882167653e-05), np.float64(1.7389273882167622e-05), np.float64(1.738927388216759e-05), np.float64(1.7389273882167507e-05), np.float64(1.7389273882167473e-05), np.float64(1.738927388216743e-05), np.float64(1.7389273882167294e-05), np.float64(1.7389273882167087e-05), np.float64(1.7389273882167067e-05), np.float64(1.7389273882167046e-05), np.float64(1.7389273882166755e-05), np.float64(1.7389273882166616e-05), np.float64(1.738927388216654e-05), np.float64(1.7389273882166406e-05), np.float64(1.738927388216635e-05), np.float64(1.7389273882165918e-05), np.float64(1.7389273882165657e-05), np.float64(1.7389273882164346e-05), np.float64(1.7389273882164105e-05), np.float64(1.7389273882163784e-05), np.float64(1.7389271964108663e-05), np.float64(6.425072166791877e-08), np.float64(4.303797624052859e-10), np.float64(0.32060086694173745), np.float64(1.734988802283015e-05), np.float64(1.7349886125246933e-05), np.float64(1.7349885823093144e-05), np.float64(1.7349885823092883e-05), np.float64(1.734988582309267e-05), np.float64(1.7349885823092374e-05), np.float64(1.7349885823092286e-05), np.float64(1.734988582309226e-05), np.float64(1.7349885823091995e-05), np.float64(1.7349885823091968e-05), np.float64(1.7349885823091914e-05), np.float64(1.7349885823091904e-05), np.float64(1.734988582309187e-05), np.float64(1.734988582309183e-05), np.float64(1.734988582309182e-05), np.float64(1.734988582309179e-05), np.float64(1.7349885823091724e-05), np.float64(1.734988582309167e-05), np.float64(1.7349885823091602e-05), np.float64(1.734988582309161e-05), np.float64(1.7349885823091517e-05), np.float64(1.7349885823091497e-05), np.float64(1.7349885823091443e-05), np.float64(1.7349885823091385e-05), np.float64(1.7349885823091368e-05), np.float64(1.7349885823091338e-05), np.float64(1.7349885823091314e-05), np.float64(1.7349885823091294e-05), np.float64(1.7349885823091216e-05), np.float64(1.7349885823091165e-05), np.float64(1.734988582309102e-05), np.float64(1.7349885823091e-05), np.float64(1.734988582309088e-05), np.float64(1.734988582309081e-05), np.float64(1.7349885823090782e-05), np.float64(1.7349885823090708e-05), np.float64(1.7349885823090687e-05), np.float64(1.7349885823090667e-05), np.float64(1.7349885823090626e-05), np.float64(1.7349885823090582e-05), np.float64(1.7349885823090525e-05), np.float64(1.7349885823090497e-05), np.float64(1.734988582309052e-05), np.float64(1.734988582309045e-05), np.float64(1.7349885823090308e-05), np.float64(1.7349885823090155e-05), np.float64(1.7349885823090118e-05), np.float64(1.7349885823090098e-05), np.float64(1.7349885823090016e-05), np.float64(1.7349885823089806e-05), np.float64(1.7349885823089776e-05), np.float64(1.734988582308968e-05), np.float64(1.7349885823089024e-05), np.float64(1.734988582308892e-05), np.float64(1.734988582308859e-05), np.float64(1.734988582308845e-05), np.float64(1.7349885823087865e-05), np.float64(1.7349885823087557e-05), np.float64(1.7349885823043118e-05), np.float64(1.7349885821432488e-05), np.float64(1.7349882454253214e-05), np.float64(4.760417338117679e-08)]
Total probability = 1.0000
Success probability = 0.9650
Inconclusive probability = 0.0000

ideal_distrib
[np.float64(0.187014512922455), np.float64(0.18701451292245747), np.float64(0.18701451292246687), np.float64(0.43895646123262066)]
result_distrib
[np.float64(0.32165859204493624), np.float64(0.32166142056184044), np.float64(0.32165921048629714), np.float64(4.88576969523675e-08)]
Params:
[1.0, 1.0, 1.0, 0.0, 1.0, 0.0]
===============================================================================
                                     CVXPY                                     
                                     v1.6.0                                    
===============================================================================
(CVXPY) May 15 02:08:42 PM: Your problem has 16384 variables, 20486 constraints, and 0 parameters.
(CVXPY) May 15 02:08:42 PM: It is compliant with the following grammars: DCP, DQCP
(CVXPY) May 15 02:08:42 PM: (If you need to solve this problem multiple times, but with different data, consider using parameters.)
(CVXPY) May 15 02:08:42 PM: CVXPY will first compile your problem; then, it will invoke a numerical solver to obtain a solution.
(CVXPY) May 15 02:08:42 PM: Your problem is compiled with the CPP canonicalization backend.
-------------------------------------------------------------------------------
                                  Compilation                                  
-------------------------------------------------------------------------------
(CVXPY) May 15 02:08:42 PM: Compiling problem (target solver=SCS).
(CVXPY) May 15 02:08:42 PM: Reduction chain: Complex2Real -> FlipObjective -> Dcp2Cone -> CvxAttr2Constr -> ConeMatrixStuffing -> SCS
(CVXPY) May 15 02:08:42 PM: Applying reduction Complex2Real
(CVXPY) May 15 02:08:42 PM: Applying reduction FlipObjective
(CVXPY) May 15 02:08:42 PM: Applying reduction Dcp2Cone
(CVXPY) May 15 02:08:42 PM: Applying reduction CvxAttr2Constr
(CVXPY) May 15 02:08:42 PM: Applying reduction ConeMatrixStuffing
(CVXPY) May 15 02:08:43 PM: Applying reduction SCS
(CVXPY) May 15 02:08:43 PM: Finished problem compilation (took 8.952e-01 seconds).
-------------------------------------------------------------------------------
                                Numerical solver                               
-------------------------------------------------------------------------------
(CVXPY) May 15 02:08:43 PM: Invoking solver SCS  to obtain a solution.
------------------------------------------------------------------
	       SCS v3.2.7 - Splitting Conic Solver
	(c) Brendan O'Donoghue, Stanford University, 2012
------------------------------------------------------------------
problem:  variables n: 16384, constraints m: 41222
cones: 	  z: primal zero / dual free vars: 8192
	  l: linear vars: 6
	  s: psd vars: 33024, ssize: 4
settings: eps_abs: 1.0e-07, eps_rel: 1.0e-07, eps_infeas: 1.0e-07
	  alpha: 1.50, scale: 1.00e-01, adaptive_scale: 1
	  max_iters: 100000, normalize: 1, rho_x: 1.00e-06
	  acceleration_lookback: 10, acceleration_interval: 10
lin-sys:  sparse-direct-amd-qdldl
	  nnz(A): 87826, nnz(P): 0
------------------------------------------------------------------
 iter | pri res | dua res |   gap   |   obj   |  scale  | time (s)
------------------------------------------------------------------
     0| 1.00e+00  2.19e-01  6.29e+00  1.23e+00  1.00e-01  4.35e-02 
   250| 1.02e-02  9.96e-04  1.87e-02 -9.34e-01  1.00e-01  2.85e+00 
   500| 5.17e-03  4.60e-04  8.48e-03 -8.35e-01  1.00e-01  5.76e+00 
   750| 2.72e-03  2.76e-04  4.54e-03 -7.89e-01  1.00e-01  8.72e+00 
  1000| 3.20e-03  2.76e-04  5.38e-03 -7.83e-01  1.00e-01  1.15e+01 
  1250| 4.47e-03  3.85e-04  7.54e-03 -7.75e-01  1.00e-01  1.43e+01 
  1500| 9.00e-03  7.77e-04  1.53e-02 -7.57e-01  1.00e-01  1.70e+01 
  1750| 4.87e-04  5.07e-04  3.75e-05 -3.34e-01  1.00e-01  1.96e+01 
  2000| 1.75e-06  2.09e-05  7.33e-06 -3.33e-01  1.00e-01  2.22e+01 
  2250| 2.51e-06  2.09e-05  9.17e-06 -3.33e-01  1.00e-01  2.48e+01 
  2500| 8.64e-07  2.08e-05  3.48e-06 -3.33e-01  1.00e-01  2.78e+01 
  2750| 1.19e-06  2.08e-05  3.68e-06 -3.33e-01  1.00e-01  3.04e+01 
  3000| 9.52e+03  1.36e+03  9.40e-02 -7.48e-01  1.00e-01  3.31e+01 
  3250| 1.52e-06  2.08e-05  6.53e-06 -3.33e-01  1.00e-01  3.60e+01 
  3500| 1.81e-06  2.08e-05  7.71e-06 -3.33e-01  1.00e-01  3.86e+01 
  3750| 1.83e-07  2.44e-08  7.26e-07 -3.33e-01  1.00e-01  4.14e+01 
  3800| 1.85e-07  1.93e-08  1.05e-07 -3.33e-01  1.00e-01  4.19e+01 
------------------------------------------------------------------
status:  solved
timings: total: 4.19e+01s = setup: 3.60e-02s + solve: 4.18e+01s
	 lin-sys: 4.27e+00s, cones: 3.64e+01s, accel: 2.49e-01s
------------------------------------------------------------------
objective = -0.333333
------------------------------------------------------------------
-------------------------------------------------------------------------------
                                    Summary                                    
-------------------------------------------------------------------------------
(CVXPY) May 15 02:09:27 PM: Problem status: optimal
(CVXPY) May 15 02:09:27 PM: Optimal value: 3.333e-01
(CVXPY) May 15 02:09:27 PM: Compilation took 8.952e-01 seconds
(CVXPY) May 15 02:09:27 PM: Solver (including time spent in interface) took 4.407e+01 seconds
Result = 0.3333334411351737
CVXPY returns optimal
bitstring_to_target_state
{0: 0, 1: 1, 2: 1, 3: 1, 4: 1, 5: 1, 6: 1, 7: 1, 8: 1, 9: 1, 10: 1, 11: 1, 12: 1, 13: 1, 14: 1, 15: 1, 16: 1, 17: 1, 18: 1, 19: 1, 20: 1, 21: 1, 22: 1, 23: 1, 24: 1, 25: 1, 26: 1, 27: 1, 28: 1, 29: 1, 30: 1, 31: 1, 32: 1, 33: 1, 34: 1, 35: 1, 36: 1, 37: 1, 38: 1, 39: 1, 40: 1, 41: 1, 42: 1, 43: 1, 44: 1, 45: 1, 46: 1, 47: 1, 48: 1, 49: 1, 50: 1, 51: 1, 52: 1, 53: 1, 54: 1, 55: 1, 56: 1, 57: 1, 58: 1, 59: 1, 60: 1, 61: 1, 62: 1, 63: 1, 64: 1, 65: 2, 66: 3}
strings_used
67
Probabilities for each state:
[np.float64(6.172374932247557e-08), np.float64(0.1449268693486872), np.float64(0.1851402372453173), np.float64(8.912722316336268e-05), np.float64(5.208333132556947e-05), np.float64(5.208333129753762e-05), np.float64(5.208333129749221e-05), np.float64(5.208333140303721e-05), np.float64(5.208333135794313e-05), np.float64(5.2083331344634045e-05), np.float64(5.208333130615941e-05), np.float64(5.208333130596471e-05), np.float64(5.208333139403669e-05), np.float64(5.208333129773751e-05), np.float64(5.208333130802277e-05), np.float64(5.208333133840197e-05), np.float64(5.208333134060278e-05), np.float64(5.208333135083095e-05), np.float64(5.20833313133096e-05), np.float64(5.208333138047178e-05), np.float64(5.20833313090358e-05), np.float64(5.2083331313246595e-05), np.float64(5.2083331334554936e-05), np.float64(5.208333129942979e-05), np.float64(5.2083331301145015e-05), np.float64(5.208333132214074e-05), np.float64(5.208333133971795e-05), np.float64(5.208333131187204e-05), np.float64(5.2083331394233055e-05), np.float64(5.2083331333811214e-05), np.float64(5.208333139488367e-05), np.float64(5.2083331396010374e-05), np.float64(5.20833314283724e-05), np.float64(5.2083331329206295e-05), np.float64(5.208333130150474e-05), np.float64(5.208333140506704e-05), np.float64(5.2083331310557117e-05), np.float64(5.208333134328544e-05), np.float64(5.2083331321033755e-05), np.float64(5.208333132828262e-05), np.float64(5.2083331384790406e-05), np.float64(5.208333130854787e-05), np.float64(5.208333131153187e-05), np.float64(5.2083331462758156e-05), np.float64(5.208333144714035e-05), np.float64(5.208333130917283e-05), np.float64(5.2083331394449354e-05), np.float64(5.2083331335700795e-05), np.float64(5.208333137559857e-05), np.float64(5.208333148481175e-05), np.float64(5.208333135524709e-05), np.float64(5.208333136358862e-05), np.float64(5.208333140381968e-05), np.float64(5.208333173372759e-05), np.float64(5.208333136430467e-05), np.float64(5.208333133612031e-05), np.float64(5.208333144443286e-05), np.float64(5.208333167017733e-05), np.float64(5.208333135159097e-05), np.float64(5.2083331337888715e-05), np.float64(5.208333654669525e-05), np.float64(5.208337778818551e-05), np.float64(5.208438546780521e-05), np.float64(5.2087632967214414e-05), np.float64(5.2091270318731524e-05), np.float64(1.2144398878358895e-09), np.float64(2.7118997114662574e-08)]
[np.float64(3.905911283657786e-09), np.float64(0.003306865986559708), np.float64(0.04143439274768841), np.float64(0.2854051563561558), np.float64(5.2083353395765365e-05), np.float64(5.208333328745287e-05), np.float64(5.2083332959955345e-05), np.float64(5.2083374841789826e-05), np.float64(5.208336017580189e-05), np.float64(5.208333409498717e-05), np.float64(5.208334531222449e-05), np.float64(5.2083343608768685e-05), np.float64(5.208333419868606e-05), np.float64(5.208335227028396e-05), np.float64(5.208334800204575e-05), np.float64(5.208334236300186e-05), np.float64(5.208340136992263e-05), np.float64(5.208338561522416e-05), np.float64(5.208336074167679e-05), np.float64(5.2083419365849145e-05), np.float64(5.208336375119854e-05), np.float64(5.208339082370888e-05), np.float64(5.2083333995345184e-05), np.float64(5.208333345396299e-05), np.float64(5.208333512353822e-05), np.float64(5.208333884075562e-05), np.float64(5.2083338124788e-05), np.float64(5.2083334900245884e-05), np.float64(5.2083386951727824e-05), np.float64(5.2083367891768735e-05), np.float64(5.208337935722018e-05), np.float64(5.208345696208869e-05), np.float64(5.208335589198073e-05), np.float64(5.20833407775083e-05), np.float64(5.208333493021236e-05), np.float64(5.2083407488887816e-05), np.float64(5.208334257586524e-05), np.float64(5.208334507975344e-05), np.float64(5.208340292478762e-05), np.float64(5.20833896607636e-05), np.float64(5.208333575566156e-05), np.float64(5.208333771865182e-05), np.float64(5.208338980848358e-05), np.float64(5.20833917688969e-05), np.float64(5.208336650695557e-05), np.float64(5.208337865245985e-05), np.float64(5.20833692110837e-05), np.float64(5.2083353367154476e-05), np.float64(5.2083389634535474e-05), np.float64(5.2083353561316315e-05), np.float64(5.208340136326449e-05), np.float64(5.2083387222099304e-05), np.float64(5.208347193884664e-05), np.float64(5.208356016346504e-05), np.float64(5.208336766662059e-05), np.float64(5.208335654614619e-05), np.float64(5.208335555583538e-05), np.float64(5.20835302068448e-05), np.float64(5.208346536265993e-05), np.float64(5.208334089752285e-05), np.float64(5.2087257812078575e-05), np.float64(5.2112590913844676e-05), np.float64(5.2768520871547046e-05), np.float64(5.46925825346105e-05), np.float64(5.857675842174258e-05), np.float64(3.783526452765584e-09), np.float64(3.5225720442187984e-10)]
[np.float64(1.3884902827730329e-09), np.float64(0.25441042806128744), np.float64(0.07566726224893132), np.float64(7.855094513501582e-05), np.float64(5.208333131449676e-05), np.float64(5.208333131674189e-05), np.float64(5.2083331298638137e-05), np.float64(5.208333131836508e-05), np.float64(5.208333132516593e-05), np.float64(5.208333142233247e-05), np.float64(5.2083331300542876e-05), np.float64(5.2083331313990494e-05), np.float64(5.208333131917672e-05), np.float64(5.20833313004175e-05), np.float64(5.2083331299228905e-05), np.float64(5.208333130213306e-05), np.float64(5.208333141840774e-05), np.float64(5.208333129862408e-05), np.float64(5.2083331327934404e-05), np.float64(5.208333135563471e-05), np.float64(5.2083331364964096e-05), np.float64(5.208333138159207e-05), np.float64(5.208333132553808e-05), np.float64(5.208333129779139e-05), np.float64(5.208333134014955e-05), np.float64(5.2083331310045e-05), np.float64(5.2083331317461174e-05), np.float64(5.208333129903772e-05), np.float64(5.208333142294386e-05), np.float64(5.208333129875628e-05), np.float64(5.208333130267488e-05), np.float64(5.208333135638936e-05), np.float64(5.208333136611773e-05), np.float64(5.208333139294566e-05), np.float64(5.208333131019283e-05), np.float64(5.208333152466254e-05), np.float64(5.208333130563446e-05), np.float64(5.2083331303381386e-05), np.float64(5.208333132065378e-05), np.float64(5.208333139262113e-05), np.float64(5.20833313369507e-05), np.float64(5.208333131032471e-05), np.float64(5.2083331353955744e-05), np.float64(5.208333143075934e-05), np.float64(5.20833314096033e-05), np.float64(5.2083331313961206e-05), np.float64(5.208333130221358e-05), np.float64(5.2083331345237566e-05), np.float64(5.2083331422940045e-05), np.float64(5.208333142249769e-05), np.float64(5.208333133710348e-05), np.float64(5.208333129791503e-05), np.float64(5.20833314750009e-05), np.float64(5.2083331435494564e-05), np.float64(5.208333131945132e-05), np.float64(5.2083331320633766e-05), np.float64(5.208333132673127e-05), np.float64(5.20833315441398e-05), np.float64(5.2083331456374496e-05), np.float64(5.208333132385456e-05), np.float64(5.2083335306988754e-05), np.float64(5.208336502298355e-05), np.float64(5.208416097145477e-05), np.float64(5.208634740726885e-05), np.float64(5.2086970826489826e-05), np.float64(5.791659170603704e-08), np.float64(2.3961703059095554e-08)]
Total probability = 1.0000
Success probability = 0.3333
Inconclusive probability = 0.0000

ideal_distrib
[np.float64(0.187014512922455), np.float64(0.18701451292245747), np.float64(0.18701451292246687), np.float64(0.43895646123262066)]
result_distrib
[np.float64(6.163051933634115e-08), np.float64(0.3333333217049759), np.float64(5.779967843403981e-08), np.float64(5.143295737818001e-08)]
Params:
[1.0, 0.0, 0.0, 1.0, 0.0, 1.0]
===============================================================================
                                     CVXPY                                     
                                     v1.6.0                                    
===============================================================================
(CVXPY) May 15 02:09:27 PM: Your problem has 16384 variables, 20486 constraints, and 0 parameters.
(CVXPY) May 15 02:09:27 PM: It is compliant with the following grammars: DCP, DQCP
(CVXPY) May 15 02:09:27 PM: (If you need to solve this problem multiple times, but with different data, consider using parameters.)
(CVXPY) May 15 02:09:27 PM: CVXPY will first compile your problem; then, it will invoke a numerical solver to obtain a solution.
(CVXPY) May 15 02:09:27 PM: Your problem is compiled with the CPP canonicalization backend.
-------------------------------------------------------------------------------
                                  Compilation                                  
-------------------------------------------------------------------------------
(CVXPY) May 15 02:09:27 PM: Compiling problem (target solver=SCS).
(CVXPY) May 15 02:09:27 PM: Reduction chain: Complex2Real -> FlipObjective -> Dcp2Cone -> CvxAttr2Constr -> ConeMatrixStuffing -> SCS
(CVXPY) May 15 02:09:27 PM: Applying reduction Complex2Real
(CVXPY) May 15 02:09:27 PM: Applying reduction FlipObjective
(CVXPY) May 15 02:09:27 PM: Applying reduction Dcp2Cone
(CVXPY) May 15 02:09:27 PM: Applying reduction CvxAttr2Constr
(CVXPY) May 15 02:09:27 PM: Applying reduction ConeMatrixStuffing
(CVXPY) May 15 02:09:28 PM: Applying reduction SCS
(CVXPY) May 15 02:09:28 PM: Finished problem compilation (took 8.264e-01 seconds).
-------------------------------------------------------------------------------
                                Numerical solver                               
-------------------------------------------------------------------------------
(CVXPY) May 15 02:09:28 PM: Invoking solver SCS  to obtain a solution.
------------------------------------------------------------------
	       SCS v3.2.7 - Splitting Conic Solver
	(c) Brendan O'Donoghue, Stanford University, 2012
------------------------------------------------------------------
problem:  variables n: 16384, constraints m: 41222
cones: 	  z: primal zero / dual free vars: 8192
	  l: linear vars: 6
	  s: psd vars: 33024, ssize: 4
settings: eps_abs: 1.0e-07, eps_rel: 1.0e-07, eps_infeas: 1.0e-07
	  alpha: 1.50, scale: 1.00e-01, adaptive_scale: 1
	  max_iters: 100000, normalize: 1, rho_x: 1.00e-06
	  acceleration_lookback: 10, acceleration_interval: 10
lin-sys:  sparse-direct-amd-qdldl
	  nnz(A): 94016, nnz(P): 0
------------------------------------------------------------------
 iter | pri res | dua res |   gap   |   obj   |  scale  | time (s)
------------------------------------------------------------------
     0| 1.00e+00  2.64e-01  6.66e+00  9.10e-01  1.00e-01  4.34e-02 
   250| 7.34e-03  1.59e-03  1.08e-02 -8.04e-01  1.00e-01  2.70e+00 
   500| 3.42e-03  2.34e-04  5.40e-03 -7.40e-01  1.00e-01  5.68e+00 
   750| 4.18e-03  2.82e-04  6.63e-03 -7.32e-01  1.00e-01  8.32e+00 
  1000| 7.55e-02  1.52e-02  2.40e-06 -7.24e-01  1.00e-01  1.08e+01 
  1250| 2.54e-02  1.65e-03  4.05e-02 -6.57e-01  1.00e-01  1.34e+01 
  1500| 3.32e-06  4.59e-07  3.62e-07  3.03e-06  1.00e-01  1.57e+01 
  1750| 1.21e-06  1.19e-07  4.34e-06  2.68e-07  1.00e-01  1.81e+01 
  2000| 7.77e-07  8.53e-08  5.89e-06 -2.33e-06  1.00e-01  2.04e+01 
  2250| 2.09e-06  2.54e-07  3.94e-06 -3.40e-06  1.00e-01  2.27e+01 
  2350| 1.11e-08  2.42e-09  4.03e-08  7.76e-09  1.00e-01  2.36e+01 
------------------------------------------------------------------
status:  solved
timings: total: 2.36e+01s = setup: 3.59e-02s + solve: 2.36e+01s
	 lin-sys: 2.61e+00s, cones: 2.02e+01s, accel: 1.88e-01s
------------------------------------------------------------------
objective = 0.000000
------------------------------------------------------------------
-------------------------------------------------------------------------------
                                    Summary                                    
-------------------------------------------------------------------------------
(CVXPY) May 15 02:09:54 PM: Problem status: optimal
(CVXPY) May 15 02:09:54 PM: Optimal value: 1.241e-08
(CVXPY) May 15 02:09:54 PM: Compilation took 8.264e-01 seconds
(CVXPY) May 15 02:09:54 PM: Solver (including time spent in interface) took 2.577e+01 seconds
Result = 1.2410802114483204e-08
CVXPY returns optimal
bitstring_to_target_state
{0: 3, 1: 3, 2: 3, 3: 3, 4: 3, 5: 3, 6: 3, 7: 3, 8: 3, 9: 3, 10: 3, 11: 3, 12: 3, 13: 3, 14: 3, 15: 3, 16: 3, 17: 3, 18: 3, 19: 3, 20: 3, 21: 3, 22: 3, 23: 3, 24: 3, 25: 3, 26: 3, 27: 3, 28: 3, 29: 3, 30: 3, 31: 3, 32: 3, 33: 3, 34: 3, 35: 3, 36: 3, 37: 3, 38: 3, 39: 3, 40: 3, 41: 3, 42: 3, 43: 3, 44: 3, 45: 3, 46: 3, 47: 3, 48: 3, 49: 3, 50: 3, 51: 3, 52: 3, 53: 3, 54: 3, 55: 3, 56: 3, 57: 3, 58: 3, 59: 3, 60: 3, 61: 3, 62: 3, 63: 3}
strings_used
64
Probabilities for each state:
[np.float64(0.010444446333271584), np.float64(5.2124207221124094e-05), np.float64(5.2086879281818555e-05), np.float64(5.208333530237311e-05), np.float64(5.20833332990296e-05), np.float64(5.208336477457925e-05), np.float64(5.208333362605905e-05), np.float64(5.208333795782183e-05), np.float64(5.208334013479314e-05), np.float64(5.2083350689541076e-05), np.float64(5.2083352710390824e-05), np.float64(5.2083355425426106e-05), np.float64(5.20833330954318e-05), np.float64(5.2083351855643826e-05), np.float64(5.208335676456521e-05), np.float64(5.208334839215423e-05), np.float64(5.208333512354618e-05), np.float64(5.2083338606623185e-05), np.float64(5.2083352869831156e-05), np.float64(5.2083335480391076e-05), np.float64(5.2083377738423036e-05), np.float64(5.208334618413536e-05), np.float64(5.208336812806252e-05), np.float64(5.208335472798762e-05), np.float64(5.208334114492703e-05), np.float64(5.208333447743544e-05), np.float64(5.208335105387957e-05), np.float64(5.2083346964873305e-05), np.float64(5.2083352701673026e-05), np.float64(5.2083333327831844e-05), np.float64(5.208334472858758e-05), np.float64(5.2083355079957295e-05), np.float64(5.2083333152822044e-05), np.float64(5.20833535334143e-05), np.float64(5.208333744306283e-05), np.float64(5.2083371571384395e-05), np.float64(5.208334859074834e-05), np.float64(5.208333440677405e-05), np.float64(5.208336202351538e-05), np.float64(5.208335202593741e-05), np.float64(5.208333637504896e-05), np.float64(5.2083356091910566e-05), np.float64(5.208334109703634e-05), np.float64(5.208336598630383e-05), np.float64(5.2083340209733793e-05), np.float64(5.20833529222919e-05), np.float64(5.208334700120555e-05), np.float64(5.2083367845874226e-05), np.float64(5.208333601646086e-05), np.float64(5.208333705836059e-05), np.float64(5.2083344704446636e-05), np.float64(5.208334173690573e-05), np.float64(5.2083335473665444e-05), np.float64(5.208333502722848e-05), np.float64(5.20833365565781e-05), np.float64(5.208333508524061e-05), np.float64(5.208333569991277e-05), np.float64(5.2083334073520796e-05), np.float64(5.208333331379996e-05), np.float64(5.208333450706152e-05), np.float64(5.208461517796184e-05), np.float64(5.222228237469328e-05), np.float64(0.2291310384376293), np.float64(0.09058057573668295)]
[np.float64(0.007376145273051544), np.float64(5.21069897000547e-05), np.float64(5.2092375757521996e-05), np.float64(5.20833353005487e-05), np.float64(5.208333314887795e-05), np.float64(5.2083371359667114e-05), np.float64(5.2083333441346585e-05), np.float64(5.208333792323709e-05), np.float64(5.208333912734667e-05), np.float64(5.2083348999876615e-05), np.float64(5.208335356469111e-05), np.float64(5.2083355158922355e-05), np.float64(5.20833332034667e-05), np.float64(5.208335658120275e-05), np.float64(5.2083365896770486e-05), np.float64(5.208335141957441e-05), np.float64(5.2083334638132725e-05), np.float64(5.208333772506037e-05), np.float64(5.208335040377294e-05), np.float64(5.208333516155774e-05), np.float64(5.2083376703948264e-05), np.float64(5.2083344471995724e-05), np.float64(5.208335813784089e-05), np.float64(5.208335529295852e-05), np.float64(5.2083341284797876e-05), np.float64(5.2083333840478735e-05), np.float64(5.2083350599890126e-05), np.float64(5.2083346058570853e-05), np.float64(5.208335298546616e-05), np.float64(5.208333329829746e-05), np.float64(5.2083345832843485e-05), np.float64(5.2083349325036836e-05), np.float64(5.208333322594156e-05), np.float64(5.2083348599880735e-05), np.float64(5.2083336015118564e-05), np.float64(5.2083370351155406e-05), np.float64(5.208334692046552e-05), np.float64(5.208333395254818e-05), np.float64(5.208335910908169e-05), np.float64(5.208335089213132e-05), np.float64(5.2083336441080666e-05), np.float64(5.208335244594049e-05), np.float64(5.208333944707063e-05), np.float64(5.208336103961417e-05), np.float64(5.208333929392862e-05), np.float64(5.2083351262898836e-05), np.float64(5.208334517232155e-05), np.float64(5.2083360928824394e-05), np.float64(5.2083336379588866e-05), np.float64(5.208333670337561e-05), np.float64(5.208334111204288e-05), np.float64(5.208333985888059e-05), np.float64(5.208333523840887e-05), np.float64(5.20833344108354e-05), np.float64(5.2083336125960516e-05), np.float64(5.208333494167361e-05), np.float64(5.208333501807519e-05), np.float64(5.20833350990835e-05), np.float64(5.2083333380902693e-05), np.float64(5.2083333906223345e-05), np.float64(5.2083686570362055e-05), np.float64(5.212567036958957e-05), np.float64(0.029076146651257906), np.float64(0.2937038772227084)]
[np.float64(0.3267066607631497), np.float64(5.2087534532179036e-05), np.float64(5.20845791871925e-05), np.float64(5.2083332877062255e-05), np.float64(5.208333289742574e-05), np.float64(5.20833369704407e-05), np.float64(5.2083333064630234e-05), np.float64(5.2083333089995984e-05), np.float64(5.208333419615097e-05), np.float64(5.2083334734689656e-05), np.float64(5.208333708672359e-05), np.float64(5.208333666120716e-05), np.float64(5.2083333969096175e-05), np.float64(5.208333683658648e-05), np.float64(5.208333667009087e-05), np.float64(5.208333591436284e-05), np.float64(5.2083333230746974e-05), np.float64(5.2083333073320155e-05), np.float64(5.2083333405052016e-05), np.float64(5.2083333956696684e-05), np.float64(5.2083338708814816e-05), np.float64(5.20833367242244e-05), np.float64(5.208334566290935e-05), np.float64(5.2083339591829154e-05), np.float64(5.208333493782496e-05), np.float64(5.208333345094481e-05), np.float64(5.2083334191533654e-05), np.float64(5.208333629071956e-05), np.float64(5.2083333074002836e-05), np.float64(5.2083333130856406e-05), np.float64(5.208333390396118e-05), np.float64(5.2083333991597484e-05), np.float64(5.208333359697703e-05), np.float64(5.208333502010368e-05), np.float64(5.208333293377591e-05), np.float64(5.2083335516945094e-05), np.float64(5.2083333475830015e-05), np.float64(5.20833330998376e-05), np.float64(5.208333841139082e-05), np.float64(5.2083333896449195e-05), np.float64(5.208333347692105e-05), np.float64(5.208333539038736e-05), np.float64(5.2083333600224785e-05), np.float64(5.208333647546096e-05), np.float64(5.208333435495884e-05), np.float64(5.208333409285869e-05), np.float64(5.208333389448408e-05), np.float64(5.2083335424937076e-05), np.float64(5.208333355776661e-05), np.float64(5.2083333479173904e-05), np.float64(5.2083333172571206e-05), np.float64(5.2083333702017844e-05), np.float64(5.208333290380931e-05), np.float64(5.208333297369268e-05), np.float64(5.2083333025965985e-05), np.float64(5.208333303566776e-05), np.float64(5.208333291653863e-05), np.float64(5.208333314147961e-05), np.float64(5.208333291960299e-05), np.float64(5.2083333090040314e-05), np.float64(5.208507863039493e-05), np.float64(5.209506643641944e-05), np.float64(0.002365568201995841), np.float64(0.001084001908245139)]
Total probability = 1.0000
Success probability = 0.0000
Inconclusive probability = 1.0000

ideal_distrib
[np.float64(0.187014512922455), np.float64(0.18701451292245747), np.float64(0.18701451292246687), np.float64(0.43895646123262066)]
result_distrib
[np.float64(3.129870359350007e-09), np.float64(6.6796404807426965e-09), np.float64(2.6012912743905005e-09), np.float64(0.9999999909261605)]
Params:
[0.0, 0.0, 1.0, 0.0, 1.0, 0.0]
===============================================================================
                                     CVXPY                                     
                                     v1.6.0                                    
===============================================================================
(CVXPY) May 15 02:09:54 PM: Your problem has 16384 variables, 20486 constraints, and 0 parameters.
(CVXPY) May 15 02:09:54 PM: It is compliant with the following grammars: DCP, DQCP
(CVXPY) May 15 02:09:54 PM: (If you need to solve this problem multiple times, but with different data, consider using parameters.)
(CVXPY) May 15 02:09:54 PM: CVXPY will first compile your problem; then, it will invoke a numerical solver to obtain a solution.
(CVXPY) May 15 02:09:54 PM: Your problem is compiled with the CPP canonicalization backend.
-------------------------------------------------------------------------------
                                  Compilation                                  
-------------------------------------------------------------------------------
(CVXPY) May 15 02:09:54 PM: Compiling problem (target solver=SCS).
(CVXPY) May 15 02:09:54 PM: Reduction chain: Complex2Real -> FlipObjective -> Dcp2Cone -> CvxAttr2Constr -> ConeMatrixStuffing -> SCS
(CVXPY) May 15 02:09:54 PM: Applying reduction Complex2Real
(CVXPY) May 15 02:09:54 PM: Applying reduction FlipObjective
(CVXPY) May 15 02:09:54 PM: Applying reduction Dcp2Cone
(CVXPY) May 15 02:09:54 PM: Applying reduction CvxAttr2Constr
(CVXPY) May 15 02:09:54 PM: Applying reduction ConeMatrixStuffing
(CVXPY) May 15 02:09:55 PM: Applying reduction SCS
(CVXPY) May 15 02:09:55 PM: Finished problem compilation (took 8.221e-01 seconds).
-------------------------------------------------------------------------------
                                Numerical solver                               
-------------------------------------------------------------------------------
(CVXPY) May 15 02:09:55 PM: Invoking solver SCS  to obtain a solution.
------------------------------------------------------------------
	       SCS v3.2.7 - Splitting Conic Solver
	(c) Brendan O'Donoghue, Stanford University, 2012
------------------------------------------------------------------
problem:  variables n: 16384, constraints m: 41222
cones: 	  z: primal zero / dual free vars: 8192
	  l: linear vars: 6
	  s: psd vars: 33024, ssize: 4
settings: eps_abs: 1.0e-07, eps_rel: 1.0e-07, eps_infeas: 1.0e-07
	  alpha: 1.50, scale: 1.00e-01, adaptive_scale: 1
	  max_iters: 100000, normalize: 1, rho_x: 1.00e-06
	  acceleration_lookback: 10, acceleration_interval: 10
lin-sys:  sparse-direct-amd-qdldl
	  nnz(A): 94002, nnz(P): 0
------------------------------------------------------------------
 iter | pri res | dua res |   gap   |   obj   |  scale  | time (s)
------------------------------------------------------------------
     0| 1.00e+00  1.91e-01  6.80e+00  8.10e-01  1.00e-01  4.02e-02 
   250| 1.31e-02  6.43e-04  1.89e-02 -7.90e-01  1.00e-01  2.66e+00 
   500| 3.61e-03  1.68e-04  5.15e-03 -7.46e-01  1.00e-01  5.82e+00 
   750| 3.57e-03  1.61e-04  5.63e-03 -7.38e-01  1.00e-01  8.92e+00 
  1000| 4.56e-03  2.07e-04  7.24e-03 -7.30e-01  1.00e-01  1.17e+01 
  1250| 8.05e-03  3.66e-04  1.28e-02 -7.14e-01  1.00e-01  1.44e+01 
  1500| 2.96e-02  1.96e-02  9.13e-02 -3.66e-01  1.00e-01  1.71e+01 
  1750| 1.26e-06  4.02e-07  1.28e-05 -5.96e-06  1.00e-01  1.97e+01 
  2000| 1.77e-06  1.06e-07  3.68e-06  2.07e-07  1.00e-01  2.22e+01 
  2250| 1.47e-06  1.70e-07  7.64e-07 -2.30e-07  1.00e-01  2.45e+01 
  2500| 1.62e-06  1.41e-07  1.18e-06 -1.48e-06  1.00e-01  2.69e+01 
  2750| 1.44e-06  9.41e-08  7.51e-06 -2.23e-06  1.00e-01  2.92e+01 
  3000| 5.18e-06  2.98e-07  3.62e-06 -2.29e-06  1.00e-01  3.15e+01 
  3250| 6.64e-07  6.03e-08  2.08e-06  1.89e-07  1.00e-01  3.37e+01 
  3500| 4.09e-07  2.12e-07  2.43e-06  1.63e-06  1.00e-01  3.60e+01 
  3750| 2.26e-06  2.26e-07  7.27e-06  5.38e-07  1.00e-01  3.85e+01 
  4000| 2.04e-06  1.98e-07  4.79e-06  3.09e-06  1.00e-01  4.07e+01 
  4250| 1.46e-06  1.42e-07  7.36e-06  2.16e-06  1.00e-01  4.31e+01 
  4500| 1.07e-06  2.69e-07  3.18e-06 -2.95e-06  1.00e-01  4.53e+01 
  4750| 3.45e-06  1.59e-07  7.10e-06 -3.31e-06  1.00e-01  4.76e+01 
  5000| 1.14e-06  1.38e-07  6.47e-06 -2.64e-06  1.00e-01  4.98e+01 
  5250| 1.91e-06  3.04e-07  5.33e-07  2.36e-06  1.00e-01  5.22e+01 
  5500| 9.73e-07  1.48e-07  1.05e-05  3.96e-06  1.00e-01  5.44e+01 
  5750| 6.65e-07  3.52e-08  2.19e-06 -2.66e-07  1.00e-01  5.67e+01 
  6000| 1.84e-06  7.09e-07  3.74e-06 -1.75e-07  1.00e-01  5.89e+01 
  6250| 3.05e-07  1.61e-08  9.92e-07 -1.16e-07  1.00e-01  6.13e+01 
  6500| 1.54e-06  3.20e-07  4.24e-06 -3.39e-06  1.00e-01  6.35e+01 
  6750| 1.25e-06  2.99e-07  1.21e-06 -2.29e-06  1.00e-01  6.58e+01 
  7000| 3.13e-06  3.50e-07  8.81e-07 -3.15e-06  1.00e-01  6.81e+01 
  7250| 3.10e-06  1.55e-07  2.40e-06  2.56e-06  1.00e-01  7.02e+01 
  7500| 3.26e-06  3.37e-07  3.67e-06 -5.48e-06  1.00e-01  7.24e+01 
  7750| 9.29e-07  4.53e-08  3.05e-06 -3.70e-07  1.00e-01  7.46e+01 
  8000| 3.61e-06  3.64e-07  3.19e-06  5.67e-06  1.00e-01  7.69e+01 
  8250| 1.13e-06  1.10e-07  2.77e-07 -5.75e-07  1.00e-01  7.90e+01 
  8500| 1.86e-06  1.07e-07  3.61e-06  1.16e-06  1.00e-01  8.12e+01 
  8750| 1.79e-06  2.43e-07  5.97e-06 -7.48e-07  1.00e-01  8.34e+01 
  8800| 4.00e-08  2.02e-08  1.24e-08  4.19e-09  1.00e-01  8.38e+01 
------------------------------------------------------------------
status:  solved
timings: total: 8.38e+01s = setup: 3.33e-02s + solve: 8.38e+01s
	 lin-sys: 9.87e+00s, cones: 7.12e+01s, accel: 7.72e-01s
------------------------------------------------------------------
objective = 0.000000
------------------------------------------------------------------
-------------------------------------------------------------------------------
                                    Summary                                    
-------------------------------------------------------------------------------
(CVXPY) May 15 02:11:24 PM: Problem status: optimal
(CVXPY) May 15 02:11:24 PM: Optimal value: -1.041e-08
(CVXPY) May 15 02:11:24 PM: Compilation took 8.221e-01 seconds
(CVXPY) May 15 02:11:24 PM: Solver (including time spent in interface) took 8.898e+01 seconds
Result = -1.0414316261973154e-08
CVXPY returns optimal
bitstring_to_target_state
{0: 3, 1: 3, 2: 3, 3: 3, 4: 3, 5: 3, 6: 3, 7: 3, 8: 3, 9: 3, 10: 3, 11: 3, 12: 3, 13: 3, 14: 3, 15: 3, 16: 3, 17: 3, 18: 3, 19: 3, 20: 3, 21: 3, 22: 3, 23: 3, 24: 3, 25: 3, 26: 3, 27: 3, 28: 3, 29: 3, 30: 3, 31: 3, 32: 3, 33: 3, 34: 3, 35: 3, 36: 3, 37: 3, 38: 3, 39: 3, 40: 3, 41: 3, 42: 3, 43: 3, 44: 3, 45: 3, 46: 3, 47: 3, 48: 3, 49: 3, 50: 3, 51: 3, 52: 3, 53: 3, 54: 3, 55: 3, 56: 3, 57: 3, 58: 3, 59: 3, 60: 3, 61: 3, 62: 3, 63: 3}
strings_used
64
Probabilities for each state:
[np.float64(0.3101707780495444), np.float64(5.2226591859540366e-05), np.float64(5.224367611259104e-05), np.float64(5.2086782706172034e-05), np.float64(5.208657555450067e-05), np.float64(5.208333407516084e-05), np.float64(5.208333384812393e-05), np.float64(5.20833340381394e-05), np.float64(5.208333416335485e-05), np.float64(5.208333461329102e-05), np.float64(5.2083335617331014e-05), np.float64(5.2083335011077855e-05), np.float64(5.208333393482088e-05), np.float64(5.2083334296246564e-05), np.float64(5.2083334412757633e-05), np.float64(5.208333392405007e-05), np.float64(5.2083336468949825e-05), np.float64(5.20833341337057e-05), np.float64(5.20833342841143e-05), np.float64(5.2083333869397375e-05), np.float64(5.208333559177762e-05), np.float64(5.208334076427949e-05), np.float64(5.2083337934779006e-05), np.float64(5.20833403497637e-05), np.float64(5.208333890001627e-05), np.float64(5.208333599127626e-05), np.float64(5.208333461106775e-05), np.float64(5.2083339684616016e-05), np.float64(5.208333402260712e-05), np.float64(5.2083334153576854e-05), np.float64(5.208334031561127e-05), np.float64(5.208333404821073e-05), np.float64(5.208333442701953e-05), np.float64(5.208333434674939e-05), np.float64(5.2083335726769006e-05), np.float64(5.2083336781305286e-05), np.float64(5.2083333894262576e-05), np.float64(5.208333399889571e-05), np.float64(5.2083334084159096e-05), np.float64(5.208333398370683e-05), np.float64(5.208333392526572e-05), np.float64(5.208333405393499e-05), np.float64(5.208333486628784e-05), np.float64(5.208333415719708e-05), np.float64(5.208333450031254e-05), np.float64(5.2083333895324064e-05), np.float64(5.208333423940973e-05), np.float64(5.2083334657189814e-05), np.float64(5.208333417820873e-05), np.float64(5.2083335088366996e-05), np.float64(5.2083333922593247e-05), np.float64(5.208333462415979e-05), np.float64(5.208333440816473e-05), np.float64(5.208333386850649e-05), np.float64(5.208333448206604e-05), np.float64(5.208333536136639e-05), np.float64(5.2083334077753196e-05), np.float64(5.208333403126762e-05), np.float64(5.2083334071529537e-05), np.float64(5.208333430218524e-05), np.float64(5.2083334354543587e-05), np.float64(5.2083334085077314e-05), np.float64(0.016599309047256084), np.float64(0.003385860145679508)]
[np.float64(0.001293931981562519), np.float64(5.209066726730993e-05), np.float64(5.20922850281452e-05), np.float64(5.208405485785381e-05), np.float64(5.2083377356974264e-05), np.float64(5.2083333851588053e-05), np.float64(5.208333384376649e-05), np.float64(5.208333384715246e-05), np.float64(5.20833338446933e-05), np.float64(5.20833338481593e-05), np.float64(5.208333384233014e-05), np.float64(5.20833338513968e-05), np.float64(5.2083333851860026e-05), np.float64(5.2083333839773557e-05), np.float64(5.2083333885814886e-05), np.float64(5.208333389045372e-05), np.float64(5.2083333840158774e-05), np.float64(5.2083333846291977e-05), np.float64(5.208333390491121e-05), np.float64(5.2083333847671515e-05), np.float64(5.208333387160981e-05), np.float64(5.2083333840355536e-05), np.float64(5.2083333874132574e-05), np.float64(5.20833338537267e-05), np.float64(5.2083334009438166e-05), np.float64(5.208333384671441e-05), np.float64(5.208333389635612e-05), np.float64(5.208333388197355e-05), np.float64(5.208333386595138e-05), np.float64(5.2083333848037705e-05), np.float64(5.208333386734135e-05), np.float64(5.20833338590605e-05), np.float64(5.2083333842878996e-05), np.float64(5.208333384399941e-05), np.float64(5.208333386417351e-05), np.float64(5.208333398254659e-05), np.float64(5.2083333840112316e-05), np.float64(5.208333384197065e-05), np.float64(5.208333389756733e-05), np.float64(5.208333392938274e-05), np.float64(5.2083333853054525e-05), np.float64(5.208333385505919e-05), np.float64(5.208333386681847e-05), np.float64(5.2083333864089914e-05), np.float64(5.208333395854239e-05), np.float64(5.208333386134667e-05), np.float64(5.2083333954200145e-05), np.float64(5.2083333886887596e-05), np.float64(5.208333384525763e-05), np.float64(5.20833339172359e-05), np.float64(5.208333388708802e-05), np.float64(5.2083333925458034e-05), np.float64(5.208333388637343e-05), np.float64(5.20833338399312e-05), np.float64(5.208333383965989e-05), np.float64(5.208333395234899e-05), np.float64(5.20833338625476e-05), np.float64(5.20833338429864e-05), np.float64(5.208333384964923e-05), np.float64(5.2083333891707274e-05), np.float64(5.208333386085723e-05), np.float64(5.208333387452843e-05), np.float64(0.040279525561826214), np.float64(0.2885827587931173)]
[np.float64(0.0022213167057266122), np.float64(5.215208664167238e-05), np.float64(5.209723693721416e-05), np.float64(5.208502119465721e-05), np.float64(5.208369600490709e-05), np.float64(5.2083333854825264e-05), np.float64(5.208333387098058e-05), np.float64(5.208333385244048e-05), np.float64(5.208333384884212e-05), np.float64(5.20833338588253e-05), np.float64(5.2083333861681976e-05), np.float64(5.2083333845486306e-05), np.float64(5.2083333866830716e-05), np.float64(5.20833338434792e-05), np.float64(5.208333386308822e-05), np.float64(5.208333386601338e-05), np.float64(5.208333384211858e-05), np.float64(5.208333384972896e-05), np.float64(5.208333386027357e-05), np.float64(5.2083333854255896e-05), np.float64(5.20833338714176e-05), np.float64(5.2083333926519475e-05), np.float64(5.2083333883812887e-05), np.float64(5.2083333852448856e-05), np.float64(5.208333387604595e-05), np.float64(5.208333384768951e-05), np.float64(5.2083333856045236e-05), np.float64(5.208333402707797e-05), np.float64(5.2083333890887346e-05), np.float64(5.2083333895072184e-05), np.float64(5.20833338746806e-05), np.float64(5.2083333852671585e-05), np.float64(5.208333384140363e-05), np.float64(5.2083333871860533e-05), np.float64(5.208333383988431e-05), np.float64(5.20833340177164e-05), np.float64(5.2083333844904516e-05), np.float64(5.208333383990299e-05), np.float64(5.2083333840801434e-05), np.float64(5.208333389896076e-05), np.float64(5.208333384265756e-05), np.float64(5.208333384599634e-05), np.float64(5.2083333853406816e-05), np.float64(5.208333385469836e-05), np.float64(5.208333389939557e-05), np.float64(5.208333384346922e-05), np.float64(5.208333389340305e-05), np.float64(5.208333387355845e-05), np.float64(5.208333385625628e-05), np.float64(5.2083333854751464e-05), np.float64(5.208333386074848e-05), np.float64(5.20833339386039e-05), np.float64(5.208333388407051e-05), np.float64(5.2083333846726064e-05), np.float64(5.208333385419657e-05), np.float64(5.208333385461471e-05), np.float64(5.208333384933572e-05), np.float64(5.208333386014855e-05), np.float64(5.2083333865599266e-05), np.float64(5.2083333889505754e-05), np.float64(5.208333385758383e-05), np.float64(5.2083333861064834e-05), np.float64(0.22693257623990987), np.float64(0.1010022612853523)]
Total probability = 1.0000
Success probability = 0.0000
Inconclusive probability = 1.0000

ideal_distrib
[np.float64(0.187014512922455), np.float64(0.18701451292245747), np.float64(0.18701451292246687), np.float64(0.43895646123262066)]
result_distrib
[np.float64(1.0690599605295912e-08), np.float64(3.2005818807123843e-09), np.float64(2.9242985373896256e-09), np.float64(0.9999999800182453)]
Params:
[1.0, 0.0, 1.0, 0.0, 1.0, 0.4963757907649238]
===============================================================================
                                     CVXPY                                     
                                     v1.6.0                                    
===============================================================================
(CVXPY) May 15 02:11:25 PM: Your problem has 16384 variables, 20486 constraints, and 0 parameters.
(CVXPY) May 15 02:11:25 PM: It is compliant with the following grammars: DCP, DQCP
(CVXPY) May 15 02:11:25 PM: (If you need to solve this problem multiple times, but with different data, consider using parameters.)
(CVXPY) May 15 02:11:25 PM: CVXPY will first compile your problem; then, it will invoke a numerical solver to obtain a solution.
(CVXPY) May 15 02:11:25 PM: Your problem is compiled with the CPP canonicalization backend.
-------------------------------------------------------------------------------
                                  Compilation                                  
-------------------------------------------------------------------------------
(CVXPY) May 15 02:11:25 PM: Compiling problem (target solver=SCS).
(CVXPY) May 15 02:11:25 PM: Reduction chain: Complex2Real -> FlipObjective -> Dcp2Cone -> CvxAttr2Constr -> ConeMatrixStuffing -> SCS
(CVXPY) May 15 02:11:25 PM: Applying reduction Complex2Real
(CVXPY) May 15 02:11:25 PM: Applying reduction FlipObjective
(CVXPY) May 15 02:11:25 PM: Applying reduction Dcp2Cone
(CVXPY) May 15 02:11:25 PM: Applying reduction CvxAttr2Constr
(CVXPY) May 15 02:11:25 PM: Applying reduction ConeMatrixStuffing
(CVXPY) May 15 02:11:25 PM: Applying reduction SCS
(CVXPY) May 15 02:11:25 PM: Finished problem compilation (took 7.871e-01 seconds).
-------------------------------------------------------------------------------
                                Numerical solver                               
-------------------------------------------------------------------------------
(CVXPY) May 15 02:11:25 PM: Invoking solver SCS  to obtain a solution.
------------------------------------------------------------------
	       SCS v3.2.7 - Splitting Conic Solver
	(c) Brendan O'Donoghue, Stanford University, 2012
------------------------------------------------------------------
problem:  variables n: 16384, constraints m: 41222
cones: 	  z: primal zero / dual free vars: 8192
	  l: linear vars: 6
	  s: psd vars: 33024, ssize: 4
settings: eps_abs: 1.0e-07, eps_rel: 1.0e-07, eps_infeas: 1.0e-07
	  alpha: 1.50, scale: 1.00e-01, adaptive_scale: 1
	  max_iters: 100000, normalize: 1, rho_x: 1.00e-06
	  acceleration_lookback: 10, acceleration_interval: 10
lin-sys:  sparse-direct-amd-qdldl
	  nnz(A): 91922, nnz(P): 0
------------------------------------------------------------------
 iter | pri res | dua res |   gap   |   obj   |  scale  | time (s)
------------------------------------------------------------------
     0| 1.00e+00  2.32e-01  6.34e+00  1.13e+00  1.00e-01  3.98e-02 
   250| 4.44e-03  2.56e-04  5.48e-03 -9.52e-01  1.00e-01  2.41e+00 
   500| 2.52e-03  2.02e-04  4.28e-03 -9.49e-01  1.00e-01  4.88e+00 
   750| 1.44e-03  1.39e-04  2.93e-03 -9.48e-01  1.00e-01  7.67e+00 
  1000| 1.29e-03  1.38e-04  2.89e-03 -9.46e-01  1.00e-01  1.05e+01 
  1250| 8.57e-04  8.43e-05  1.76e-03 -9.46e-01  1.00e-01  1.34e+01 
  1500| 7.74e-04  8.08e-05  1.69e-03 -9.45e-01  1.00e-01  1.63e+01 
  1750| 7.15e-04  7.79e-05  1.62e-03 -9.44e-01  1.00e-01  1.92e+01 
  2000| 6.90e-04  7.56e-05  1.57e-03 -9.43e-01  1.00e-01  2.21e+01 
  2250| 6.71e-04  7.39e-05  1.54e-03 -9.42e-01  1.00e-01  2.50e+01 
  2500| 6.58e-04  7.28e-05  1.51e-03 -9.41e-01  1.00e-01  2.78e+01 
  2750| 2.18e+00  4.57e-01  6.34e+00  2.08e+00  1.00e-01  3.07e+01 
  3000| 6.50e-04  7.24e-05  1.50e-03 -9.40e-01  1.00e-01  3.36e+01 
  3250| 6.55e-04  7.32e-05  1.52e-03 -9.39e-01  1.00e-01  3.64e+01 
  3500| 6.67e-04  7.48e-05  1.55e-03 -9.39e-01  1.00e-01  3.93e+01 
  3750| 6.87e-04  7.72e-05  1.60e-03 -9.38e-01  1.00e-01  4.21e+01 
  4000| 7.16e-04  8.07e-05  1.67e-03 -9.38e-01  1.00e-01  4.50e+01 
  4250| 7.57e-04  8.55e-05  1.77e-03 -9.37e-01  1.00e-01  4.78e+01 
  4500| 8.13e-04  9.20e-05  1.90e-03 -9.36e-01  1.00e-01  5.06e+01 
  4750| 8.90e-04  1.01e-04  2.09e-03 -9.36e-01  1.00e-01  5.34e+01 
  5000| 9.97e-04  1.13e-04  2.34e-03 -9.35e-01  1.00e-01  5.61e+01 
  5250| 1.15e-03  1.31e-04  2.71e-03 -9.34e-01  1.00e-01  5.88e+01 
  5500| 4.41e-02  8.92e-03  2.08e-06 -9.32e-01  1.00e-01  6.15e+01 
  5750| 1.77e-03  2.02e-04  4.17e-03 -9.31e-01  1.00e-01  6.42e+01 
  6000| 2.49e-03  2.85e-04  5.89e-03 -9.28e-01  1.00e-01  6.69e+01 
  6250| 4.34e-03  4.98e-04  1.03e-02 -9.21e-01  1.00e-01  6.94e+01 
  6500| 1.79e-02  2.06e-03  4.24e-02 -8.73e-01  1.00e-01  7.18e+01 
  6750| 2.77e-06  2.08e-05  3.09e-06 -3.33e-01  1.00e-01  7.42e+01 
  7000| 1.55e-06  2.08e-05  4.37e-06 -3.33e-01  1.00e-01  7.67e+01 
  7250| 2.39e-06  2.09e-05  7.61e-06 -3.33e-01  1.00e-01  7.92e+01 
  7500| 2.31e-06  2.10e-05  1.06e-05 -3.33e-01  1.00e-01  8.17e+01 
  7750| 4.71e-06  2.09e-05  9.06e-06 -3.33e-01  1.00e-01  8.42e+01 
  8000| 3.21e-06  2.11e-05  1.38e-05 -3.33e-01  1.00e-01  8.66e+01 
  8250| 1.51e+04  2.16e+03  8.58e+00  4.80e-01  1.00e-01  8.91e+01 
  8500| 9.64e-07  9.75e-08  5.77e-06 -3.33e-01  1.00e-01  9.16e+01 
  8750| 6.31e-07  1.20e-07  1.85e-06 -3.33e-01  1.00e-01  9.40e+01 
  9000| 1.55e-06  1.35e-07  5.62e-06 -3.33e-01  1.00e-01  9.64e+01 
  9250| 7.75e-07  1.94e-07  6.01e-06 -3.33e-01  1.00e-01  9.88e+01 
  9500| 1.19e-07  1.29e-08  3.84e-07 -3.33e-01  1.00e-01  1.01e+02 
  9750| 8.21e-07  1.03e-07  4.20e-06 -3.33e-01  1.00e-01  1.04e+02 
 10000| 3.00e-08  3.85e-09  8.47e-08 -3.33e-01  1.00e-01  1.06e+02 
------------------------------------------------------------------
status:  solved
timings: total: 1.06e+02s = setup: 3.32e-02s + solve: 1.06e+02s
	 lin-sys: 1.03e+01s, cones: 9.29e+01s, accel: 6.65e-01s
------------------------------------------------------------------
objective = -0.333333
------------------------------------------------------------------
-------------------------------------------------------------------------------
                                    Summary                                    
-------------------------------------------------------------------------------
(CVXPY) May 15 02:13:18 PM: Problem status: optimal
(CVXPY) May 15 02:13:18 PM: Optimal value: 3.333e-01
(CVXPY) May 15 02:13:18 PM: Compilation took 7.871e-01 seconds
(CVXPY) May 15 02:13:18 PM: Solver (including time spent in interface) took 1.123e+02 seconds
Result = 0.3333333058213468
CVXPY returns optimal
bitstring_to_target_state
{0: 1, 1: 1, 2: 1, 3: 1, 4: 1, 5: 1, 6: 1, 7: 1, 8: 1, 9: 1, 10: 1, 11: 1, 12: 1, 13: 1, 14: 1, 15: 1, 16: 1, 17: 1, 18: 1, 19: 1, 20: 1, 21: 1, 22: 1, 23: 1, 24: 1, 25: 1, 26: 1, 27: 1, 28: 1, 29: 1, 30: 1, 31: 1, 32: 1, 33: 1, 34: 1, 35: 1, 36: 1, 37: 1, 38: 1, 39: 1, 40: 1, 41: 1, 42: 1, 43: 1, 44: 1, 45: 1, 46: 1, 47: 1, 48: 1, 49: 1, 50: 1, 51: 1, 52: 1, 53: 1, 54: 1, 55: 1, 56: 1, 57: 1, 58: 1, 59: 1, 60: 1, 61: 1, 62: 1, 63: 1}
strings_used
64
Probabilities for each state:
[np.float64(0.31412386516594104), np.float64(0.004869723569710095), np.float64(5.208333455610676e-05), np.float64(5.208333450783377e-05), np.float64(5.2083334436856215e-05), np.float64(5.208333444263662e-05), np.float64(5.208333443531742e-05), np.float64(5.2083334521224844e-05), np.float64(5.2083334435642925e-05), np.float64(5.20833344311462e-05), np.float64(5.208333452704038e-05), np.float64(5.208333444563013e-05), np.float64(5.2083334617985334e-05), np.float64(5.2083334605029044e-05), np.float64(5.2083334741677664e-05), np.float64(5.208333448147287e-05), np.float64(5.208333447815359e-05), np.float64(5.2083335172612784e-05), np.float64(5.20833345080523e-05), np.float64(5.2083334558173126e-05), np.float64(5.2083334508487014e-05), np.float64(5.20833345312497e-05), np.float64(5.208333443860982e-05), np.float64(5.208333443685483e-05), np.float64(5.208333450534414e-05), np.float64(5.208333487895228e-05), np.float64(5.2083334579014216e-05), np.float64(5.2083334803221696e-05), np.float64(5.2083334548798714e-05), np.float64(5.208333455844047e-05), np.float64(5.2083334452958034e-05), np.float64(5.208333464420885e-05), np.float64(5.208333448859349e-05), np.float64(5.208333455886846e-05), np.float64(5.2083334565068096e-05), np.float64(5.208333459165451e-05), np.float64(5.20833347563029e-05), np.float64(5.208333443063033e-05), np.float64(5.208333448943781e-05), np.float64(5.2083334541127584e-05), np.float64(5.2083334545306736e-05), np.float64(5.208333502113148e-05), np.float64(5.20833344506215e-05), np.float64(5.208333505806452e-05), np.float64(5.2083334517940606e-05), np.float64(5.208333500969159e-05), np.float64(5.208333445908987e-05), np.float64(5.208333486029701e-05), np.float64(5.2083334478488725e-05), np.float64(5.208333464330598e-05), np.float64(5.2083336786092696e-05), np.float64(5.208333499205105e-05), np.float64(5.208333446108952e-05), np.float64(5.2083334517888815e-05), np.float64(5.2083334974563207e-05), np.float64(5.208333458710982e-05), np.float64(5.2083334439374546e-05), np.float64(5.208333478177853e-05), np.float64(5.208333468728782e-05), np.float64(5.2084043146004616e-05), np.float64(5.2095219293072425e-05), np.float64(5.213828057712415e-05), np.float64(5.228906734832162e-05), np.float64(0.011162398259742525)]
[np.float64(0.0005382887388240539), np.float64(0.00020682139045733887), np.float64(5.208333444224451e-05), np.float64(5.208333443985172e-05), np.float64(5.2083334432368086e-05), np.float64(5.2083334431534965e-05), np.float64(5.208333442989213e-05), np.float64(5.208333443403424e-05), np.float64(5.208333443626771e-05), np.float64(5.208333443177048e-05), np.float64(5.2083334440282714e-05), np.float64(5.2083334432611035e-05), np.float64(5.208333445511002e-05), np.float64(5.208333446256859e-05), np.float64(5.208333445620934e-05), np.float64(5.2083334430451e-05), np.float64(5.208333443338357e-05), np.float64(5.208333446001472e-05), np.float64(5.208333443805448e-05), np.float64(5.2083334476811315e-05), np.float64(5.208333443872918e-05), np.float64(5.20833344450343e-05), np.float64(5.2083334453839084e-05), np.float64(5.2083334436537934e-05), np.float64(5.208333445922711e-05), np.float64(5.208333444619129e-05), np.float64(5.208333444151956e-05), np.float64(5.208333447294124e-05), np.float64(5.208333443556042e-05), np.float64(5.2083334448195676e-05), np.float64(5.208333444929749e-05), np.float64(5.208333446791176e-05), np.float64(5.2083334449337985e-05), np.float64(5.2083334503279496e-05), np.float64(5.2083334458611125e-05), np.float64(5.20833344296428e-05), np.float64(5.2083334518413515e-05), np.float64(5.208333450250287e-05), np.float64(5.20833344850531e-05), np.float64(5.208333443318028e-05), np.float64(5.2083334447126104e-05), np.float64(5.20833344800028e-05), np.float64(5.208333447474226e-05), np.float64(5.2083334453362665e-05), np.float64(5.208333443983334e-05), np.float64(5.208333452411086e-05), np.float64(5.208333445443401e-05), np.float64(5.208333465283147e-05), np.float64(5.2083334438763436e-05), np.float64(5.2083334537779554e-05), np.float64(5.208333532463367e-05), np.float64(5.208333480129496e-05), np.float64(5.208333444411625e-05), np.float64(5.208333449475757e-05), np.float64(5.208333468282309e-05), np.float64(5.208333449374871e-05), np.float64(5.2083334449217286e-05), np.float64(5.2083334567799445e-05), np.float64(5.208333444031035e-05), np.float64(5.208340889663332e-05), np.float64(5.208425695625221e-05), np.float64(5.2087334698962194e-05), np.float64(5.208393147774541e-05), np.float64(0.3294111250327669)]
[np.float64(0.0468380189095142), np.float64(0.2678001972754901), np.float64(5.20833351756382e-05), np.float64(5.208333530917894e-05), np.float64(5.208333446622663e-05), np.float64(5.2083334511827346e-05), np.float64(5.2083335023140383e-05), np.float64(5.2083336246261495e-05), np.float64(5.208333502121774e-05), np.float64(5.208333503187603e-05), np.float64(5.208333456346122e-05), np.float64(5.2083335432104316e-05), np.float64(5.2083335595817306e-05), np.float64(5.208333453576303e-05), np.float64(5.2083335788920896e-05), np.float64(5.208333513097305e-05), np.float64(5.20833363789904e-05), np.float64(5.208333493013067e-05), np.float64(5.208333677291653e-05), np.float64(5.2083340105270345e-05), np.float64(5.208333445179894e-05), np.float64(5.208333603951801e-05), np.float64(5.208333515753017e-05), np.float64(5.2083334714476787e-05), np.float64(5.2083335110222526e-05), np.float64(5.208333609966606e-05), np.float64(5.208333467679556e-05), np.float64(5.2083335799242365e-05), np.float64(5.208333603685319e-05), np.float64(5.20833344769324e-05), np.float64(5.2083336441028604e-05), np.float64(5.2083336170400256e-05), np.float64(5.208333571179678e-05), np.float64(5.20833386870641e-05), np.float64(5.208333892080169e-05), np.float64(5.20833349475008e-05), np.float64(5.20833359714275e-05), np.float64(5.208334146917453e-05), np.float64(5.208333734872801e-05), np.float64(5.208333509586878e-05), np.float64(5.2083335489879295e-05), np.float64(5.208334751394299e-05), np.float64(5.2083339192617627e-05), np.float64(5.2083344993129167e-05), np.float64(5.208333560504729e-05), np.float64(5.2083356930561336e-05), np.float64(5.208333628424318e-05), np.float64(5.208336075728828e-05), np.float64(5.208333690690382e-05), np.float64(5.208335309450667e-05), np.float64(5.208349537058675e-05), np.float64(5.208340299574991e-05), np.float64(5.208333856825248e-05), np.float64(5.208334378994947e-05), np.float64(5.2083380352473336e-05), np.float64(5.208334444041324e-05), np.float64(5.208333568305745e-05), np.float64(5.2083356066324194e-05), np.float64(5.208334046213964e-05), np.float64(5.208552639265202e-05), np.float64(5.219001992849531e-05), np.float64(5.235917447618273e-05), np.float64(5.25708027893818e-05), np.float64(0.015517168859017891)]
Total probability = 1.0000
Success probability = 0.3333
Inconclusive probability = 0.0000

ideal_distrib
[np.float64(0.187014512922455), np.float64(0.18701451292245747), np.float64(0.18701451292246687), np.float64(0.43895646123262066)]
result_distrib
[np.float64(9.992852723711802e-09), np.float64(0.33333332415981803), np.float64(8.345618547599928e-09), 0]
Params:
[0.0, 1.0, 0.0, 0.3404012527143403, 0.0, 0.0]
===============================================================================
                                     CVXPY                                     
                                     v1.6.0                                    
===============================================================================
(CVXPY) May 15 02:13:18 PM: Your problem has 16384 variables, 20486 constraints, and 0 parameters.
(CVXPY) May 15 02:13:18 PM: It is compliant with the following grammars: DCP, DQCP
(CVXPY) May 15 02:13:18 PM: (If you need to solve this problem multiple times, but with different data, consider using parameters.)
(CVXPY) May 15 02:13:18 PM: CVXPY will first compile your problem; then, it will invoke a numerical solver to obtain a solution.
(CVXPY) May 15 02:13:18 PM: Your problem is compiled with the CPP canonicalization backend.
-------------------------------------------------------------------------------
                                  Compilation                                  
-------------------------------------------------------------------------------
(CVXPY) May 15 02:13:18 PM: Compiling problem (target solver=SCS).
(CVXPY) May 15 02:13:18 PM: Reduction chain: Complex2Real -> FlipObjective -> Dcp2Cone -> CvxAttr2Constr -> ConeMatrixStuffing -> SCS
(CVXPY) May 15 02:13:18 PM: Applying reduction Complex2Real
(CVXPY) May 15 02:13:18 PM: Applying reduction FlipObjective
(CVXPY) May 15 02:13:18 PM: Applying reduction Dcp2Cone
(CVXPY) May 15 02:13:18 PM: Applying reduction CvxAttr2Constr
(CVXPY) May 15 02:13:18 PM: Applying reduction ConeMatrixStuffing
(CVXPY) May 15 02:13:19 PM: Applying reduction SCS
(CVXPY) May 15 02:13:19 PM: Finished problem compilation (took 8.123e-01 seconds).
-------------------------------------------------------------------------------
                                Numerical solver                               
-------------------------------------------------------------------------------
(CVXPY) May 15 02:13:19 PM: Invoking solver SCS  to obtain a solution.
------------------------------------------------------------------
	       SCS v3.2.7 - Splitting Conic Solver
	(c) Brendan O'Donoghue, Stanford University, 2012
------------------------------------------------------------------
problem:  variables n: 16384, constraints m: 41222
cones: 	  z: primal zero / dual free vars: 8192
	  l: linear vars: 6
	  s: psd vars: 33024, ssize: 4
settings: eps_abs: 1.0e-07, eps_rel: 1.0e-07, eps_infeas: 1.0e-07
	  alpha: 1.50, scale: 1.00e-01, adaptive_scale: 1
	  max_iters: 100000, normalize: 1, rho_x: 1.00e-06
	  acceleration_lookback: 10, acceleration_interval: 10
lin-sys:  sparse-direct-amd-qdldl
	  nnz(A): 94002, nnz(P): 0
------------------------------------------------------------------
 iter | pri res | dua res |   gap   |   obj   |  scale  | time (s)
------------------------------------------------------------------
     0| 1.00e+00  2.21e-01  6.99e+00  5.47e-01  1.00e-01  3.93e-02 
   250| 1.32e-02  5.74e-04  1.91e-02 -7.88e-01  1.00e-01  2.65e+00 
   500| 4.01e-03  1.77e-04  5.81e-03 -7.36e-01  1.00e-01  5.42e+00 
   750| 5.14e-03  2.33e-04  8.16e-03 -7.26e-01  1.00e-01  7.88e+00 
  1000| 5.18e-02  1.05e-02  1.20e-06 -7.12e-01  1.00e-01  1.03e+01 
  1250| 2.03e-03  7.90e-04  6.91e-04  1.06e-03  1.00e-01  1.25e+01 
  1500| 3.81e-06  1.33e-07  2.23e-06 -1.41e-06  1.00e-01  1.47e+01 
  1750| 3.51e-07  4.84e-08  7.71e-07  9.43e-07  1.00e-01  1.68e+01 
  2000| 7.97e-07  1.49e-07  2.01e-06 -3.21e-07  1.00e-01  1.90e+01 
  2250| 3.09e-07  5.43e-08  1.21e-06  3.08e-07  1.00e-01  2.14e+01 
  2500| 2.26e-07  1.41e-07  6.48e-08  1.86e-07  1.00e-01  2.36e+01 
  2750| 2.85e-06  3.93e-07  7.47e-07 -2.86e-06  1.00e-01  2.58e+01 
  3000| 3.07e-07  1.78e-08  1.04e-06 -6.78e-08  1.00e-01  2.80e+01 
  3150| 1.66e-08  1.34e-09  6.43e-08 -9.82e-09  1.00e-01  2.93e+01 
------------------------------------------------------------------
status:  solved
timings: total: 2.93e+01s = setup: 3.24e-02s + solve: 2.92e+01s
	 lin-sys: 3.35e+00s, cones: 2.50e+01s, accel: 2.64e-01s
------------------------------------------------------------------
objective = -0.000000
------------------------------------------------------------------
-------------------------------------------------------------------------------
                                    Summary                                    
-------------------------------------------------------------------------------
(CVXPY) May 15 02:13:50 PM: Problem status: optimal
(CVXPY) May 15 02:13:50 PM: Optimal value: -2.233e-08
(CVXPY) May 15 02:13:50 PM: Compilation took 8.123e-01 seconds
(CVXPY) May 15 02:13:50 PM: Solver (including time spent in interface) took 3.138e+01 seconds
Result = -2.2329812627223006e-08
CVXPY returns optimal
bitstring_to_target_state
{0: 3, 1: 3, 2: 3, 3: 3, 4: 3, 5: 3, 6: 3, 7: 3, 8: 3, 9: 3, 10: 3, 11: 3, 12: 3, 13: 3, 14: 3, 15: 3, 16: 3, 17: 3, 18: 3, 19: 3, 20: 3, 21: 3, 22: 3, 23: 3, 24: 3, 25: 3, 26: 3, 27: 3, 28: 3, 29: 3, 30: 3, 31: 3, 32: 3, 33: 3, 34: 3, 35: 3, 36: 3, 37: 3, 38: 3, 39: 3, 40: 3, 41: 3, 42: 3, 43: 3, 44: 3, 45: 3, 46: 3, 47: 3, 48: 3, 49: 3, 50: 3, 51: 3, 52: 3, 53: 3, 54: 3, 55: 3, 56: 3, 57: 3, 58: 3, 59: 3, 60: 3, 61: 3, 62: 3, 63: 3}
strings_used
64
Probabilities for each state:
[np.float64(0.251228415702856), np.float64(0.07742948661978133), np.float64(0.001496609080101552), np.float64(5.305227338516548e-05), np.float64(5.277724303275721e-05), np.float64(5.216249269343804e-05), np.float64(5.2087527796416074e-05), np.float64(5.208436706249213e-05), np.float64(5.208334407434144e-05), np.float64(5.208333989866025e-05), np.float64(5.20833341045151e-05), np.float64(5.208333710999305e-05), np.float64(5.208333713698915e-05), np.float64(5.2083336538368905e-05), np.float64(5.2083336622836725e-05), np.float64(5.208333712568904e-05), np.float64(5.208333397016612e-05), np.float64(5.208334168719099e-05), np.float64(5.2083334727629914e-05), np.float64(5.208333988330746e-05), np.float64(5.208333538460276e-05), np.float64(5.208333558213758e-05), np.float64(5.2083341379011976e-05), np.float64(5.208333676260717e-05), np.float64(5.208333573030888e-05), np.float64(5.208335746095933e-05), np.float64(5.208333561971444e-05), np.float64(5.208333829054329e-05), np.float64(5.208333459559543e-05), np.float64(5.2083340917284016e-05), np.float64(5.208333467050635e-05), np.float64(5.20833355045432e-05), np.float64(5.2083337104610586e-05), np.float64(5.20833393085483e-05), np.float64(5.208333622206227e-05), np.float64(5.208334420669686e-05), np.float64(5.208334448321205e-05), np.float64(5.208333591056459e-05), np.float64(5.2083340153043024e-05), np.float64(5.208334039056866e-05), np.float64(5.208333551210459e-05), np.float64(5.208334352064945e-05), np.float64(5.208333500116456e-05), np.float64(5.208333463836282e-05), np.float64(5.2083339830984786e-05), np.float64(5.208333468951404e-05), np.float64(5.208333642510526e-05), np.float64(5.208334398355748e-05), np.float64(5.2083334505445515e-05), np.float64(5.20833409902907e-05), np.float64(5.208333447782798e-05), np.float64(5.208333663837654e-05), np.float64(5.208333444670506e-05), np.float64(5.208333480140071e-05), np.float64(5.208333712154025e-05), np.float64(5.2083335379258927e-05), np.float64(5.208333458292264e-05), np.float64(5.208333429867114e-05), np.float64(5.2083334261313204e-05), np.float64(5.208333427169619e-05), np.float64(5.2083335168009967e-05), np.float64(5.208333492578407e-05), np.float64(5.208333460071322e-05), np.float64(5.208333413983975e-05)]
[np.float64(0.14847772577233412), np.float64(0.17957117788075128), np.float64(0.0021029421727332756), np.float64(5.5472968682839075e-05), np.float64(5.298719318216079e-05), np.float64(5.219683999613303e-05), np.float64(5.208699686513552e-05), np.float64(5.208480964216863e-05), np.float64(5.2083339760128813e-05), np.float64(5.208333507736099e-05), np.float64(5.2083340618267826e-05), np.float64(5.2083339893764016e-05), np.float64(5.208334626744158e-05), np.float64(5.2083334727091635e-05), np.float64(5.208333426455364e-05), np.float64(5.2083336055642755e-05), np.float64(5.2083339451994165e-05), np.float64(5.208333553807112e-05), np.float64(5.20833382666457e-05), np.float64(5.208333870125899e-05), np.float64(5.208333436983817e-05), np.float64(5.2083335838005676e-05), np.float64(5.208335019764505e-05), np.float64(5.208333557372027e-05), np.float64(5.208335007570516e-05), np.float64(5.208336214472828e-05), np.float64(5.20833376933631e-05), np.float64(5.2083345501891266e-05), np.float64(5.208333545244178e-05), np.float64(5.20833364206626e-05), np.float64(5.20833462476849e-05), np.float64(5.208333599601913e-05), np.float64(5.2083334833089e-05), np.float64(5.208334730958308e-05), np.float64(5.208334075348885e-05), np.float64(5.208333933364412e-05), np.float64(5.20833400684826e-05), np.float64(5.208333585506908e-05), np.float64(5.208333773799244e-05), np.float64(5.208334251165384e-05), np.float64(5.208334199903754e-05), np.float64(5.2083342414047206e-05), np.float64(5.208333403992053e-05), np.float64(5.2083343555567766e-05), np.float64(5.208333582535518e-05), np.float64(5.208334781164773e-05), np.float64(5.208333550536642e-05), np.float64(5.208334482443957e-05), np.float64(5.208333734641386e-05), np.float64(5.2083334886927816e-05), np.float64(5.20833384202439e-05), np.float64(5.208333694685294e-05), np.float64(5.2083334885384366e-05), np.float64(5.2083338049026274e-05), np.float64(5.2083336356854515e-05), np.float64(5.208333626708466e-05), np.float64(5.208333648324686e-05), np.float64(5.2083335255621546e-05), np.float64(5.208333623280164e-05), np.float64(5.208333550292638e-05), np.float64(5.2083335497073396e-05), np.float64(5.208333396404175e-05), np.float64(5.208333599500925e-05), np.float64(5.2083334624829123e-05)]
[np.float64(0.004432315264318281), np.float64(0.06517126934997074), np.float64(0.2605071441794201), np.float64(7.611552537533547e-05), np.float64(7.153104054260367e-05), np.float64(5.401935708464484e-05), np.float64(5.2169698373856407e-05), np.float64(5.210352407421455e-05), np.float64(5.20835814586843e-05), np.float64(5.208367205491768e-05), np.float64(5.2083354129116855e-05), np.float64(5.208355131877739e-05), np.float64(5.208341162034109e-05), np.float64(5.2083462259814095e-05), np.float64(5.2083343045527066e-05), np.float64(5.208338936444907e-05), np.float64(5.2083389556744016e-05), np.float64(5.208342211993157e-05), np.float64(5.2083413285376844e-05), np.float64(5.2083362630944827e-05), np.float64(5.208335683553264e-05), np.float64(5.208335289834455e-05), np.float64(5.208340311809276e-05), np.float64(5.2083343474664566e-05), np.float64(5.208339829180234e-05), np.float64(5.2083612581522484e-05), np.float64(5.208336225738e-05), np.float64(5.208338530177725e-05), np.float64(5.2083413864973165e-05), np.float64(5.2083342922702275e-05), np.float64(5.208346152337988e-05), np.float64(5.208334349786378e-05), np.float64(5.208355477769235e-05), np.float64(5.2083393989547146e-05), np.float64(5.208336900608367e-05), np.float64(5.208346871493173e-05), np.float64(5.208370088423878e-05), np.float64(5.208338924778247e-05), np.float64(5.208339478705966e-05), np.float64(5.2083345480743896e-05), np.float64(5.208334418813768e-05), np.float64(5.208340389504253e-05), np.float64(5.2083337395604425e-05), np.float64(5.208336969262853e-05), np.float64(5.2083349067415024e-05), np.float64(5.2083446627837635e-05), np.float64(5.2083347252093124e-05), np.float64(5.208355545206356e-05), np.float64(5.2083348710003726e-05), np.float64(5.208336530889359e-05), np.float64(5.208344722783011e-05), np.float64(5.208334179605874e-05), np.float64(5.2083338144106495e-05), np.float64(5.20833341848939e-05), np.float64(5.2083350258341085e-05), np.float64(5.208336681901299e-05), np.float64(5.208337004095901e-05), np.float64(5.2083347151455534e-05), np.float64(5.208337134665825e-05), np.float64(5.2083338866602336e-05), np.float64(5.208338422693136e-05), np.float64(5.208341487165645e-05), np.float64(5.2083441818807345e-05), np.float64(5.208333631171413e-05)]
Total probability = 1.0000
Success probability = 0.0000
Inconclusive probability = 1.0000

ideal_distrib
[np.float64(0.187014512922455), np.float64(0.18701451292245747), np.float64(0.18701451292246687), np.float64(0.43895646123262066)]
result_distrib
[np.float64(9.4089314435237e-09), np.float64(5.533113574013778e-09), np.float64(7.387767609685526e-09), np.float64(1.0000000225630064)]
Params:
[0.0007077344167106739, 0.06894280337250047, 0.002153210109799419, 0.4390276487666926, 0.9696953440840586, 0.9742686028399021]
===============================================================================
                                     CVXPY                                     
                                     v1.6.0                                    
===============================================================================
(CVXPY) May 15 02:13:51 PM: Your problem has 16384 variables, 20486 constraints, and 0 parameters.
(CVXPY) May 15 02:13:51 PM: It is compliant with the following grammars: DCP, DQCP
(CVXPY) May 15 02:13:51 PM: (If you need to solve this problem multiple times, but with different data, consider using parameters.)
(CVXPY) May 15 02:13:51 PM: CVXPY will first compile your problem; then, it will invoke a numerical solver to obtain a solution.
(CVXPY) May 15 02:13:51 PM: Your problem is compiled with the CPP canonicalization backend.
-------------------------------------------------------------------------------
                                  Compilation                                  
-------------------------------------------------------------------------------
(CVXPY) May 15 02:13:51 PM: Compiling problem (target solver=SCS).
(CVXPY) May 15 02:13:51 PM: Reduction chain: Complex2Real -> FlipObjective -> Dcp2Cone -> CvxAttr2Constr -> ConeMatrixStuffing -> SCS
(CVXPY) May 15 02:13:51 PM: Applying reduction Complex2Real
(CVXPY) May 15 02:13:51 PM: Applying reduction FlipObjective
(CVXPY) May 15 02:13:51 PM: Applying reduction Dcp2Cone
(CVXPY) May 15 02:13:51 PM: Applying reduction CvxAttr2Constr
(CVXPY) May 15 02:13:51 PM: Applying reduction ConeMatrixStuffing
(CVXPY) May 15 02:13:52 PM: Applying reduction SCS
(CVXPY) May 15 02:13:52 PM: Finished problem compilation (took 7.770e-01 seconds).
-------------------------------------------------------------------------------
                                Numerical solver                               
-------------------------------------------------------------------------------
(CVXPY) May 15 02:13:52 PM: Invoking solver SCS  to obtain a solution.
------------------------------------------------------------------
	       SCS v3.2.7 - Splitting Conic Solver
	(c) Brendan O'Donoghue, Stanford University, 2012
------------------------------------------------------------------
problem:  variables n: 16384, constraints m: 41222
cones: 	  z: primal zero / dual free vars: 8192
	  l: linear vars: 6
	  s: psd vars: 33024, ssize: 4
settings: eps_abs: 1.0e-07, eps_rel: 1.0e-07, eps_infeas: 1.0e-07
	  alpha: 1.50, scale: 1.00e-01, adaptive_scale: 1
	  max_iters: 100000, normalize: 1, rho_x: 1.00e-06
	  acceleration_lookback: 10, acceleration_interval: 10
lin-sys:  sparse-direct-amd-qdldl
	  nnz(A): 108370, nnz(P): 0
------------------------------------------------------------------
 iter | pri res | dua res |   gap   |   obj   |  scale  | time (s)
------------------------------------------------------------------
     0| 1.00e+00  1.96e-01  6.66e+00  8.60e-01  1.00e-01  4.10e-02 
   250| 2.17e-02  1.37e-03  3.80e-02 -9.15e-01  1.00e-01  2.48e+00 
   500| 4.95e-03  1.70e-04  5.41e-03 -8.21e-01  1.00e-01  5.28e+00 
   750| 5.45e-03  4.18e-05  1.27e-03 -8.03e-01  1.00e-01  8.06e+00 
  1000| 4.81e-03  3.43e-05  1.07e-03 -7.98e-01  1.00e-01  1.08e+01 
  1250| 2.85e-03  1.76e-04  1.85e-03 -8.02e-01  3.17e-01  1.37e+01 
  1500| 2.25e-04  7.37e-06  7.67e-05 -7.80e-01  3.17e-01  1.66e+01 
  1750| 2.20e-04  5.04e-06  5.38e-05 -7.80e-01  3.17e-01  1.94e+01 
  2000| 2.17e-04  3.45e-06  3.69e-05 -7.80e-01  3.17e-01  2.22e+01 
  2250| 2.19e-04  2.29e-06  2.47e-05 -7.81e-01  3.17e-01  2.50e+01 
  2500| 3.38e-03  2.14e-03  7.90e-06 -7.74e-01  3.17e-01  2.78e+01 
  2750| 2.16e-04  1.86e-05  5.92e-08 -7.80e-01  5.29e+00  3.08e+01 
  3000| 2.01e-04  1.78e-05  5.84e-06 -7.81e-01  5.29e+00  3.39e+01 
  3250| 6.55e-01  7.55e+00  2.49e+02  1.25e+02  5.29e+00  3.71e+01 
  3500| 1.77e-04  2.89e-05  1.58e-05 -7.81e-01  5.29e+00  4.09e+01 
  3750| 1.67e-04  3.38e-05  2.00e-05 -7.81e-01  5.29e+00  4.41e+01 
  4000| 1.57e-04  3.83e-05  2.36e-05 -7.81e-01  5.29e+00  4.73e+01 
  4250| 1.49e-04  4.32e-05  2.67e-05 -7.81e-01  5.29e+00  5.05e+01 
  4500| 1.41e-04  4.74e-05  2.93e-05 -7.81e-01  5.29e+00  5.36e+01 
  4750| 1.33e-04  5.08e-05  3.14e-05 -7.81e-01  5.29e+00  5.68e+01 
  5000| 1.27e-04  5.37e-05  3.31e-05 -7.81e-01  5.29e+00  6.00e+01 
  5250| 1.20e-04  5.59e-05  3.44e-05 -7.81e-01  5.29e+00  6.31e+01 
  5500| 1.14e-04  5.76e-05  3.53e-05 -7.81e-01  5.29e+00  6.64e+01 
  5750| 1.09e-04  5.88e-05  3.60e-05 -7.81e-01  5.29e+00  6.96e+01 
  6000| 3.13e-04  3.35e-03  2.48e-06 -7.77e-01  5.29e+00  7.28e+01 
  6250| 9.91e-05  5.99e-05  3.65e-05 -7.81e-01  5.29e+00  7.60e+01 
  6500| 9.47e-05  5.99e-05  3.65e-05 -7.81e-01  5.29e+00  7.92e+01 
  6750| 9.05e-05  5.97e-05  3.63e-05 -7.81e-01  5.29e+00  8.22e+01 
  7000| 8.66e-05  5.92e-05  3.60e-05 -7.81e-01  5.29e+00  8.54e+01 
  7250| 8.29e-05  5.85e-05  3.56e-05 -7.81e-01  5.29e+00  8.85e+01 
  7500| 7.95e-05  5.77e-05  3.51e-05 -7.81e-01  5.29e+00  9.17e+01 
  7750| 7.62e-05  5.68e-05  3.45e-05 -7.81e-01  5.29e+00  9.49e+01 
  8000| 7.32e-05  5.57e-05  3.39e-05 -7.81e-01  5.29e+00  9.81e+01 
  8250| 7.03e-05  5.46e-05  3.32e-05 -7.81e-01  5.29e+00  1.01e+02 
  8500| 6.76e-05  5.35e-05  3.25e-05 -7.80e-01  5.29e+00  1.05e+02 
  8750| 2.33e-04  2.48e-03  3.79e-06 -7.77e-01  5.29e+00  1.08e+02 
  9000| 6.25e-05  5.10e-05  3.11e-05 -7.80e-01  5.29e+00  1.11e+02 
  9250| 6.02e-05  4.98e-05  3.03e-05 -7.80e-01  5.29e+00  1.14e+02 
  9500| 5.80e-05  4.85e-05  2.96e-05 -7.80e-01  5.29e+00  1.17e+02 
  9750| 5.59e-05  4.73e-05  2.88e-05 -7.80e-01  5.29e+00  1.20e+02 
 10000| 5.39e-05  4.61e-05  2.81e-05 -7.80e-01  5.29e+00  1.23e+02 
 10250| 5.20e-05  4.49e-05  2.74e-05 -7.80e-01  5.29e+00  1.27e+02 
 10500| 5.02e-05  4.37e-05  2.67e-05 -7.80e-01  5.29e+00  1.30e+02 
 10750| 4.85e-05  4.25e-05  2.60e-05 -7.80e-01  5.29e+00  1.33e+02 
 11000| 4.69e-05  4.14e-05  2.53e-05 -7.79e-01  5.29e+00  1.36e+02 
 11250| 4.53e-05  4.03e-05  2.47e-05 -7.79e-01  5.29e+00  1.39e+02 
 11500| 1.61e-04  1.72e-03  2.81e-06 -7.77e-01  5.29e+00  1.43e+02 
 11750| 4.23e-05  3.81e-05  2.34e-05 -7.79e-01  5.29e+00  1.46e+02 
 12000| 4.10e-05  3.71e-05  2.28e-05 -7.79e-01  5.29e+00  1.49e+02 
 12250| 3.96e-05  3.61e-05  2.22e-05 -7.79e-01  5.29e+00  1.52e+02 
 12500| 3.84e-05  3.51e-05  2.16e-05 -7.79e-01  5.29e+00  1.55e+02 
 12750| 3.72e-05  3.41e-05  2.10e-05 -7.79e-01  5.29e+00  1.58e+02 
 13000| 3.60e-05  3.32e-05  2.05e-05 -7.79e-01  5.29e+00  1.61e+02 
 13250| 3.49e-05  3.23e-05  1.99e-05 -7.79e-01  5.29e+00  1.65e+02 
 13500| 3.38e-05  3.15e-05  1.94e-05 -7.79e-01  5.29e+00  1.68e+02 
 13750| 3.28e-05  3.06e-05  1.89e-05 -7.79e-01  5.29e+00  1.71e+02 
 14000| 3.18e-05  2.98e-05  1.84e-05 -7.79e-01  5.29e+00  1.75e+02 
 14250| 1.04e-04  1.10e-03  1.53e-06 -7.77e-01  5.29e+00  1.78e+02 
 14500| 2.99e-05  2.82e-05  1.75e-05 -7.79e-01  5.29e+00  1.81e+02 
 14750| 2.90e-05  2.75e-05  1.70e-05 -7.78e-01  5.29e+00  1.84e+02 
 15000| 2.82e-05  2.68e-05  1.66e-05 -7.78e-01  5.29e+00  1.87e+02 
 15250| 2.74e-05  2.61e-05  1.61e-05 -7.78e-01  5.29e+00  1.90e+02 
 15500| 2.66e-05  2.54e-05  1.57e-05 -7.78e-01  5.29e+00  1.93e+02 
 15750| 2.58e-05  2.47e-05  1.53e-05 -7.78e-01  5.29e+00  1.96e+02 
 16000| 2.51e-05  2.41e-05  1.49e-05 -7.78e-01  5.29e+00  1.99e+02 
 16250| 2.44e-05  2.34e-05  1.45e-05 -7.78e-01  5.29e+00  2.03e+02 
 16500| 2.37e-05  2.28e-05  1.42e-05 -7.78e-01  5.29e+00  2.06e+02 
 16750| 2.30e-05  2.22e-05  1.38e-05 -7.78e-01  5.29e+00  2.09e+02 
 17000| 6.25e-05  6.66e-04  8.44e-07 -7.77e-01  5.29e+00  2.12e+02 
 17250| 2.17e-05  2.11e-05  1.31e-05 -7.78e-01  5.29e+00  2.15e+02 
 17500| 2.11e-05  2.06e-05  1.28e-05 -7.78e-01  5.29e+00  2.18e+02 
 17750| 2.05e-05  2.01e-05  1.25e-05 -7.78e-01  5.29e+00  2.21e+02 
 18000| 2.00e-05  1.95e-05  1.22e-05 -7.78e-01  5.29e+00  2.25e+02 
 18250| 1.94e-05  1.91e-05  1.19e-05 -7.78e-01  5.29e+00  2.28e+02 
 18500| 1.89e-05  1.86e-05  1.16e-05 -7.78e-01  5.29e+00  2.31e+02 
 18750| 1.84e-05  1.81e-05  1.13e-05 -7.78e-01  5.29e+00  2.34e+02 
 19000| 1.79e-05  1.76e-05  1.10e-05 -7.78e-01  5.29e+00  2.38e+02 
 19250| 1.74e-05  1.72e-05  1.07e-05 -7.78e-01  5.29e+00  2.41e+02 
 19500| 1.70e-05  1.68e-05  1.05e-05 -7.78e-01  5.29e+00  2.44e+02 
 19750| 3.73e-05  3.97e-04  4.76e-07 -7.77e-01  5.29e+00  2.47e+02 
 20000| 1.61e-05  1.59e-05  9.95e-06 -7.78e-01  5.29e+00  2.50e+02 
 20250| 1.56e-05  1.55e-05  9.71e-06 -7.78e-01  5.29e+00  2.53e+02 
 20500| 1.52e-05  1.52e-05  9.47e-06 -7.78e-01  5.29e+00  2.56e+02 
 20750| 1.48e-05  1.48e-05  9.24e-06 -7.78e-01  5.29e+00  2.59e+02 
 21000| 1.44e-05  1.44e-05  9.01e-06 -7.78e-01  5.29e+00  2.62e+02 
 21250| 1.41e-05  1.41e-05  8.79e-06 -7.78e-01  5.29e+00  2.66e+02 
 21500| 1.37e-05  1.37e-05  8.58e-06 -7.78e-01  5.29e+00  2.69e+02 
 21750| 1.33e-05  1.34e-05  8.37e-06 -7.78e-01  5.29e+00  2.72e+02 
 22000| 1.30e-05  1.31e-05  8.16e-06 -7.78e-01  5.29e+00  2.75e+02 
 22250| 1.27e-05  1.27e-05  7.97e-06 -7.77e-01  5.29e+00  2.78e+02 
 22500| 2.22e-05  2.37e-04  2.70e-07 -7.77e-01  5.29e+00  2.81e+02 
 22750| 1.20e-05  1.21e-05  7.59e-06 -7.77e-01  5.29e+00  2.84e+02 
 23000| 1.17e-05  1.18e-05  7.40e-06 -7.77e-01  5.29e+00  2.87e+02 
 23250| 1.14e-05  1.15e-05  7.22e-06 -7.77e-01  5.29e+00  2.91e+02 
 23500| 1.11e-05  1.13e-05  7.05e-06 -7.77e-01  5.29e+00  2.94e+02 
 23750| 1.08e-05  1.10e-05  6.88e-06 -7.77e-01  5.29e+00  2.97e+02 
 24000| 1.06e-05  1.07e-05  6.71e-06 -7.77e-01  5.29e+00  3.00e+02 
 24250| 1.03e-05  1.05e-05  6.55e-06 -7.77e-01  5.29e+00  3.04e+02 
 24500| 1.00e-05  1.02e-05  6.40e-06 -7.77e-01  5.29e+00  3.07e+02 
 24750| 9.80e-06  9.96e-06  6.24e-06 -7.77e-01  5.29e+00  3.10e+02 
 25000| 9.55e-06  9.72e-06  6.09e-06 -7.77e-01  5.29e+00  3.13e+02 
 25250| 1.32e-05  1.41e-04  1.55e-07 -7.77e-01  5.29e+00  3.16e+02 
 25500| 9.08e-06  9.26e-06  5.81e-06 -7.77e-01  5.29e+00  3.19e+02 
 25750| 8.86e-06  9.04e-06  5.67e-06 -7.77e-01  5.29e+00  3.22e+02 
 26000| 8.64e-06  8.82e-06  5.53e-06 -7.77e-01  5.29e+00  3.25e+02 
 26250| 8.42e-06  8.61e-06  5.40e-06 -7.77e-01  5.29e+00  3.29e+02 
 26500| 8.21e-06  8.40e-06  5.27e-06 -7.77e-01  5.29e+00  3.32e+02 
 26750| 8.01e-06  8.20e-06  5.15e-06 -7.77e-01  5.29e+00  3.35e+02 
 27000| 7.81e-06  8.01e-06  5.03e-06 -7.77e-01  5.29e+00  3.38e+02 
 27250| 7.62e-06  7.82e-06  4.91e-06 -7.77e-01  5.29e+00  3.41e+02 
 27500| 7.43e-06  7.63e-06  4.79e-06 -7.77e-01  5.29e+00  3.44e+02 
 27750| 7.25e-06  7.45e-06  4.68e-06 -7.77e-01  5.29e+00  3.47e+02 
 28000| 7.89e-06  8.41e-05  9.34e-08 -7.77e-01  5.29e+00  3.50e+02 
 28250| 6.90e-06  7.10e-06  4.46e-06 -7.77e-01  5.29e+00  3.54e+02 
 28500| 6.73e-06  6.93e-06  4.35e-06 -7.77e-01  5.29e+00  3.57e+02 
 28750| 6.57e-06  6.77e-06  4.25e-06 -7.77e-01  5.29e+00  3.60e+02 
 29000| 6.41e-06  6.61e-06  4.15e-06 -7.77e-01  5.29e+00  3.63e+02 
 29250| 6.25e-06  6.45e-06  4.05e-06 -7.77e-01  5.29e+00  3.66e+02 
 29500| 6.10e-06  6.30e-06  3.96e-06 -7.77e-01  5.29e+00  3.69e+02 
 29750| 5.96e-06  6.15e-06  3.86e-06 -7.77e-01  5.29e+00  3.73e+02 
 30000| 5.81e-06  6.00e-06  3.77e-06 -7.77e-01  5.29e+00  3.76e+02 
 30250| 5.67e-06  5.86e-06  3.69e-06 -7.77e-01  5.29e+00  3.79e+02 
 30500| 5.53e-06  5.72e-06  3.60e-06 -7.77e-01  5.29e+00  3.82e+02 
 30750| 4.71e-06  5.02e-05  5.44e-08 -7.77e-01  5.29e+00  3.85e+02 
 31000| 5.27e-06  5.46e-06  3.43e-06 -7.77e-01  5.29e+00  3.88e+02 
 31250| 5.14e-06  5.33e-06  3.35e-06 -7.77e-01  5.29e+00  3.91e+02 
 31500| 5.02e-06  5.20e-06  3.27e-06 -7.77e-01  5.29e+00  3.95e+02 
 31750| 4.90e-06  5.08e-06  3.20e-06 -7.77e-01  5.29e+00  3.98e+02 
 32000| 4.78e-06  4.96e-06  3.12e-06 -7.77e-01  5.29e+00  4.01e+02 
 32250| 4.67e-06  4.85e-06  3.05e-06 -7.77e-01  5.29e+00  4.04e+02 
 32375| 2.28e-08  4.17e-08  1.59e-08 -7.77e-01  5.29e+00  4.05e+02 
------------------------------------------------------------------
status:  solved
timings: total: 4.05e+02s = setup: 3.42e-02s + solve: 4.05e+02s
	 lin-sys: 3.58e+01s, cones: 3.61e+02s, accel: 1.82e+00s
------------------------------------------------------------------
objective = -0.776679
------------------------------------------------------------------
-------------------------------------------------------------------------------
                                    Summary                                    
-------------------------------------------------------------------------------
(CVXPY) May 15 02:21:05 PM: Problem status: optimal
(CVXPY) May 15 02:21:05 PM: Optimal value: 7.767e-01
(CVXPY) May 15 02:21:05 PM: Compilation took 7.770e-01 seconds
(CVXPY) May 15 02:21:05 PM: Solver (including time spent in interface) took 4.339e+02 seconds
Result = 0.7766787631667216
CVXPY returns optimal
bitstring_to_target_state
{0: 0, 1: 1, 2: 2, 3: 3, 4: 3, 5: 3, 6: 3, 7: 3, 8: 3, 9: 3, 10: 3, 11: 3, 12: 3, 13: 3, 14: 3, 15: 3, 16: 3, 17: 3, 18: 3, 19: 3, 20: 3, 21: 3, 22: 3, 23: 3, 24: 3, 25: 3, 26: 3, 27: 3, 28: 3, 29: 3, 30: 3, 31: 3, 32: 3, 33: 3, 34: 3, 35: 3, 36: 3, 37: 3, 38: 3, 39: 3, 40: 3, 41: 3, 42: 3, 43: 3, 44: 3, 45: 3, 46: 3, 47: 3, 48: 3, 49: 3, 50: 3, 51: 3, 52: 3, 53: 3, 54: 3, 55: 3, 56: 3, 57: 3, 58: 3, 59: 3, 60: 3, 61: 3, 62: 3, 63: 3, 64: 3, 65: 3}
strings_used
66
Probabilities for each state:
[np.float64(0.24670607721162657), np.float64(0.00010197281748638148), np.float64(7.276040257342849e-05), np.float64(5.208333332893049e-05), np.float64(5.2083333328926204e-05), np.float64(5.208333332892615e-05), np.float64(5.2083333328926096e-05), np.float64(5.2083333328926116e-05), np.float64(5.208333332892605e-05), np.float64(5.208333332892601e-05), np.float64(5.208333332892596e-05), np.float64(5.208333332892595e-05), np.float64(5.208333332892598e-05), np.float64(5.208333332892595e-05), np.float64(5.20833333289259e-05), np.float64(5.208333332892588e-05), np.float64(5.2083333328925885e-05), np.float64(5.208333332892588e-05), np.float64(5.2083333328925845e-05), np.float64(5.2083333328925845e-05), np.float64(5.208333332892577e-05), np.float64(5.208333332892579e-05), np.float64(5.208333332892579e-05), np.float64(5.208333332892577e-05), np.float64(5.208333332892577e-05), np.float64(5.2083333328925763e-05), np.float64(5.2083333328925716e-05), np.float64(5.2083333328925716e-05), np.float64(5.2083333328925716e-05), np.float64(5.2083333328925716e-05), np.float64(5.208333332892563e-05), np.float64(5.208333332892564e-05), np.float64(5.2083333328925635e-05), np.float64(5.208333332892566e-05), np.float64(5.208333332892553e-05), np.float64(5.2083333328925574e-05), np.float64(5.208333332892553e-05), np.float64(5.2083333328925553e-05), np.float64(5.208333332892552e-05), np.float64(5.208333332892549e-05), np.float64(5.208333332892553e-05), np.float64(5.208333332892549e-05), np.float64(5.208333332892545e-05), np.float64(5.208333332892548e-05), np.float64(5.2083333328925465e-05), np.float64(5.2083333328925425e-05), np.float64(5.208333332892539e-05), np.float64(5.208333332892536e-05), np.float64(5.208333332892536e-05), np.float64(5.2083333328925384e-05), np.float64(5.208333332892534e-05), np.float64(5.208333332892534e-05), np.float64(5.2083333328925316e-05), np.float64(5.20833333289253e-05), np.float64(5.208333332892528e-05), np.float64(5.208333332892522e-05), np.float64(5.208333332892522e-05), np.float64(5.208333332892525e-05), np.float64(5.2083333328925154e-05), np.float64(5.208333332892511e-05), np.float64(5.2083333328925066e-05), np.float64(5.208333332892503e-05), np.float64(5.208333332892305e-05), np.float64(5.208333332891946e-05), np.float64(0.07683161622903206), np.float64(0.006443828070740761)]
[np.float64(0.010022684158558958), np.float64(0.27750458225101826), np.float64(0.010525952248551476), np.float64(5.208333332893041e-05), np.float64(5.20833333289262e-05), np.float64(5.208333332892615e-05), np.float64(5.2083333328926096e-05), np.float64(5.2083333328926116e-05), np.float64(5.208333332892605e-05), np.float64(5.208333332892601e-05), np.float64(5.208333332892596e-05), np.float64(5.208333332892595e-05), np.float64(5.208333332892597e-05), np.float64(5.208333332892596e-05), np.float64(5.20833333289259e-05), np.float64(5.208333332892588e-05), np.float64(5.208333332892588e-05), np.float64(5.208333332892588e-05), np.float64(5.208333332892583e-05), np.float64(5.208333332892583e-05), np.float64(5.208333332892577e-05), np.float64(5.20833333289258e-05), np.float64(5.208333332892579e-05), np.float64(5.208333332892577e-05), np.float64(5.208333332892577e-05), np.float64(5.2083333328925763e-05), np.float64(5.208333332892572e-05), np.float64(5.2083333328925716e-05), np.float64(5.2083333328925716e-05), np.float64(5.2083333328925716e-05), np.float64(5.208333332892563e-05), np.float64(5.208333332892564e-05), np.float64(5.208333332892564e-05), np.float64(5.208333332892566e-05), np.float64(5.208333332892555e-05), np.float64(5.2083333328925574e-05), np.float64(5.208333332892553e-05), np.float64(5.2083333328925553e-05), np.float64(5.2083333328925526e-05), np.float64(5.208333332892549e-05), np.float64(5.2083333328925526e-05), np.float64(5.208333332892548e-05), np.float64(5.208333332892545e-05), np.float64(5.2083333328925465e-05), np.float64(5.2083333328925465e-05), np.float64(5.2083333328925425e-05), np.float64(5.208333332892539e-05), np.float64(5.208333332892536e-05), np.float64(5.208333332892536e-05), np.float64(5.2083333328925384e-05), np.float64(5.208333332892536e-05), np.float64(5.208333332892534e-05), np.float64(5.2083333328925316e-05), np.float64(5.20833333289253e-05), np.float64(5.208333332892528e-05), np.float64(5.208333332892522e-05), np.float64(5.208333332892522e-05), np.float64(5.208333332892525e-05), np.float64(5.208333332892517e-05), np.float64(5.208333332892512e-05), np.float64(5.2083333328925066e-05), np.float64(5.208333332892504e-05), np.float64(5.2083333328923466e-05), np.float64(5.208333332892362e-05), np.float64(0.004268183181732554), np.float64(0.02783485684409436)]
[np.float64(0.00020225225871383853), np.float64(0.00034255786242950336), np.float64(0.25246810440240025), np.float64(5.208333332893043e-05), np.float64(5.20833333289262e-05), np.float64(5.208333332892615e-05), np.float64(5.2083333328926096e-05), np.float64(5.2083333328926116e-05), np.float64(5.208333332892605e-05), np.float64(5.208333332892601e-05), np.float64(5.208333332892597e-05), np.float64(5.208333332892595e-05), np.float64(5.208333332892598e-05), np.float64(5.208333332892595e-05), np.float64(5.20833333289259e-05), np.float64(5.208333332892588e-05), np.float64(5.208333332892588e-05), np.float64(5.208333332892588e-05), np.float64(5.2083333328925845e-05), np.float64(5.208333332892583e-05), np.float64(5.208333332892577e-05), np.float64(5.208333332892578e-05), np.float64(5.208333332892579e-05), np.float64(5.208333332892577e-05), np.float64(5.2083333328925763e-05), np.float64(5.208333332892575e-05), np.float64(5.208333332892572e-05), np.float64(5.2083333328925716e-05), np.float64(5.2083333328925716e-05), np.float64(5.208333332892571e-05), np.float64(5.208333332892563e-05), np.float64(5.208333332892564e-05), np.float64(5.208333332892564e-05), np.float64(5.208333332892566e-05), np.float64(5.208333332892553e-05), np.float64(5.2083333328925574e-05), np.float64(5.208333332892553e-05), np.float64(5.2083333328925553e-05), np.float64(5.208333332892552e-05), np.float64(5.208333332892548e-05), np.float64(5.2083333328925526e-05), np.float64(5.208333332892548e-05), np.float64(5.208333332892545e-05), np.float64(5.2083333328925465e-05), np.float64(5.208333332892547e-05), np.float64(5.2083333328925425e-05), np.float64(5.2083333328925384e-05), np.float64(5.208333332892536e-05), np.float64(5.208333332892536e-05), np.float64(5.2083333328925384e-05), np.float64(5.2083333328925337e-05), np.float64(5.2083333328925337e-05), np.float64(5.2083333328925316e-05), np.float64(5.20833333289253e-05), np.float64(5.208333332892528e-05), np.float64(5.208333332892522e-05), np.float64(5.208333332892522e-05), np.float64(5.208333332892525e-05), np.float64(5.2083333328925154e-05), np.float64(5.208333332892512e-05), np.float64(5.2083333328925066e-05), np.float64(5.208333332892503e-05), np.float64(5.2083333328923277e-05), np.float64(5.208333332891838e-05), np.float64(0.06793413965874814), np.float64(0.009209208679132212)]
Total probability = 1.0000
Success probability = 0.7767
Inconclusive probability = 0.2021

ideal_distrib
[np.float64(0.187014512922455), np.float64(0.18701451292245747), np.float64(0.18701451292246687), np.float64(0.43895646123262066)]
result_distrib
[np.float64(0.24670607694346552), np.float64(0.2775045819295103), np.float64(0.25246810429374583), np.float64(0.2020530826626735)]
Params:
[0.0, 0.2018129031285548, 0.459951042076727, 0.45551556932447296, 0.35739825248247564, 0.22118941272674114]
===============================================================================
                                     CVXPY                                     
                                     v1.6.0                                    
===============================================================================
(CVXPY) May 15 02:21:06 PM: Your problem has 16384 variables, 20486 constraints, and 0 parameters.
(CVXPY) May 15 02:21:06 PM: It is compliant with the following grammars: DCP, DQCP
(CVXPY) May 15 02:21:06 PM: (If you need to solve this problem multiple times, but with different data, consider using parameters.)
(CVXPY) May 15 02:21:06 PM: CVXPY will first compile your problem; then, it will invoke a numerical solver to obtain a solution.
(CVXPY) May 15 02:21:06 PM: Your problem is compiled with the CPP canonicalization backend.
-------------------------------------------------------------------------------
                                  Compilation                                  
-------------------------------------------------------------------------------
(CVXPY) May 15 02:21:06 PM: Compiling problem (target solver=SCS).
(CVXPY) May 15 02:21:06 PM: Reduction chain: Complex2Real -> FlipObjective -> Dcp2Cone -> CvxAttr2Constr -> ConeMatrixStuffing -> SCS
(CVXPY) May 15 02:21:06 PM: Applying reduction Complex2Real
(CVXPY) May 15 02:21:06 PM: Applying reduction FlipObjective
(CVXPY) May 15 02:21:06 PM: Applying reduction Dcp2Cone
(CVXPY) May 15 02:21:06 PM: Applying reduction CvxAttr2Constr
(CVXPY) May 15 02:21:06 PM: Applying reduction ConeMatrixStuffing
(CVXPY) May 15 02:21:07 PM: Applying reduction SCS
(CVXPY) May 15 02:21:07 PM: Finished problem compilation (took 8.313e-01 seconds).
-------------------------------------------------------------------------------
                                Numerical solver                               
-------------------------------------------------------------------------------
(CVXPY) May 15 02:21:07 PM: Invoking solver SCS  to obtain a solution.
------------------------------------------------------------------
	       SCS v3.2.7 - Splitting Conic Solver
	(c) Brendan O'Donoghue, Stanford University, 2012
------------------------------------------------------------------
problem:  variables n: 16384, constraints m: 41222
cones: 	  z: primal zero / dual free vars: 8192
	  l: linear vars: 6
	  s: psd vars: 33024, ssize: 4
settings: eps_abs: 1.0e-07, eps_rel: 1.0e-07, eps_infeas: 1.0e-07
	  alpha: 1.50, scale: 1.00e-01, adaptive_scale: 1
	  max_iters: 100000, normalize: 1, rho_x: 1.00e-06
	  acceleration_lookback: 10, acceleration_interval: 10
lin-sys:  sparse-direct-amd-qdldl
	  nnz(A): 106290, nnz(P): 0
------------------------------------------------------------------
 iter | pri res | dua res |   gap   |   obj   |  scale  | time (s)
------------------------------------------------------------------
     0| 1.27e+00  2.71e-01  6.78e+00  5.13e-01  1.00e-01  4.06e-02 
   250| 6.23e-03  1.25e-04  3.54e-03 -9.57e-01  1.00e-01  2.36e+00 
   500| 3.69e-03  1.35e-04  3.73e-03 -9.53e-01  1.00e-01  4.70e+00 
   750| 2.06e-03  6.64e-05  1.84e-03 -9.54e-01  1.00e-01  7.23e+00 
  1000| 1.77e-03  6.72e-05  1.85e-03 -9.53e-01  1.00e-01  1.02e+01 
  1250| 1.28e-03  3.57e-05  1.06e-03 -9.54e-01  1.00e-01  1.31e+01 
  1500| 1.15e-03  3.69e-05  1.02e-03 -9.54e-01  1.00e-01  1.60e+01 
  1750| 1.05e-03  3.57e-05  9.88e-04 -9.53e-01  1.00e-01  1.91e+01 
  2000| 9.64e-04  3.47e-05  9.58e-04 -9.53e-01  1.00e-01  2.22e+01 
  2250| 8.93e-04  3.38e-05  9.32e-04 -9.52e-01  1.00e-01  2.51e+01 
  2500| 8.32e-04  3.30e-05  9.10e-04 -9.52e-01  1.00e-01  2.80e+01 
  2750| 2.44e+00  3.42e-01  6.78e+00  1.52e+00  1.00e-01  3.10e+01 
  3000| 7.35e-04  3.18e-05  8.75e-04 -9.52e-01  1.00e-01  3.41e+01 
  3250| 6.97e-04  3.14e-05  8.62e-04 -9.51e-01  1.00e-01  3.70e+01 
  3500| 6.64e-04  3.10e-05  8.52e-04 -9.51e-01  1.00e-01  4.00e+01 
  3750| 6.35e-04  3.08e-05  8.45e-04 -9.51e-01  1.00e-01  4.30e+01 
  4000| 6.11e-04  3.06e-05  8.41e-04 -9.51e-01  1.00e-01  4.60e+01 
  4250| 5.90e-04  3.06e-05  8.39e-04 -9.50e-01  1.00e-01  4.91e+01 
  4500| 5.73e-04  3.06e-05  8.39e-04 -9.50e-01  1.00e-01  5.25e+01 
  4750| 5.58e-04  3.08e-05  8.43e-04 -9.50e-01  1.00e-01  5.59e+01 
  5000| 5.46e-04  3.10e-05  8.49e-04 -9.50e-01  1.00e-01  5.88e+01 
  5250| 5.37e-04  3.14e-05  8.58e-04 -9.50e-01  1.00e-01  6.18e+01 
  5500| 2.25e+00  3.43e-01  6.78e+00  1.46e+00  1.00e-01  6.46e+01 
  5750| 5.26e-04  3.24e-05  8.87e-04 -9.49e-01  1.00e-01  6.76e+01 
  6000| 5.24e-04  3.32e-05  9.07e-04 -9.49e-01  1.00e-01  7.06e+01 
  6250| 5.24e-04  3.40e-05  9.31e-04 -9.49e-01  1.00e-01  7.35e+01 
  6500| 5.27e-04  3.51e-05  9.60e-04 -9.49e-01  1.00e-01  7.64e+01 
  6750| 5.33e-04  3.64e-05  9.95e-04 -9.48e-01  1.00e-01  7.94e+01 
  7000| 5.42e-04  3.79e-05  1.04e-03 -9.48e-01  1.00e-01  8.24e+01 
  7250| 5.54e-04  3.97e-05  1.09e-03 -9.48e-01  1.00e-01  8.55e+01 
  7500| 5.70e-04  4.19e-05  1.14e-03 -9.48e-01  1.00e-01  8.85e+01 
  7750| 5.91e-04  4.45e-05  1.21e-03 -9.47e-01  1.00e-01  9.15e+01 
  8000| 6.18e-04  4.76e-05  1.30e-03 -9.47e-01  1.00e-01  9.46e+01 
  8250| 3.90e-02  7.89e-03  8.69e-07 -9.47e-01  1.00e-01  9.74e+01 
  8500| 6.95e-04  5.62e-05  1.53e-03 -9.47e-01  1.00e-01  1.00e+02 
  8750| 7.60e-04  6.21e-05  1.69e-03 -9.46e-01  1.00e-01  1.03e+02 
  9000| 8.53e-04  6.98e-05  1.90e-03 -9.46e-01  1.00e-01  1.06e+02 
  9250| 9.77e-04  8.00e-05  2.18e-03 -9.45e-01  1.00e-01  1.10e+02 
  9500| 1.15e-03  9.42e-05  2.57e-03 -9.44e-01  1.00e-01  1.13e+02 
  9750| 1.40e-03  1.15e-04  3.13e-03 -9.43e-01  1.00e-01  1.16e+02 
 10000| 1.81e-03  1.49e-04  4.05e-03 -9.42e-01  1.00e-01  1.20e+02 
 10250| 2.57e-03  2.11e-04  5.73e-03 -9.39e-01  1.00e-01  1.23e+02 
 10500| 4.45e-03  3.65e-04  9.95e-03 -9.32e-01  1.00e-01  1.25e+02 
 10750| 1.70e-02  1.40e-03  3.80e-02 -8.87e-01  1.00e-01  1.28e+02 
 11000| 3.58e+00  7.26e-01  1.18e-02  3.27e-01  1.00e-01  1.30e+02 
 11250| 3.98e-03  2.54e-04  8.43e-03 -3.04e-01  1.00e-01  1.32e+02 
 11500| 3.42e-03  5.21e-04  1.18e-02 -2.90e-01  1.00e-01  1.35e+02 
 11750| 3.78e-04  3.93e-05  1.23e-03 -2.94e-01  1.00e-01  1.38e+02 
 12000| 6.72e-04  1.86e-04  6.47e-04 -2.93e-01  1.00e-01  1.41e+02 
 12250| 1.18e-03  1.40e-04  2.44e-03 -2.90e-01  1.00e-01  1.44e+02 
 12500| 6.80e-04  1.24e-04  4.32e-03 -2.88e-01  1.00e-01  1.47e+02 
 12750| 1.06e-02  2.43e-03  1.16e-01 -2.52e-01  1.00e-01  1.50e+02 
 13000| 1.69e-02  5.08e-03  6.24e-02 -2.90e-01  1.00e-01  1.53e+02 
 13250| 1.63e-03  2.52e-04  4.39e-03 -2.86e-01  1.00e-01  1.55e+02 
 13500| 3.42e-03  6.25e-04  2.36e-03 -2.84e-01  1.00e-01  1.58e+02 
 13750| 3.88e-03  4.66e-04  1.55e-02 -2.92e-01  1.00e-01  1.60e+02 
 14000| 4.81e-03  6.55e-04  2.85e-02 -2.93e-01  1.00e-01  1.63e+02 
 14250| 3.54e-02  9.98e-03  2.28e-01 -3.16e-01  1.00e-01  1.66e+02 
 14500| 3.29e+00  2.19e-01  5.39e+00 -3.87e+00  1.00e-01  1.68e+02 
 14750| 3.51e+00  2.42e-01  9.44e+00 -3.87e-01  1.00e-01  1.71e+02 
 15000| 1.83e+13  1.97e+12  5.05e+12  2.69e+13  1.00e-01  1.74e+02 
 15250| 2.20e+12  3.71e+11  5.81e+11  3.95e+11  1.00e-01  1.76e+02 
 15500| 7.31e+00  1.10e+00  4.29e+00 -1.91e+00  1.00e-01  1.79e+02 
 15750| 4.92e-01  1.40e-02  8.19e+00 -4.49e+00  1.00e-01  1.81e+02 
 16000| 1.36e+00  1.76e-01  1.37e+01 -4.14e+00  1.00e-01  1.84e+02 
 16250| 2.83e+13  2.25e+12  1.60e+13  3.61e+13  1.00e-01  1.86e+02 
 16500| 2.28e+13  1.94e+12  1.48e+13  2.92e+13  1.00e-01  1.89e+02 
 16750| 2.10e+13  1.98e+12  8.48e+12  3.13e+13  1.00e-01  1.91e+02 
 17000| 6.59e+12  5.47e+11  4.12e+12  8.46e+12  1.00e-01  1.94e+02 
 17250| 2.68e+00  1.48e-01  5.58e+00 -6.70e+00  1.00e-01  1.96e+02 
 17500| 3.37e+00  8.64e-02  9.02e+00 -1.80e-01  1.00e-01  1.98e+02 
 17750| 4.06e+00  8.17e-01  1.59e+01 -8.22e+00  1.00e-01  2.01e+02 
 18000| 6.27e+12  3.55e+11  2.78e+13 -3.94e+12  1.00e-01  2.03e+02 
 18250| 4.76e+12  7.73e+11  2.01e+13 -3.00e+12  1.00e-01  2.05e+02 
 18500| 9.54e+11  9.45e+10  3.65e+12 -4.61e+11  1.00e-01  2.08e+02 
 18750| 3.31e+00  4.36e-01  4.56e+00 -3.76e+00  1.00e-01  2.10e+02 
 19000| 5.24e+12  3.43e+11  2.74e+13 -3.96e+12  1.00e-01  2.13e+02 
 19250| 4.27e+12  3.38e+11  5.63e+12  1.20e+12  1.00e-01  2.15e+02 
 19500| 3.89e+01  2.81e+00  8.78e+01  1.50e+00  1.00e-01  2.17e+02 
 19750| 1.26e+01  3.22e-01  5.51e+00 -4.53e+00  1.00e-01  2.19e+02 
 20000| 2.19e+00  1.15e-01  8.96e+00 -1.75e+00  1.00e-01  2.22e+02 
 20250| 8.27e+00  8.65e-01  4.75e+00 -4.09e+00  1.00e-01  2.24e+02 
 20500| 6.64e-01  4.62e-02  3.45e+00  2.92e-01  1.00e-01  2.26e+02 
 20750| 7.71e-01  3.54e-02  3.36e+00  2.50e-01  1.00e-01  2.28e+02 
 21000| 5.57e-01  2.98e-02  2.06e+00 -1.85e-02  1.00e-01  2.31e+02 
 21250| 5.97e+00  8.38e-01  8.33e+00 -2.00e+00  1.00e-01  2.33e+02 
 21500| 1.94e-01  4.99e-03  8.34e+00 -4.39e+00  1.00e-01  2.36e+02 
 21750| 1.89e-01  8.13e-04  8.36e+00 -4.30e+00  1.00e-01  2.38e+02 
 22000| 6.44e-01  5.14e-03  8.29e+00 -4.24e+00  1.00e-01  2.41e+02 
 22250| 3.31e+00  3.46e-02  8.02e+00 -4.01e+00  1.00e-01  2.43e+02 
 22500| 7.72e+00  4.54e-02  7.19e+00 -3.36e+00  1.00e-01  2.46e+02 
 22750| 9.40e+00  8.31e-02  7.03e+00 -2.84e+00  1.00e-01  2.49e+02 
 23000| 1.07e+01  6.92e-02  7.52e+00 -3.10e+00  1.00e-01  2.51e+02 
 23250| 9.25e+01  4.56e+00  1.13e+01 -5.02e+00  1.00e-01  2.54e+02 
 23500| 9.86e+00  6.17e-02  7.04e+00 -3.38e+00  1.00e-01  2.56e+02 
 23750| 9.52e+00  6.31e-02  7.24e+00 -3.17e+00  1.00e-01  2.59e+02 
 24000| 9.10e+00  3.65e-02  7.38e+00 -3.11e+00  1.00e-01  2.61e+02 
 24250| 8.13e+00  6.72e-02  7.58e+00 -3.08e+00  1.00e-01  2.63e+02 
 24500| 1.01e+01  5.01e-02  7.32e+00 -3.09e+00  1.00e-01  2.66e+02 
 24750| 8.85e+00  4.01e-02  7.35e+00 -3.23e+00  1.00e-01  2.68e+02 
 25000| 8.63e+00  7.40e-02  7.30e+00 -3.17e+00  1.00e-01  2.71e+02 
 25250| 8.71e+00  5.36e-02  7.16e+00 -3.28e+00  1.00e-01  2.74e+02 
 25500| 1.00e+01  8.76e-02  7.15e+00 -3.09e+00  1.00e-01  2.76e+02 
 25750| 8.75e+00  4.71e-02  7.15e+00 -3.12e+00  1.00e-01  2.79e+02 
 26000| 8.92e+00  7.52e-02  7.50e+00 -3.23e+00  1.00e-01  2.81e+02 
 26250| 8.39e+00  8.15e-02  7.29e+00 -3.17e+00  1.00e-01  2.84e+02 
 26500| 8.90e+00  6.85e-02  7.49e+00 -2.99e+00  1.00e-01  2.86e+02 
 26750| 5.56e+01  6.75e+00  5.72e+00 -1.99e+01  1.00e-01  2.88e+02 
 27000| 9.27e+00  6.28e-02  7.00e+00 -3.11e+00  1.00e-01  2.91e+02 
 27250| 8.25e+00  5.62e-02  7.35e+00 -3.20e+00  1.00e-01  2.93e+02 
 27500| 7.70e+00  3.27e-02  7.02e+00 -3.13e+00  1.00e-01  2.96e+02 
 27750| 7.81e+00  7.06e-02  7.40e+00 -3.15e+00  1.00e-01  2.98e+02 
 28000| 9.49e+00  7.53e-02  7.63e+00 -3.19e+00  1.00e-01  3.01e+02 
 28250| 9.36e+00  6.74e-02  7.23e+00 -3.03e+00  1.00e-01  3.03e+02 
 28500| 8.54e+00  7.46e-02  7.43e+00 -3.24e+00  1.00e-01  3.05e+02 
 28750| 8.86e+00  7.47e-02  7.70e+00 -3.00e+00  1.00e-01  3.08e+02 
 29000| 8.41e+00  6.87e-02  7.30e+00 -3.03e+00  1.00e-01  3.10e+02 
 29250| 8.68e+00  1.65e-01  7.23e+00 -3.34e+00  1.00e-01  3.13e+02 
 29500| 9.22e+00  3.24e-02  7.40e+00 -2.81e+00  1.00e-01  3.16e+02 
 29750| 9.97e+00  4.19e-02  6.98e+00 -3.26e+00  1.00e-01  3.18e+02 
 30000| 1.01e+01  6.35e-02  7.53e+00 -3.06e+00  1.00e-01  3.21e+02 
 30250| 8.62e+00  3.44e-02  7.51e+00 -3.16e+00  1.00e-01  3.24e+02 
 30500| 9.32e+00  4.51e-02  7.35e+00 -3.26e+00  1.00e-01  3.26e+02 
 30750| 9.63e+00  2.14e-02  7.12e+00 -3.22e+00  1.00e-01  3.29e+02 
 31000| 8.06e+00  8.84e-02  7.16e+00 -3.04e+00  1.00e-01  3.31e+02 
 31250| 8.38e+00  4.58e-02  6.95e+00 -3.05e+00  1.00e-01  3.34e+02 
 31500| 9.03e+00  6.14e-02  7.27e+00 -2.96e+00  1.00e-01  3.37e+02 
 31750| 1.09e+01  5.24e-02  7.02e+00 -3.10e+00  1.00e-01  3.40e+02 
 32000| 8.76e+00  5.60e-02  7.42e+00 -3.11e+00  1.00e-01  3.42e+02 
 32250| 9.53e+00  7.10e-02  7.61e+00 -3.24e+00  1.00e-01  3.45e+02 
 32500| 8.79e+00  7.61e-02  7.11e+00 -3.10e+00  1.00e-01  3.47e+02 
 32750| 1.03e+01  4.39e-02  7.13e+00 -2.94e+00  1.00e-01  3.50e+02 
 33000| 9.71e+00  1.22e-01  6.69e+00 -3.90e+00  1.00e-01  3.52e+02 
 33250| 8.58e+00  4.69e-02  7.26e+00 -2.85e+00  1.00e-01  3.55e+02 
 33500| 9.81e+00  4.31e-02  7.44e+00 -3.13e+00  1.00e-01  3.57e+02 
 33750| 7.76e+00  4.70e-02  7.53e+00 -3.12e+00  1.00e-01  3.60e+02 
 34000| 9.08e+00  3.98e-02  7.22e+00 -3.28e+00  1.00e-01  3.63e+02 
 34250| 1.03e+01  3.90e-02  7.37e+00 -2.97e+00  1.00e-01  3.65e+02 
 34500| 7.92e+00  7.07e-02  7.25e+00 -3.16e+00  1.00e-01  3.68e+02 
 34750| 8.69e+00  2.69e-02  7.30e+00 -3.23e+00  1.00e-01  3.70e+02 
 35000| 9.17e+00  7.02e-02  7.33e+00 -3.16e+00  1.00e-01  3.73e+02 
 35250| 9.38e+00  4.52e-02  7.49e+00 -3.13e+00  1.00e-01  3.75e+02 
 35500| 9.74e+00  8.17e-02  7.36e+00 -3.14e+00  1.00e-01  3.78e+02 
 35750| 8.18e+00  1.19e-01  7.30e+00 -3.20e+00  1.00e-01  3.80e+02 
 36000| 1.00e+01  4.80e-02  7.06e+00 -3.21e+00  1.00e-01  3.83e+02 
 36250| 9.52e+00  4.70e-02  7.55e+00 -3.03e+00  1.00e-01  3.85e+02 
 36500| 8.85e+00  5.76e-02  7.31e+00 -3.23e+00  1.00e-01  3.88e+02 
 36750| 8.30e+00  5.15e-02  7.50e+00 -3.17e+00  1.00e-01  3.91e+02 
 37000| 1.04e+01  8.10e-02  7.37e+00 -3.24e+00  1.00e-01  3.94e+02 
 37250| 8.96e+00  3.62e-02  7.49e+00 -3.13e+00  1.00e-01  3.97e+02 
 37500| 7.93e+00  6.84e-02  7.30e+00 -2.96e+00  1.00e-01  3.99e+02 
 37750| 8.43e+00  7.28e-02  7.41e+00 -3.07e+00  1.00e-01  4.02e+02 
 38000| 9.41e+00  4.69e-02  7.43e+00 -3.25e+00  1.00e-01  4.05e+02 
 38250| 8.14e+00  3.62e-02  7.10e+00 -3.21e+00  1.00e-01  4.07e+02 
 38500| 9.29e+00  2.62e-02  7.28e+00 -3.30e+00  1.00e-01  4.10e+02 
 38750| 8.01e+00  3.16e-02  7.24e+00 -3.11e+00  1.00e-01  4.13e+02 
 39000| 1.01e+01  5.18e-02  7.31e+00 -3.21e+00  1.00e-01  4.15e+02 
 39250| 1.01e+01  5.09e-02  7.26e+00 -3.08e+00  1.00e-01  4.18e+02 
 39500| 8.51e+00  6.89e-02  7.25e+00 -3.25e+00  1.00e-01  4.20e+02 
 39750| 1.59e+01  6.62e-01  6.98e+00 -4.18e+00  1.00e-01  4.23e+02 
 40000| 9.38e+00  7.63e-02  7.40e+00 -3.03e+00  1.00e-01  4.25e+02 
 40250| 7.77e+00  6.06e-02  7.42e+00 -3.14e+00  1.00e-01  4.28e+02 
 40500| 9.62e+00  7.15e-02  7.29e+00 -3.31e+00  1.00e-01  4.30e+02 
 40750| 9.89e+00  5.29e-02  7.29e+00 -3.21e+00  1.00e-01  4.33e+02 
 41000| 8.21e+00  4.68e-02  7.43e+00 -3.17e+00  1.00e-01  4.36e+02 
 41250| 9.72e+00  6.37e-02  7.42e+00 -2.85e+00  1.00e-01  4.38e+02 
 41500| 9.16e+00  4.68e-02  7.57e+00 -3.18e+00  1.00e-01  4.41e+02 
 41750| 1.03e+01  2.90e-01  7.26e+00 -3.89e+00  1.00e-01  4.43e+02 
 42000| 9.28e+00  6.27e-02  7.70e+00 -3.01e+00  1.00e-01  4.46e+02 
 42250| 9.67e+00  5.78e-02  7.38e+00 -3.06e+00  1.00e-01  4.48e+02 
 42500| 1.05e+01  6.91e-02  7.23e+00 -3.18e+00  1.00e-01  4.51e+02 
 42750| 9.38e+00  8.72e-02  7.17e+00 -3.58e+00  1.00e-01  4.54e+02 
 43000| 5.04e+00  4.80e-01  7.81e+00 -2.73e+00  1.00e-01  4.56e+02 
 43250| 8.86e+00  3.60e-02  7.40e+00 -3.27e+00  1.00e-01  4.59e+02 
 43500| 9.23e+00  5.27e-02  7.41e+00 -3.23e+00  1.00e-01  4.61e+02 
 43750| 9.88e+00  5.38e-02  7.40e+00 -3.13e+00  1.00e-01  4.63e+02 
 44000| 9.87e+00  4.87e-02  7.74e+00 -3.21e+00  1.00e-01  4.67e+02 
 44250| 9.31e+00  9.86e-02  7.48e+00 -2.86e+00  1.00e-01  4.69e+02 
 44500| 8.33e+00  5.78e-02  7.38e+00 -3.02e+00  1.00e-01  4.72e+02 
 44750| 9.49e+00  7.49e-02  7.11e+00 -3.29e+00  1.00e-01  4.74e+02 
 45000| 8.89e+00  9.82e-02  7.53e+00 -3.01e+00  1.00e-01  4.76e+02 
 45250| 6.92e+00  4.72e-01  7.82e+00 -2.23e+00  1.00e-01  4.79e+02 
 45500| 9.41e+00  1.22e-01  7.25e+00 -3.14e+00  1.00e-01  4.81e+02 
 45750| 1.09e+01  4.17e-02  7.70e+00 -3.14e+00  1.00e-01  4.84e+02 
 46000| 1.06e+01  6.00e-02  7.15e+00 -3.28e+00  1.00e-01  4.86e+02 
 46250| 9.26e+00  4.01e-02  7.14e+00 -3.17e+00  1.00e-01  4.89e+02 
 46500| 8.10e+00  3.22e-01  7.52e+00 -2.73e+00  1.00e-01  4.92e+02 
 46750| 8.08e+00  5.73e-02  7.53e+00 -3.08e+00  1.00e-01  4.94e+02 
 47000| 9.04e+00  5.66e-02  7.08e+00 -3.18e+00  1.00e-01  4.97e+02 
 47250| 9.90e+00  5.16e-02  7.41e+00 -3.01e+00  1.00e-01  5.00e+02 
 47500| 8.99e+00  9.17e-02  7.31e+00 -3.16e+00  1.00e-01  5.02e+02 
 47750| 9.78e+00  5.18e-02  7.20e+00 -3.26e+00  1.00e-01  5.05e+02 
 48000| 1.01e+01  4.02e-02  7.05e+00 -3.14e+00  1.00e-01  5.07e+02 
 48250| 9.76e+00  5.67e-02  7.04e+00 -3.05e+00  1.00e-01  5.10e+02 
 48500| 9.35e+00  5.29e-02  7.50e+00 -3.06e+00  1.00e-01  5.13e+02 
 48750| 7.42e+00  3.58e-01  7.19e+00 -2.82e+00  1.00e-01  5.15e+02 
 49000| 9.17e+00  8.90e-02  7.19e+00 -3.11e+00  1.00e-01  5.18e+02 
 49250| 9.72e+00  5.67e-02  7.05e+00 -3.34e+00  1.00e-01  5.20e+02 
 49500| 9.80e+00  5.19e-02  7.24e+00 -3.25e+00  1.00e-01  5.22e+02 
 49750| 8.79e+00  8.73e-02  7.42e+00 -3.14e+00  1.00e-01  5.25e+02 
 50000| 9.80e+00  3.69e-02  7.41e+00 -3.11e+00  1.00e-01  5.27e+02 
 50250| 9.74e+00  5.14e-02  6.93e+00 -3.16e+00  1.00e-01  5.30e+02 
 50500| 9.68e+00  5.15e-02  7.21e+00 -3.14e+00  1.00e-01  5.32e+02 
 50750| 1.01e+01  8.97e-02  7.32e+00 -3.03e+00  1.00e-01  5.35e+02 
 51000| 9.15e+00  7.36e-02  7.35e+00 -3.17e+00  1.00e-01  5.37e+02 
 51250| 8.90e+00  6.94e-02  7.06e+00 -3.32e+00  1.00e-01  5.39e+02 
 51500| 9.67e+00  5.96e-02  7.71e+00 -3.07e+00  1.00e-01  5.42e+02 
 51750| 9.97e+00  3.48e-02  7.42e+00 -3.08e+00  1.00e-01  5.44e+02 
 52000| 8.69e+00  1.38e-01  7.21e+00 -3.34e+00  1.00e-01  5.47e+02 
 52250| 8.77e+00  6.44e-02  7.22e+00 -3.02e+00  1.00e-01  5.50e+02 
 52500| 9.61e+00  7.90e-02  7.19e+00 -3.13e+00  1.00e-01  5.53e+02 
 52750| 8.01e+00  4.30e-02  7.08e+00 -3.29e+00  1.00e-01  5.56e+02 
 53000| 1.00e+01  4.63e-02  7.32e+00 -3.07e+00  1.00e-01  5.60e+02 
 53250| 1.09e+01  1.35e-01  7.19e+00 -3.27e+00  1.00e-01  5.63e+02 
 53500| 9.25e+00  8.45e-02  7.20e+00 -3.13e+00  1.00e-01  5.65e+02 
 53750| 9.71e+00  7.18e-02  7.15e+00 -3.11e+00  1.00e-01  5.68e+02 
 54000| 9.20e+00  1.35e-01  7.10e+00 -2.93e+00  1.00e-01  5.70e+02 
 54250| 1.01e+01  3.90e-02  7.26e+00 -3.23e+00  1.00e-01  5.74e+02 
 54500| 9.26e+00  9.19e-02  7.58e+00 -3.08e+00  1.00e-01  5.76e+02 
 54750| 9.53e+00  2.27e-02  7.31e+00 -3.26e+00  1.00e-01  5.79e+02 
 55000| 1.08e+01  1.51e-01  7.48e+00 -2.93e+00  1.00e-01  5.81e+02 
 55250| 8.97e+00  4.42e-02  7.52e+00 -3.23e+00  1.00e-01  5.83e+02 
 55500| 8.34e+00  5.14e-02  7.36e+00 -3.08e+00  1.00e-01  5.86e+02 
 55750| 8.62e+00  3.51e-02  7.29e+00 -3.44e+00  1.00e-01  5.88e+02 
 56000| 8.62e+00  9.70e-02  6.90e+00 -3.09e+00  1.00e-01  5.91e+02 
 56250| 1.10e+01  9.74e-02  7.22e+00 -3.20e+00  1.00e-01  5.93e+02 
 56500| 8.02e+00  5.90e-02  7.56e+00 -3.03e+00  1.00e-01  5.95e+02 
 56750| 9.29e+00  4.33e-02  7.43e+00 -3.13e+00  1.00e-01  5.98e+02 
 57000| 8.96e+00  4.21e-02  7.47e+00 -2.99e+00  1.00e-01  6.00e+02 
 57250| 9.16e+00  8.62e-02  7.26e+00 -3.29e+00  1.00e-01  6.03e+02 
 57500| 7.85e+00  9.16e-02  7.65e+00 -3.47e+00  1.00e-01  6.05e+02 
 57750| 8.68e+00  6.56e-02  7.54e+00 -3.03e+00  1.00e-01  6.07e+02 
 58000| 9.96e+00  7.24e-02  7.38e+00 -3.28e+00  1.00e-01  6.10e+02 
 58250| 8.88e+00  5.07e-02  7.59e+00 -3.08e+00  1.00e-01  6.12e+02 
 58500| 9.38e+00  5.39e-02  7.56e+00 -3.17e+00  1.00e-01  6.14e+02 
 58750| 9.88e+00  1.47e-01  7.36e+00 -3.09e+00  1.00e-01  6.17e+02 
 59000| 8.74e+00  9.39e-02  7.24e+00 -3.19e+00  1.00e-01  6.19e+02 
 59250| 1.07e+01  2.82e-02  7.52e+00 -3.07e+00  1.00e-01  6.21e+02 
 59500| 9.01e+00  7.85e-02  7.33e+00 -3.17e+00  1.00e-01  6.24e+02 
 59750| 5.76e+00  1.04e+00  7.11e+00 -2.33e+00  1.00e-01  6.26e+02 
 60000| 7.78e+00  4.32e-02  7.24e+00 -3.05e+00  1.00e-01  6.29e+02 
 60250| 8.84e+00  5.00e-02  7.69e+00 -3.00e+00  1.00e-01  6.31e+02 
 60500| 9.50e+00  4.59e-02  7.25e+00 -3.17e+00  1.00e-01  6.33e+02 
 60750| 8.86e+00  4.56e-02  7.41e+00 -3.21e+00  1.00e-01  6.36e+02 
 61000| 8.89e+00  5.66e-02  7.00e+00 -3.34e+00  1.00e-01  6.38e+02 
 61250| 9.37e+00  5.99e-02  7.20e+00 -3.13e+00  1.00e-01  6.41e+02 
 61500| 9.54e+00  8.07e-02  7.35e+00 -3.22e+00  1.00e-01  6.43e+02 
 61750| 9.75e+00  5.31e-02  7.41e+00 -3.14e+00  1.00e-01  6.45e+02 
 62000| 1.43e+01  1.09e+00  5.88e+00 -5.44e+00  1.00e-01  6.48e+02 
 62250| 7.92e+00  1.16e-01  7.50e+00 -3.00e+00  1.00e-01  6.50e+02 
 62500| 1.04e+01  6.90e-02  7.06e+00 -3.30e+00  1.00e-01  6.52e+02 
 62750| 9.04e+00  7.10e-02  7.38e+00 -3.19e+00  1.00e-01  6.55e+02 
 63000| 9.52e+00  5.35e-02  7.22e+00 -3.00e+00  1.00e-01  6.57e+02 
 63250| 9.91e+00  3.59e-02  7.35e+00 -3.20e+00  1.00e-01  6.59e+02 
 63500| 9.09e+00  5.21e-02  7.31e+00 -3.37e+00  1.00e-01  6.62e+02 
 63750| 7.41e+00  6.13e-02  7.08e+00 -3.11e+00  1.00e-01  6.64e+02 
 64000| 7.48e+00  4.32e-02  7.46e+00 -3.25e+00  1.00e-01  6.67e+02 
 64250| 8.43e+00  4.95e-02  7.56e+00 -3.20e+00  1.00e-01  6.69e+02 
 64500| 8.12e+00  4.47e-02  7.22e+00 -3.20e+00  1.00e-01  6.72e+02 
 64750| 9.61e+00  4.50e-02  7.39e+00 -3.14e+00  1.00e-01  6.75e+02 
 65000| 9.24e+00  5.48e-02  7.14e+00 -3.09e+00  1.00e-01  6.78e+02 
 65250| 8.36e+00  7.09e-02  7.63e+00 -3.08e+00  1.00e-01  6.81e+02 
 65500| 9.89e+00  5.72e-02  7.47e+00 -3.24e+00  1.00e-01  6.84e+02 
 65750| 9.53e+00  5.04e-02  7.58e+00 -3.26e+00  1.00e-01  6.87e+02 
 66000| 9.71e+00  5.36e-02  7.43e+00 -3.30e+00  1.00e-01  6.90e+02 
 66250| 8.94e+00  4.75e-02  7.50e+00 -3.23e+00  1.00e-01  6.94e+02 
 66500| 9.81e+00  5.66e-02  7.26e+00 -3.19e+00  1.00e-01  6.97e+02 
 66750| 1.01e+01  4.59e-02  7.44e+00 -3.02e+00  1.00e-01  7.00e+02 
 67000| 1.06e+01  4.54e-02  7.39e+00 -3.11e+00  1.00e-01  7.03e+02 
 67250| 1.00e+01  6.76e-02  7.44e+00 -3.23e+00  1.00e-01  7.07e+02 
 67500| 1.07e+01  3.82e-02  7.22e+00 -3.07e+00  1.00e-01  7.10e+02 
 67750| 9.27e+00  7.43e-02  7.11e+00 -3.41e+00  1.00e-01  7.13e+02 
 68000| 9.92e+00  8.58e-02  7.59e+00 -2.80e+00  1.00e-01  7.16e+02 
 68250| 8.33e+00  8.57e-02  7.34e+00 -3.15e+00  1.00e-01  7.20e+02 
 68500| 9.78e+00  5.93e-02  7.13e+00 -3.17e+00  1.00e-01  7.23e+02 
 68750| 9.84e+00  7.95e-02  7.56e+00 -3.02e+00  1.00e-01  7.26e+02 
 69000| 8.57e+00  5.32e-02  7.48e+00 -3.23e+00  1.00e-01  7.29e+02 
 69250| 9.32e+00  1.02e-01  7.22e+00 -3.30e+00  1.00e-01  7.33e+02 
 69500| 1.24e+01  6.80e-01  5.45e+00 -4.18e+00  1.00e-01  7.36e+02 
 69750| 9.22e+00  8.06e-02  7.46e+00 -3.21e+00  1.00e-01  7.40e+02 
 70000| 9.39e+00  7.49e-02  7.32e+00 -3.21e+00  1.00e-01  7.43e+02 
 70250| 8.85e+00  5.54e-02  6.98e+00 -3.05e+00  1.00e-01  7.47e+02 
 70500| 8.84e+00  7.01e-02  7.42e+00 -3.14e+00  1.00e-01  7.51e+02 
 70750| 7.77e+00  6.06e-02  7.29e+00 -3.02e+00  1.00e-01  7.54e+02 
 71000| 9.98e+00  6.19e-02  7.26e+00 -3.29e+00  1.00e-01  7.57e+02 
 71250| 9.66e+00  8.56e-02  7.07e+00 -3.16e+00  1.00e-01  7.61e+02 
 71500| 9.27e+00  4.38e-02  7.47e+00 -3.23e+00  1.00e-01  7.65e+02 
 71750| 8.55e+00  5.58e-02  7.25e+00 -3.07e+00  1.00e-01  7.68e+02 
 72000| 7.30e+00  3.40e-02  7.54e+00 -3.08e+00  1.00e-01  7.71e+02 
 72250| 9.88e+00  7.21e-02  7.38e+00 -3.19e+00  1.00e-01  7.75e+02 
 72500| 1.10e+01  5.47e-02  7.20e+00 -3.12e+00  1.00e-01  7.78e+02 
 72750| 1.39e+01  4.17e-01  7.03e+00 -3.41e+00  1.00e-01  7.81e+02 
 73000| 8.90e+00  4.80e-02  7.17e+00 -3.14e+00  1.00e-01  7.85e+02 
 73250| 9.61e+00  4.28e-02  7.43e+00 -3.07e+00  1.00e-01  7.89e+02 
 73500| 9.05e+00  3.86e-02  7.06e+00 -3.19e+00  1.00e-01  7.92e+02 
 73750| 8.17e+00  4.31e-02  7.23e+00 -3.25e+00  1.00e-01  7.96e+02 
 74000| 1.03e+01  1.31e-01  7.19e+00 -3.13e+00  1.00e-01  7.99e+02 
 74250| 8.73e+00  1.47e-01  6.72e+00 -3.04e+00  1.00e-01  8.02e+02 
 74500| 9.62e+00  4.64e-02  7.41e+00 -3.13e+00  1.00e-01  8.05e+02 
 74750| 8.39e+00  6.52e-02  7.39e+00 -2.95e+00  1.00e-01  8.08e+02 
 75000| 9.03e+00  3.62e-02  7.52e+00 -2.98e+00  1.00e-01  8.11e+02 
 75250| 9.43e+00  5.95e-02  7.29e+00 -3.37e+00  1.00e-01  8.14e+02 
 75500| 1.36e+01  9.57e-01  6.24e+00 -5.32e+00  1.00e-01  8.17e+02 
 75750| 9.93e+00  4.63e-02  7.50e+00 -3.02e+00  1.00e-01  8.19e+02 
 76000| 9.81e+00  8.61e-02  7.42e+00 -3.23e+00  1.00e-01  8.22e+02 
 76250| 8.68e+00  4.30e-02  7.36e+00 -3.12e+00  1.00e-01  8.25e+02 
 76500| 9.36e+00  4.68e-02  7.51e+00 -3.11e+00  1.00e-01  8.28e+02 
 76750| 7.71e+00  7.05e-02  6.95e+00 -3.20e+00  1.00e-01  8.31e+02 
 77000| 6.39e+00  2.10e-01  8.40e+00 -2.32e+00  1.00e-01  8.34e+02 
 77250| 8.59e+00  7.66e-02  7.34e+00 -3.20e+00  1.00e-01  8.36e+02 
 77500| 8.54e+00  6.53e-02  7.23e+00 -2.96e+00  1.00e-01  8.39e+02 
 77750| 8.65e+00  8.27e-02  7.49e+00 -3.21e+00  1.00e-01  8.42e+02 
 78000| 8.35e+00  4.75e-02  7.42e+00 -3.07e+00  1.00e-01  8.45e+02 
 78250| 8.93e+00  5.00e-02  7.61e+00 -3.09e+00  1.00e-01  8.47e+02 
 78500| 7.52e+00  7.06e-02  7.52e+00 -3.16e+00  1.00e-01  8.50e+02 
 78750| 8.92e+00  3.38e-02  7.57e+00 -3.02e+00  1.00e-01  8.53e+02 
 79000| 9.92e+00  4.38e-02  7.44e+00 -3.31e+00  1.00e-01  8.57e+02 
 79250| 8.98e+00  3.96e-02  7.39e+00 -3.06e+00  1.00e-01  8.60e+02 
 79500| 8.64e+00  7.04e-02  7.72e+00 -3.31e+00  1.00e-01  8.63e+02 
 79750| 7.87e+00  5.43e-02  7.13e+00 -3.12e+00  1.00e-01  8.67e+02 
 80000| 8.82e+00  3.87e-02  7.33e+00 -3.29e+00  1.00e-01  8.72e+02 
 80250| 9.28e+00  8.29e-02  7.49e+00 -3.15e+00  1.00e-01  8.75e+02 
 80500| 8.93e+00  4.35e-02  7.32e+00 -3.09e+00  1.00e-01  8.78e+02 
 80750| 9.06e+00  4.49e-02  7.56e+00 -3.14e+00  1.00e-01  8.81e+02 
 81000| 8.74e+00  4.94e-02  7.90e+00 -3.07e+00  1.00e-01  8.84e+02 
 81250| 7.34e+00  4.92e-02  7.31e+00 -3.27e+00  1.00e-01  8.87e+02 
 81500| 9.00e+00  5.37e-02  7.37e+00 -3.25e+00  1.00e-01  8.96e+02 
 81750| 8.74e+00  1.34e-01  5.60e+00 -3.89e+00  1.00e-01  9.01e+02 
 82000| 8.77e+00  6.01e-02  7.45e+00 -3.27e+00  1.00e-01  9.06e+02 
 82250| 7.91e+00  4.17e-02  7.45e+00 -3.06e+00  1.00e-01  9.11e+02 
 82500| 8.67e+00  6.76e-02  7.48e+00 -3.15e+00  1.00e-01  9.17e+02 
 82750| 7.52e+00  5.29e-02  7.50e+00 -3.15e+00  1.00e-01  9.22e+02 
 83000| 7.73e+00  3.98e-02  7.03e+00 -3.30e+00  1.00e-01  9.27e+02 
 83250| 8.49e+00  8.70e-02  7.30e+00 -3.11e+00  1.00e-01  9.31e+02 
 83500| 7.47e+00  7.83e-02  7.50e+00 -3.27e+00  1.00e-01  9.35e+02 
 83750| 9.81e+00  7.45e-02  7.23e+00 -3.28e+00  1.00e-01  9.38e+02 
 84000| 8.52e+00  4.48e-02  7.61e+00 -3.30e+00  1.00e-01  9.40e+02 
 84250| 8.06e+00  6.90e-02  7.36e+00 -3.05e+00  1.00e-01  9.43e+02 
 84500| 8.46e+00  4.82e-02  7.35e+00 -3.11e+00  1.00e-01  9.46e+02 
 84750| 8.54e+00  5.64e-02  7.29e+00 -3.33e+00  1.00e-01  9.48e+02 
 85000| 7.21e+00  9.79e-02  7.53e+00 -3.27e+00  1.00e-01  9.51e+02 
 85250| 8.84e+00  6.25e-02  7.16e+00 -3.22e+00  1.00e-01  9.53e+02 
 85500| 8.95e+00  4.66e-02  7.29e+00 -3.05e+00  1.00e-01  9.56e+02 
 85750| 8.49e+00  8.68e-02  7.23e+00 -3.16e+00  1.00e-01  9.59e+02 
 86000| 1.06e+01  9.15e-02  7.03e+00 -3.20e+00  1.00e-01  9.62e+02 
 86250| 8.83e+00  4.25e-02  7.27e+00 -3.17e+00  1.00e-01  9.65e+02 
 86500| 9.14e+00  4.38e-02  7.26e+00 -3.24e+00  1.00e-01  9.68e+02 
 86750| 7.90e+00  6.39e-02  7.35e+00 -3.08e+00  1.00e-01  9.70e+02 
 87000| 8.94e+00  4.87e-02 /home/koova22/miniconda3/envs/q1/lib/python3.12/site-packages/cvxpy/problems/problem.py:1481: UserWarning: Solution may be inaccurate. Try another solver, adjusting the solver settings, or solve with verbose=True for more information.
  warnings.warn(
 7.50e+00 -3.03e+00  1.00e-01  9.73e+02 
 87250| 8.96e+00  5.80e-02  7.35e+00 -3.23e+00  1.00e-01  9.76e+02 
 87500| 8.76e+00  6.01e-02  7.53e+00 -3.21e+00  1.00e-01  9.78e+02 
 87750| 7.82e+00  3.55e-02  7.32e+00 -3.38e+00  1.00e-01  9.80e+02 
 88000| 8.87e+00  5.26e-02  7.44e+00 -3.35e+00  1.00e-01  9.83e+02 
 88250| 8.46e+00  7.39e-02  7.56e+00 -2.86e+00  1.00e-01  9.86e+02 
 88500| 8.75e+00  4.00e-02  7.18e+00 -3.36e+00  1.00e-01  9.89e+02 
 88750| 7.17e+00  4.49e-02  7.58e+00 -3.29e+00  1.00e-01  9.91e+02 
 89000| 7.95e+00  4.29e-02  7.28e+00 -3.06e+00  1.00e-01  9.94e+02 
 89250| 8.95e+00  4.73e-02  7.21e+00 -3.44e+00  1.00e-01  9.97e+02 
 89500| 7.85e+00  9.78e-02  7.52e+00 -3.28e+00  1.00e-01  9.99e+02 
 89750| 8.75e+00  4.04e-02  7.27e+00 -3.18e+00  1.00e-01  1.00e+03 
 90000| 6.82e+00  8.20e-02  7.63e+00 -3.11e+00  1.00e-01  1.00e+03 
 90250| 7.71e+00  1.16e-01  7.25e+00 -3.02e+00  1.00e-01  1.01e+03 
 90500| 8.56e+00  6.44e-02  7.33e+00 -3.18e+00  1.00e-01  1.01e+03 
 90750| 7.47e+00  4.53e-02  7.41e+00 -3.25e+00  1.00e-01  1.01e+03 
 91000| 9.24e+00  2.77e-02  7.53e+00 -3.26e+00  1.00e-01  1.02e+03 
 91250| 9.14e+00  6.48e-02  7.50e+00 -3.12e+00  1.00e-01  1.02e+03 
 91500| 8.36e+00  2.66e-02  7.35e+00 -3.29e+00  1.00e-01  1.02e+03 
 91750| 8.96e+00  1.16e-01  7.26e+00 -3.21e+00  1.00e-01  1.02e+03 
 92000| 1.26e+01  5.00e-01  6.87e+00 -3.88e+00  1.00e-01  1.03e+03 
 92250| 7.87e+00  7.51e-02  7.36e+00 -3.29e+00  1.00e-01  1.03e+03 
 92500| 8.31e+00  6.52e-02  7.27e+00 -3.26e+00  1.00e-01  1.03e+03 
 92750| 9.01e+00  4.80e-02  7.32e+00 -3.17e+00  1.00e-01  1.03e+03 
 93000| 9.79e+00  7.00e-02  7.34e+00 -3.13e+00  1.00e-01  1.04e+03 
 93250| 9.32e+00  4.95e-02  7.39e+00 -3.30e+00  1.00e-01  1.04e+03 
 93500| 8.59e+00  4.82e-02  7.16e+00 -3.21e+00  1.00e-01  1.04e+03 
 93750| 9.38e+00  5.02e-02  7.26e+00 -3.13e+00  1.00e-01  1.04e+03 
 94000| 9.27e+00  4.77e-02  7.52e+00 -3.02e+00  1.00e-01  1.05e+03 
 94250| 8.23e+00  4.68e-02  7.17e+00 -3.11e+00  1.00e-01  1.05e+03 
 94500| 8.58e+00  1.02e-01  7.36e+00 -3.28e+00  1.00e-01  1.05e+03 
 94750| 5.46e+00  3.04e-01  7.89e+00 -2.89e+00  1.00e-01  1.06e+03 
 95000| 6.95e+00  4.35e-02  7.31e+00 -3.29e+00  1.00e-01  1.06e+03 
 95250| 8.38e+00  5.53e-02  7.01e+00 -3.18e+00  1.00e-01  1.06e+03 
 95500| 8.40e+00  4.17e-02  7.16e+00 -3.26e+00  1.00e-01  1.06e+03 
 95750| 7.99e+00  3.52e-02  6.93e+00 -3.09e+00  1.00e-01  1.07e+03 
 96000| 8.78e+00  3.29e-02  7.54e+00 -3.10e+00  1.00e-01  1.07e+03 
 96250| 8.33e+00  5.71e-02  7.27e+00 -3.24e+00  1.00e-01  1.07e+03 
 96500| 7.57e+00  5.54e-02  7.01e+00 -3.10e+00  1.00e-01  1.07e+03 
 96750| 8.56e+00  3.99e-02  7.30e+00 -3.23e+00  1.00e-01  1.08e+03 
 97000| 8.51e+00  5.48e-02  7.20e+00 -3.38e+00  1.00e-01  1.08e+03 
 97250| 8.03e+00  4.49e-02  7.32e+00 -3.19e+00  1.00e-01  1.08e+03 
 97500| 9.82e+00  9.41e-02  7.54e+00 -3.24e+00  1.00e-01  1.08e+03 
 97750| 8.24e+00  1.00e-01  7.48e+00 -3.15e+00  1.00e-01  1.09e+03 
 98000| 6.87e+00  5.02e-02  7.48e+00 -3.37e+00  1.00e-01  1.09e+03 
 98250| 7.63e+00  3.58e-02  7.24e+00 -3.15e+00  1.00e-01  1.09e+03 
 98500| 7.83e+00  3.59e-02  7.11e+00 -3.21e+00  1.00e-01  1.10e+03 
 98750| 9.15e+00  1.59e-01  7.17e+00 -3.38e+00  1.00e-01  1.10e+03 
 99000| 9.40e+00  4.90e-02  7.30e+00 -3.21e+00  1.00e-01  1.10e+03 
 99250| 9.56e+00  7.16e-02  7.28e+00 -3.33e+00  1.00e-01  1.11e+03 
 99500| 8.02e+00  4.06e-02  7.23e+00 -3.07e+00  1.00e-01  1.11e+03 
 99750| 9.22e+00  6.59e-02  7.25e+00 -3.32e+00  1.00e-01  1.11e+03 
100000| 8.14e+00  3.87e-02  7.53e+00 -3.08e+00  1.00e-01  1.12e+03 
------------------------------------------------------------------
status:  solved (inaccurate - reached max_iters)
timings: total: 1.12e+03s = setup: 3.41e-02s + solve: 1.11e+03s
	 lin-sys: 1.24e+02s, cones: 9.59e+02s, accel: 7.14e+00s
------------------------------------------------------------------
objective = -3.083880 (inaccurate)
------------------------------------------------------------------
-------------------------------------------------------------------------------
                                    Summary                                    
-------------------------------------------------------------------------------
(CVXPY) May 15 02:40:59 PM: Problem status: optimal_inaccurate
(CVXPY) May 15 02:40:59 PM: Optimal value: -6.806e-01
(CVXPY) May 15 02:40:59 PM: Compilation took 8.313e-01 seconds
(CVXPY) May 15 02:40:59 PM: Solver (including time spent in interface) took 1.192e+03 seconds
Result = -0.6805800891052626
CVXPY returns optimal_inaccurate
bitstring_to_target_state
{0: 0, 1: 0, 2: 0, 3: 0, 4: 0, 5: 0, 6: 0, 7: 0, 8: 0, 9: 0, 10: 0, 11: 0, 12: 0, 13: 0, 14: 0, 15: 0, 16: 0, 17: 0, 18: 0, 19: 0, 20: 0, 21: 0, 22: 0, 23: 0, 24: 0, 25: 0, 26: 0, 27: 0, 28: 0, 29: 0, 30: 0, 31: 0, 32: 0, 33: 0, 34: 0, 35: 0, 36: 0, 37: 0, 38: 0, 39: 0, 40: 0, 41: 0, 42: 0, 43: 0, 44: 0, 45: 0, 46: 0, 47: 0, 48: 0, 49: 0, 50: 0, 51: 0, 52: 0, 53: 0, 54: 0, 55: 0, 56: 0, 57: 0, 58: 0, 59: 0, 60: 0, 61: 0, 62: 0, 63: 0, 64: 1, 65: 1, 66: 1, 67: 1, 68: 1, 69: 1, 70: 1, 71: 1, 72: 1, 73: 1, 74: 1, 75: 1, 76: 1, 77: 1, 78: 1, 79: 1, 80: 1, 81: 1, 82: 1, 83: 1, 84: 1, 85: 1, 86: 1, 87: 1, 88: 1, 89: 1, 90: 1, 91: 1, 92: 1, 93: 1, 94: 1, 95: 1, 96: 1, 97: 1, 98: 1, 99: 1, 100: 1, 101: 1, 102: 1, 103: 1, 104: 1, 105: 1, 106: 1, 107: 1, 108: 1, 109: 1, 110: 1, 111: 1, 112: 1, 113: 1, 114: 1, 115: 1, 116: 1, 117: 1, 118: 1, 119: 1, 120: 1, 121: 1, 122: 1, 123: 1, 124: 1, 125: 1, 126: 1, 127: 1, 128: 2, 129: 2, 130: 2, 131: 2, 132: 2, 133: 2, 134: 2, 135: 2, 136: 2, 137: 2, 138: 2, 139: 2, 140: 2, 141: 2, 142: 2, 143: 2, 144: 2, 145: 2, 146: 2, 147: 2, 148: 2, 149: 2, 150: 2, 151: 2, 152: 2, 153: 2, 154: 2, 155: 2, 156: 2, 157: 2, 158: 2, 159: 2, 160: 2, 161: 2, 162: 2, 163: 2, 164: 2, 165: 2, 166: 2, 167: 2, 168: 2, 169: 2, 170: 2, 171: 2, 172: 2, 173: 2, 174: 2, 175: 2, 176: 2, 177: 2, 178: 2, 179: 2, 180: 2, 181: 2, 182: 2, 183: 2, 184: 2, 185: 2, 186: 2, 187: 2, 188: 2, 189: 2, 190: 2, 191: 2, 192: 3, 193: 3, 194: 3, 195: 3, 196: 3, 197: 3, 198: 3, 199: 3, 200: 3, 201: 3, 202: 3, 203: 3, 204: 3, 205: 3, 206: 3, 207: 3, 208: 3, 209: 3, 210: 3, 211: 3, 212: 3, 213: 3, 214: 3, 215: 3, 216: 3, 217: 3, 218: 3, 219: 3, 220: 3, 221: 3, 222: 3, 223: 3, 224: 3, 225: 3, 226: 3, 227: 3, 228: 3, 229: 3, 230: 3, 231: 3, 232: 3, 233: 3, 234: 3, 235: 3, 236: 3, 237: 3, 238: 3, 239: 3, 240: 3, 241: 3, 242: 3, 243: 3, 244: 3, 245: 3, 246: 3, 247: 3, 248: 3, 249: 3, 250: 3, 251: 3, 252: 3, 253: 3, 254: 3, 255: 3}
strings_used
256
Probabilities for each state:
[np.float64(0.18347348188087045), np.float64(0.001155707355981352), np.float64(0.011068727758862577), np.float64(0.00015872574341880383), np.float64(3.7882499399650174e-05), np.float64(6.686604509908063e-07), np.float64(1.4869766358166885e-07), np.float64(1.4469644860159985e-07), np.float64(1.413555647737555e-07), np.float64(1.4160253249432112e-07), np.float64(1.4067350135863512e-07), np.float64(1.4053587905298752e-07), np.float64(1.4005615723568528e-07), np.float64(1.3972593136162262e-07), np.float64(1.3937320462622465e-07), np.float64(1.3933067512031132e-07), np.float64(1.388258093679876e-07), np.float64(1.3865229659440527e-07), np.float64(1.3853093102885587e-07), np.float64(1.3827269815341667e-07), np.float64(1.3821446587561387e-07), np.float64(1.3819433167618485e-07), np.float64(1.3806562358150627e-07), np.float64(1.3743684652364147e-07), np.float64(1.3733711753027196e-07), np.float64(1.3696316259095007e-07), np.float64(1.3682352837399934e-07), np.float64(1.3666956695997244e-07), np.float64(1.3666046772085162e-07), np.float64(1.3643966596922547e-07), np.float64(1.3626597977202706e-07), np.float64(1.3600131019481132e-07), np.float64(1.3591799246817121e-07), np.float64(1.356653108587014e-07), np.float64(1.3564293093021654e-07), np.float64(1.356004329950134e-07), np.float64(1.355978856815623e-07), np.float64(1.3557270112320864e-07), np.float64(1.3512124109580333e-07), np.float64(1.3502486552284e-07), np.float64(1.3488319676789683e-07), np.float64(1.3451927939304197e-07), np.float64(1.3424800578822376e-07), np.float64(1.3423876835101955e-07), np.float64(1.3423631586535055e-07), np.float64(1.3405729325069809e-07), np.float64(1.337271796719392e-07), np.float64(1.3354784788072824e-07), np.float64(1.334922706928625e-07), np.float64(1.334325237963367e-07), np.float64(1.3324478480306557e-07), np.float64(1.326018846767974e-07), np.float64(1.324230818940427e-07), np.float64(1.3242105920658365e-07), np.float64(1.3182889386281517e-07), np.float64(1.3176303800054358e-07), np.float64(1.364352189848626e-07), np.float64(1.3110507479444386e-07), np.float64(1.3050135813358473e-07), np.float64(1.3035254507782228e-07), np.float64(1.2959903173652252e-07), np.float64(1.280946167771858e-07), np.float64(1.2586343054108983e-07), np.float64(1.0001219721133407e-07), np.float64(1.3570363808016863), np.float64(0.0009666691877400687), np.float64(0.003408219123435744), np.float64(0.00011369545306156883), np.float64(2.473212029711575e-06), np.float64(4.283473322521211e-07), np.float64(4.227644683485158e-07), np.float64(1.3209402707912734e-07), np.float64(1.3139067498875582e-07), np.float64(1.305095217358894e-07), np.float64(1.2938787807995e-07), np.float64(1.292554793650558e-07), np.float64(1.2875808474368935e-07), np.float64(1.2854961980550418e-07), np.float64(1.2842288957733126e-07), np.float64(1.2793611213281394e-07), np.float64(1.2737480190231993e-07), np.float64(1.2642683247599482e-07), np.float64(1.263471443513843e-07), np.float64(1.2630809129969975e-07), np.float64(1.2611410886036838e-07), np.float64(1.2605124262584787e-07), np.float64(1.260422463833583e-07), np.float64(1.2577527960432323e-07), np.float64(1.2534973674782865e-07), np.float64(1.2521423049493857e-07), np.float64(1.251437200160451e-07), np.float64(1.246809932735273e-07), np.float64(1.2420600518280002e-07), np.float64(1.2379523423374828e-07), np.float64(1.2371024243695467e-07), np.float64(1.2361054964721572e-07), np.float64(1.2357482994112032e-07), np.float64(1.2304038268896017e-07), np.float64(1.2299362070633608e-07), np.float64(1.228474427067107e-07), np.float64(1.2278639249831384e-07), np.float64(1.2275338564254726e-07), np.float64(1.2263497374756065e-07), np.float64(1.2261020160811677e-07), np.float64(1.2255434902323234e-07), np.float64(1.2255153045448965e-07), np.float64(1.224899847271332e-07), np.float64(1.224578989329594e-07), np.float64(1.2240207466206884e-07), np.float64(1.2231734690431004e-07), np.float64(1.2219619008408906e-07), np.float64(1.2213464564970252e-07), np.float64(1.2213225085356916e-07), np.float64(1.2153985132052677e-07), np.float64(1.214615472993689e-07), np.float64(1.209717834662934e-07), np.float64(1.2049864608918003e-07), np.float64(1.20307440205849e-07), np.float64(1.1984021514164551e-07), np.float64(1.1973598335658885e-07), np.float64(1.1947490235748564e-07), np.float64(1.1929049261407672e-07), np.float64(1.1922341495358533e-07), np.float64(1.1898249027012765e-07), np.float64(1.1862356605873692e-07), np.float64(1.1824071305181742e-07), np.float64(1.1705180388911421e-07), np.float64(1.1381790660802529e-07), np.float64(1.355072601874657), np.float64(0.0010619644607716004), np.float64(0.0003105965060296173), np.float64(1.435628503252742e-05), np.float64(3.914538156099986e-06), np.float64(8.067119556644098e-07), np.float64(1.3915436411161472e-07), np.float64(1.385963770275807e-07), np.float64(1.3820527489285195e-07), np.float64(1.3382578235211832e-07), np.float64(1.331218849198968e-07), np.float64(1.3206887267794e-07), np.float64(1.320604925086669e-07), np.float64(1.3197446451016795e-07), np.float64(1.3140021907003949e-07), np.float64(1.3127834141080347e-07), np.float64(1.281132151003414e-07), np.float64(1.2805815426034852e-07), np.float64(1.2799030266194458e-07), np.float64(1.278959893589265e-07), np.float64(1.2771427603407343e-07), np.float64(1.2739875652184003e-07), np.float64(1.27232251664676e-07), np.float64(1.271790915671127e-07), np.float64(1.2679953102270156e-07), np.float64(1.2677895676774929e-07), np.float64(1.2672372342577188e-07), np.float64(1.2654968423520614e-07), np.float64(1.2636533791797128e-07), np.float64(1.263165748778828e-07), np.float64(1.2621579857431013e-07), np.float64(1.2834088138010367e-07), np.float64(1.259380366282465e-07), np.float64(1.2563200109208974e-07), np.float64(1.251757541232173e-07), np.float64(1.250073699119916e-07), np.float64(1.2499955437092604e-07), np.float64(1.2483979279681743e-07), np.float64(1.2466799879649434e-07), np.float64(1.2425242885641562e-07), np.float64(1.2442454490954053e-07), np.float64(1.2423215873514242e-07), np.float64(1.241377883785251e-07), np.float64(1.2411213535597288e-07), np.float64(1.2405920081762616e-07), np.float64(1.2394612415346992e-07), np.float64(1.2386145390862564e-07), np.float64(1.2369708197798702e-07), np.float64(1.236409550464411e-07), np.float64(1.2325216974626755e-07), np.float64(1.2270195277024628e-07), np.float64(1.2256363092621763e-07), np.float64(1.2222266505473582e-07), np.float64(1.222193534734935e-07), np.float64(1.2210152671331344e-07), np.float64(1.2151102752920475e-07), np.float64(1.2099626786145876e-07), np.float64(1.198963946578094e-07), np.float64(1.1878605720811342e-07), np.float64(1.1805208594120494e-07), np.float64(1.1748487217483493e-07), np.float64(1.151465370973873e-07), np.float64(1.0796358700215789e-07), np.float64(6.439082251779941e-08), np.float64(3.3256103104178516), np.float64(0.00033147070856928636), np.float64(5.8938511309828e-05), np.float64(5.190053988660065e-05), np.float64(5.176794147628337e-05), np.float64(5.172028436779939e-05), np.float64(5.1702473661967505e-05), np.float64(5.170199544559242e-05), np.float64(5.170183621126042e-05), np.float64(5.170129555726289e-05), np.float64(5.170125596038158e-05), np.float64(5.170069148848939e-05), np.float64(5.170052498835502e-05), np.float64(5.170042815048448e-05), np.float64(5.170036802517602e-05), np.float64(5.170036770014206e-05), np.float64(5.1700291163765295e-05), np.float64(5.1700130590578224e-05), np.float64(5.169985888733268e-05), np.float64(5.1699852656487246e-05), np.float64(5.1699941163789624e-05), np.float64(5.1699740001102354e-05), np.float64(5.1699587891392415e-05), np.float64(5.1699471471584946e-05), np.float64(5.16988071674202e-05), np.float64(5.1698719539510614e-05), np.float64(5.1698405862389505e-05), np.float64(5.169834992258053e-05), np.float64(5.1698328600918996e-05), np.float64(5.169826770905055e-05), np.float64(5.169822551819458e-05), np.float64(5.1697774346359064e-05), np.float64(5.169758993912312e-05), np.float64(5.1697521399536715e-05), np.float64(5.1697354016939275e-05), np.float64(5.1697351273929286e-05), np.float64(5.169714809150712e-05), np.float64(5.169690420416869e-05), np.float64(5.1696900336264744e-05), np.float64(5.169679771173497e-05), np.float64(5.1696722453479535e-05), np.float64(5.169650749248793e-05), np.float64(5.169647470366254e-05), np.float64(5.1696401563570354e-05), np.float64(5.1696232081112935e-05), np.float64(5.169609523525726e-05), np.float64(5.169609482509727e-05), np.float64(5.1695996168856875e-05), np.float64(5.169595500801666e-05), np.float64(5.169567268873032e-05), np.float64(5.169525763990365e-05), np.float64(5.1695096667925725e-05), np.float64(5.1694833900776966e-05), np.float64(5.169471917261454e-05), np.float64(5.1694556887356904e-05), np.float64(5.16941645149685e-05), np.float64(5.169379744473574e-05), np.float64(5.1693740281834864e-05), np.float64(5.1693492938203915e-05), np.float64(5.169296510069835e-05), np.float64(5.170825805017827e-05), np.float64(5.450721426073379e-05), np.float64(0.00010063960127829974), np.float64(1.350296184346956e-05)]
[np.float64(0.022211680102911722), np.float64(0.061667878132933576), np.float64(0.00837490862700171), np.float64(0.005793911383930152), np.float64(0.004496983487471584), np.float64(7.438460383716007e-07), np.float64(1.486976778119815e-07), np.float64(1.4469646682962802e-07), np.float64(1.413555647737555e-07), np.float64(1.7641919166018414e-07), np.float64(1.4067350135863512e-07), np.float64(1.4053587905298752e-07), np.float64(1.4005615723568528e-07), np.float64(1.3972593334057915e-07), np.float64(1.3937333098102826e-07), np.float64(1.393306751203116e-07), np.float64(1.388258093679876e-07), np.float64(1.386522965943947e-07), np.float64(1.3853093102885587e-07), np.float64(1.3827269815341667e-07), np.float64(1.3821446587561387e-07), np.float64(1.3819433167618485e-07), np.float64(1.3806562358150627e-07), np.float64(1.374472706917617e-07), np.float64(1.3733711753027196e-07), np.float64(1.3696316259095007e-07), np.float64(1.3682352837399794e-07), np.float64(1.3666956695997244e-07), np.float64(1.3666046772085162e-07), np.float64(1.3643966596922547e-07), np.float64(1.3626597977202706e-07), np.float64(1.3600131019481132e-07), np.float64(1.3591799246817121e-07), np.float64(1.356653108587014e-07), np.float64(1.3564293093556875e-07), np.float64(1.356004329950134e-07), np.float64(1.355978856815623e-07), np.float64(1.3581530517724934e-07), np.float64(1.3512124109580333e-07), np.float64(1.3502486552284e-07), np.float64(1.3488319676789683e-07), np.float64(1.3451927939304197e-07), np.float64(1.3424800578822376e-07), np.float64(1.3423876835101955e-07), np.float64(1.3423631586535055e-07), np.float64(1.3405729325069809e-07), np.float64(1.337271796719392e-07), np.float64(1.3354784788072824e-07), np.float64(1.334922706928625e-07), np.float64(1.334325237963367e-07), np.float64(1.3324478480306557e-07), np.float64(1.326018846767974e-07), np.float64(1.324230818940427e-07), np.float64(1.3242105920658365e-07), np.float64(1.3185584245853072e-07), np.float64(1.3176303800054358e-07), np.float64(1.4823382309132119e-07), np.float64(1.3110507479444386e-07), np.float64(1.3050135813358473e-07), np.float64(1.3035254507782228e-07), np.float64(1.2959903173652252e-07), np.float64(1.280946167785627e-07), np.float64(1.2586343054108983e-07), np.float64(4.2559623326917293e-07), np.float64(0.14010609276516023), np.float64(0.001980761908668878), np.float64(0.26972765711319857), np.float64(0.0006281552087904734), np.float64(0.00014872639895573158), np.float64(2.3296478751668912e-05), np.float64(3.4248234857871945e-06), np.float64(1.3209402721684087e-07), np.float64(1.3139067498875582e-07), np.float64(1.305095217358894e-07), np.float64(1.2938787807995e-07), np.float64(1.292554793650558e-07), np.float64(1.2875808474368935e-07), np.float64(1.2854961980550418e-07), np.float64(1.2842288957733126e-07), np.float64(1.2793611213353818e-07), np.float64(1.2737480190231993e-07), np.float64(1.2642683247599482e-07), np.float64(1.263471443513843e-07), np.float64(1.2630809129969975e-07), np.float64(1.2611410886036838e-07), np.float64(1.260512426258481e-07), np.float64(1.2654786714258722e-07), np.float64(1.2577527960432323e-07), np.float64(1.2534973674782865e-07), np.float64(1.2521423049493857e-07), np.float64(1.251437200160451e-07), np.float64(1.2468099328553317e-07), np.float64(1.3304061204792608e-07), np.float64(1.2379523423374828e-07), np.float64(1.2371024243695467e-07), np.float64(1.2361054964721572e-07), np.float64(1.2357482994112032e-07), np.float64(1.2304038268896017e-07), np.float64(1.2299362070633608e-07), np.float64(1.228474427067107e-07), np.float64(1.2278639249831384e-07), np.float64(1.2275338564254726e-07), np.float64(1.2263497374756065e-07), np.float64(1.2261020160811677e-07), np.float64(1.2255434902323234e-07), np.float64(1.2255153045448965e-07), np.float64(1.224899847271332e-07), np.float64(1.224578989329594e-07), np.float64(1.2240207466206884e-07), np.float64(1.2231734690431004e-07), np.float64(1.2219619008408906e-07), np.float64(1.2213464564970252e-07), np.float64(1.2213225085356916e-07), np.float64(1.2153985132052677e-07), np.float64(1.214615472993689e-07), np.float64(1.2097180403016447e-07), np.float64(1.2049864726950663e-07), np.float64(1.2030744020584955e-07), np.float64(1.19840273556767e-07), np.float64(1.1987391349581294e-07), np.float64(1.1947490604960374e-07), np.float64(1.1929049261407672e-07), np.float64(1.1922341495358533e-07), np.float64(1.1898249027012765e-07), np.float64(1.227407392375456e-07), np.float64(1.1824071305181742e-07), np.float64(1.1705180388912692e-07), np.float64(1.1381790660802529e-07), np.float64(0.04241357777642577), np.float64(0.3191834560711296), np.float64(0.004246305712283509), np.float64(5.749469860171203e-05), np.float64(9.69087008105492e-06), np.float64(1.4819020518775815e-06), np.float64(1.3915436411161472e-07), np.float64(1.385963770275807e-07), np.float64(1.3838410018209257e-07), np.float64(1.3382578235211832e-07), np.float64(1.331218849198968e-07), np.float64(1.3206887267794e-07), np.float64(1.320604925086669e-07), np.float64(1.3197446451016795e-07), np.float64(1.3140021907003949e-07), np.float64(1.3127834141080347e-07), np.float64(1.281132151003414e-07), np.float64(1.2805815426034852e-07), np.float64(1.2799030266194458e-07), np.float64(1.278959893589265e-07), np.float64(1.277142760357897e-07), np.float64(1.2739875652184003e-07), np.float64(1.27232251664676e-07), np.float64(1.271790915671127e-07), np.float64(1.2679953102270156e-07), np.float64(1.2677895676774929e-07), np.float64(1.2672372342577188e-07), np.float64(1.2654968423520614e-07), np.float64(1.2636533791797128e-07), np.float64(1.263165748778828e-07), np.float64(1.2621580146599276e-07), np.float64(1.3663640661303017e-07), np.float64(1.259380366282465e-07), np.float64(1.2563200109208974e-07), np.float64(1.251757541232173e-07), np.float64(1.250073699119916e-07), np.float64(1.249995543709947e-07), np.float64(1.2483979279681743e-07), np.float64(1.2466799879649434e-07), np.float64(1.2425242885641562e-07), np.float64(1.2480774895149186e-07), np.float64(1.2423215873514242e-07), np.float64(1.241377883785251e-07), np.float64(1.2411213535597288e-07), np.float64(1.2405920081762616e-07), np.float64(1.2413647063056844e-07), np.float64(1.23862917063501e-07), np.float64(1.2369708197798702e-07), np.float64(1.2364096421094905e-07), np.float64(1.2325216974626755e-07), np.float64(1.2270195277024628e-07), np.float64(1.225636309262176e-07), np.float64(1.2222266505473582e-07), np.float64(1.222282788950693e-07), np.float64(1.2210152671331344e-07), np.float64(1.2151102752920475e-07), np.float64(1.2099626786145876e-07), np.float64(1.198963946578094e-07), np.float64(1.1878605720811349e-07), np.float64(1.1805208594120494e-07), np.float64(1.1748487217483493e-07), np.float64(1.151465370989151e-07), np.float64(1.0796358830071802e-07), np.float64(4.687872004901412e-08), np.float64(0.2088695891054149), np.float64(0.2789144129323783), np.float64(0.01499250638675092), np.float64(0.0004477772377506239), np.float64(0.00021335252294167945), np.float64(9.2953528985943e-05), np.float64(5.170247366196893e-05), np.float64(5.170199544565819e-05), np.float64(5.170183621126042e-05), np.float64(5.170129555883471e-05), np.float64(5.1771818800961105e-05), np.float64(5.1700759853866104e-05), np.float64(5.170052498835502e-05), np.float64(5.170042815048448e-05), np.float64(5.170036802517602e-05), np.float64(5.170036770014206e-05), np.float64(5.1700291163765295e-05), np.float64(5.1700130590578224e-05), np.float64(5.169985888733268e-05), np.float64(5.1699852656487246e-05), np.float64(6.619589817300617e-05), np.float64(5.1699740001102354e-05), np.float64(5.1699587891392415e-05), np.float64(5.1699471471584946e-05), np.float64(5.16988071674202e-05), np.float64(5.1698719539510614e-05), np.float64(5.1698405862389505e-05), np.float64(5.169834992258053e-05), np.float64(5.1698328600918996e-05), np.float64(5.169826770905055e-05), np.float64(5.169822885678371e-05), np.float64(5.1697774346359064e-05), np.float64(5.169760223859613e-05), np.float64(5.1697521399536715e-05), np.float64(5.1697354016939275e-05), np.float64(5.1697351273929286e-05), np.float64(5.169714809150712e-05), np.float64(5.169690420416869e-05), np.float64(5.1696900336264744e-05), np.float64(5.169679771173497e-05), np.float64(5.169672245350761e-05), np.float64(5.169650749248793e-05), np.float64(5.169647483628444e-05), np.float64(5.1696401563570354e-05), np.float64(5.1696232081112935e-05), np.float64(5.169609523525726e-05), np.float64(5.169609482509727e-05), np.float64(5.1695996168856875e-05), np.float64(5.169595500801666e-05), np.float64(5.169567268873032e-05), np.float64(5.169525763990365e-05), np.float64(5.169509666792574e-05), np.float64(5.1694833900776966e-05), np.float64(5.169471917261454e-05), np.float64(5.1694556887356904e-05), np.float64(5.169416508198067e-05), np.float64(5.169379744473574e-05), np.float64(5.1693740281834864e-05), np.float64(5.1693492938203915e-05), np.float64(5.169296510069835e-05), np.float64(0.0001614766062930538), np.float64(0.0011597133945428937), np.float64(0.034604447895140514), np.float64(0.001135281063149864)]
[np.float64(0.0072990820219181254), np.float64(0.04618081529865825), np.float64(0.007911449925348965), np.float64(0.012175185536832674), np.float64(0.004820006536011688), np.float64(1.3321287028865975e-06), np.float64(1.4869767802410687e-07), np.float64(1.4469648564405876e-07), np.float64(1.413555647737555e-07), np.float64(1.5813156206984179e-07), np.float64(1.4067350135863512e-07), np.float64(1.4053587905298752e-07), np.float64(1.4005615723568528e-07), np.float64(1.3972593256207943e-07), np.float64(1.3937332448248346e-07), np.float64(1.3933067512031137e-07), np.float64(1.388258093679876e-07), np.float64(1.386522965943958e-07), np.float64(1.3853093102885587e-07), np.float64(1.3827269815341667e-07), np.float64(1.3821446587561387e-07), np.float64(1.3819433167618485e-07), np.float64(1.3806562358150627e-07), np.float64(1.3745280933452706e-07), np.float64(1.3733711753027196e-07), np.float64(1.3696316259095007e-07), np.float64(1.3682352837399841e-07), np.float64(1.3666956695997244e-07), np.float64(1.3666046772085162e-07), np.float64(1.3643966596922547e-07), np.float64(1.3626597977202706e-07), np.float64(1.3600131019481132e-07), np.float64(1.3591799246817121e-07), np.float64(1.356653108587014e-07), np.float64(1.3564293093256856e-07), np.float64(1.356004329950134e-07), np.float64(1.355978856815623e-07), np.float64(1.3607775573171965e-07), np.float64(1.3512124109580333e-07), np.float64(1.3502486552284e-07), np.float64(1.3488319676789683e-07), np.float64(1.3451927939304197e-07), np.float64(1.3424800578822376e-07), np.float64(1.3423876835101955e-07), np.float64(1.3423631586535055e-07), np.float64(1.3405729325069809e-07), np.float64(1.337271796719392e-07), np.float64(1.3354784788072824e-07), np.float64(1.334922706928625e-07), np.float64(1.334325237963367e-07), np.float64(1.3324478480306557e-07), np.float64(1.326018846767974e-07), np.float64(1.324230818940427e-07), np.float64(1.3242105920658365e-07), np.float64(1.3187780561682127e-07), np.float64(1.3176303800054358e-07), np.float64(1.5857815408801446e-07), np.float64(1.3110507479444386e-07), np.float64(1.3050135813358473e-07), np.float64(1.3035254507782228e-07), np.float64(1.2959903173652252e-07), np.float64(1.2809461677840967e-07), np.float64(1.2586343054108983e-07), np.float64(3.5428502928326396e-07), np.float64(0.03128158855615938), np.float64(0.3588976359208769), np.float64(0.04051768226148561), np.float64(1.739806154310674e-05), np.float64(1.1284219131500322e-05), np.float64(4.76013822868514e-06), np.float64(3.92833190355794e-06), np.float64(1.3209402711376453e-07), np.float64(1.3139067498875582e-07), np.float64(1.305095217358894e-07), np.float64(1.2938787807995e-07), np.float64(1.292554793650558e-07), np.float64(1.2875808474368935e-07), np.float64(1.2854961980550418e-07), np.float64(1.2842288957733126e-07), np.float64(1.279361121328482e-07), np.float64(1.2737480190231993e-07), np.float64(1.2642683247599482e-07), np.float64(1.263471443513843e-07), np.float64(1.2630809129969975e-07), np.float64(1.2611410886036838e-07), np.float64(1.2605124262584797e-07), np.float64(1.263057816052452e-07), np.float64(1.2577527960432323e-07), np.float64(1.2534973674782865e-07), np.float64(1.2521423049493857e-07), np.float64(1.251437200160451e-07), np.float64(1.24680993282262e-07), np.float64(1.3068127310679234e-07), np.float64(1.2379523423374828e-07), np.float64(1.2371024243695467e-07), np.float64(1.2361054964721572e-07), np.float64(1.2357482994112032e-07), np.float64(1.2304038268896017e-07), np.float64(1.2299362070633608e-07), np.float64(1.228474427067107e-07), np.float64(1.2278639249831384e-07), np.float64(1.2275338564254726e-07), np.float64(1.2263497374756065e-07), np.float64(1.2261020160811677e-07), np.float64(1.2255434902323234e-07), np.float64(1.2255153045448965e-07), np.float64(1.224899847271332e-07), np.float64(1.224578989329594e-07), np.float64(1.2240207466206884e-07), np.float64(1.2231734690431004e-07), np.float64(1.2219619008408906e-07), np.float64(1.2213464564970252e-07), np.float64(1.2213225085356916e-07), np.float64(1.2153985132052677e-07), np.float64(1.214615472993689e-07), np.float64(1.2097181063470233e-07), np.float64(1.204986472322e-07), np.float64(1.2030744020584904e-07), np.float64(1.1984017050089818e-07), np.float64(1.1982173481169403e-07), np.float64(1.1947490726904314e-07), np.float64(1.1929049261407672e-07), np.float64(1.1922341495358533e-07), np.float64(1.1898249027012765e-07), np.float64(1.2270921173809163e-07), np.float64(1.1824071305181742e-07), np.float64(1.1705180388913671e-07), np.float64(1.1381790660802529e-07), np.float64(0.06998714350364081), np.float64(0.052599985289478825), np.float64(0.0811438408640053), np.float64(5.5689685897570445e-05), np.float64(4.623869908342236e-05), np.float64(0.0001408541483897601), np.float64(1.3915436411161472e-07), np.float64(1.385963770275807e-07), np.float64(1.706036945977071e-07), np.float64(1.3382578235211832e-07), np.float64(1.331218849198968e-07), np.float64(1.3206887267794e-07), np.float64(1.320604925086669e-07), np.float64(1.3197446451016795e-07), np.float64(1.3140021907003949e-07), np.float64(1.3127834141080347e-07), np.float64(1.281132151003414e-07), np.float64(1.2805815426034852e-07), np.float64(1.2799030266194458e-07), np.float64(1.278959893589265e-07), np.float64(1.2771427615918925e-07), np.float64(1.2739875652184003e-07), np.float64(1.27232251664676e-07), np.float64(1.271790915671127e-07), np.float64(1.2679953102270156e-07), np.float64(1.2677895676774929e-07), np.float64(1.2672372342577188e-07), np.float64(1.2654968423520622e-07), np.float64(1.2636533791797128e-07), np.float64(1.263165748778828e-07), np.float64(1.2621594868635836e-07), np.float64(5.419913501857905e-07), np.float64(1.259380366282465e-07), np.float64(1.2563200109208974e-07), np.float64(1.251757541232173e-07), np.float64(1.250073699119916e-07), np.float64(1.2499955437244917e-07), np.float64(1.2483979279681743e-07), np.float64(1.2466799879649434e-07), np.float64(1.2425242885641562e-07), np.float64(1.5210845091877308e-07), np.float64(1.2423215873514287e-07), np.float64(1.241377883785251e-07), np.float64(1.2411213535597288e-07), np.float64(1.2405920081762616e-07), np.float64(1.3715505294514609e-07), np.float64(1.2397577458816284e-07), np.float64(1.2369708197798702e-07), np.float64(1.236415765182657e-07), np.float64(1.2325216974626755e-07), np.float64(1.2270195277024628e-07), np.float64(1.2256363092621766e-07), np.float64(1.2222266505473876e-07), np.float64(1.2297311620148092e-07), np.float64(1.2210152671331344e-07), np.float64(1.2151102752920475e-07), np.float64(1.2099626786145876e-07), np.float64(1.198963946578094e-07), np.float64(1.1878605720811405e-07), np.float64(1.1805208594120494e-07), np.float64(1.1748487217483493e-07), np.float64(1.1514653720368152e-07), np.float64(1.0796358998823322e-07), np.float64(1.977789354629068e-07), np.float64(0.14193920293562998), np.float64(0.006345733837055193), np.float64(0.006825324424172444), np.float64(8.657323620481993e-05), np.float64(6.853887016053977e-05), np.float64(5.6036215257174786e-05), np.float64(5.1702473661967715e-05), np.float64(5.1701995445600574e-05), np.float64(5.170183621126042e-05), np.float64(5.17012955575341e-05), np.float64(5.172797524315336e-05), np.float64(5.1700821307117276e-05), np.float64(5.170052498835502e-05), np.float64(5.170042815048448e-05), np.float64(5.170036802517602e-05), np.float64(5.170036770014206e-05), np.float64(5.1700291163765295e-05), np.float64(5.1700130590578224e-05), np.float64(5.169985888733268e-05), np.float64(5.1699852656487246e-05), np.float64(5.400759866193407e-05), np.float64(5.1699740001102354e-05), np.float64(5.1699587891392415e-05), np.float64(5.1699471471584946e-05), np.float64(5.16988071674202e-05), np.float64(5.1698719539510614e-05), np.float64(5.1698405862389505e-05), np.float64(5.169834992258053e-05), np.float64(5.1698328600918996e-05), np.float64(5.169826770905055e-05), np.float64(5.16982264293472e-05), np.float64(5.1697774346359064e-05), np.float64(5.1697597293109696e-05), np.float64(5.1697521399536715e-05), np.float64(5.1697354016939275e-05), np.float64(5.1697351273929286e-05), np.float64(5.169714809150712e-05), np.float64(5.169690420416869e-05), np.float64(5.1696900336264744e-05), np.float64(5.169679771173497e-05), np.float64(5.1696722453487016e-05), np.float64(5.169650749248793e-05), np.float64(5.1696474724879417e-05), np.float64(5.1696401563570354e-05), np.float64(5.1696232081112935e-05), np.float64(5.169609523525726e-05), np.float64(5.169609482509727e-05), np.float64(5.1695996168856875e-05), np.float64(5.169595500801666e-05), np.float64(5.169567268873032e-05), np.float64(5.169525763990365e-05), np.float64(5.169509666792572e-05), np.float64(5.1694833900776966e-05), np.float64(5.169471917261454e-05), np.float64(5.1694556887356904e-05), np.float64(5.169416460794579e-05), np.float64(5.169379744473574e-05), np.float64(5.1693740281834864e-05), np.float64(5.1693492938203915e-05), np.float64(5.169296510069835e-05), np.float64(8.945191737322835e-05), np.float64(0.00034757474679515964), np.float64(0.0065318383250208435), np.float64(0.030287027496148856)]
Total probability = 8.5761
Success probability = 0.8125
Inconclusive probability = 4.0679

Traceback (most recent call last):
  File "/home/koova22/QSD/flow/test_similar_uqsd.py", line 164, in <module>
    gp_result = gp_minimize(
                ^^^^^^^^^^^^
  File "/home/koova22/miniconda3/envs/q1/lib/python3.12/site-packages/skopt/optimizer/gp.py", line 281, in gp_minimize
    return base_minimize(
           ^^^^^^^^^^^^^^
  File "/home/koova22/miniconda3/envs/q1/lib/python3.12/site-packages/skopt/optimizer/base.py", line 332, in base_minimize
    next_y = func(next_x)
             ^^^^^^^^^^^^
  File "/home/koova22/QSD/flow/test_similar_uqsd.py", line 39, in get_distrib
    mat = calculate_prob_matrix_simple(
          ^^^^^^^^^^^^^^^^^^^^^^^^^^^^^
  File "/home/koova22/QSD/flow/plots.py", line 147, in calculate_prob_matrix_simple
    probs = compute_event_probabilities_2(prior_probs[i], povm, states[i])
            ^^^^^^^^^^^^^^^^^^^^^^^^^^^^^^^^^^^^^^^^^^^^^^^^^^^^^^^^^^^^^^
  File "/home/koova22/QSD/flow/plots.py", line 57, in compute_event_probabilities_2
    assert trace_value.real >= -1e-3
           ^^^^^^^^^^^^^^^^^^^^^^^^^
AssertionError
